# Exported from MakeClothes (TM)
# author MRT
# license CC0
# homepage http://www.makehuman.org/
v 5.1315 2.7280 1.6984
v 5.0791 2.8084 1.6582
v 5.0816 2.7008 1.5744
v 5.1327 2.6835 1.6640
v 5.1093 2.7797 1.6960
v 5.0585 2.7972 1.6071
v 5.1121 2.6723 1.6129
v 5.0594 2.7526 1.5720
v 5.1542 2.7371 1.6901
v 5.1041 2.8184 1.6488
v 5.1124 2.7132 1.5629
v 5.1577 2.6935 1.6545
v 5.1321 2.7888 1.6877
v 5.0868 2.8085 1.5961
v 5.1404 2.6836 1.6019
v 5.0902 2.7649 1.5605
v 5.1485 2.7396 1.6784
v 5.1074 2.8062 1.6445
v 5.1142 2.7200 1.5742
v 5.1513 2.7039 1.6493
v 5.1303 2.7820 1.6765
v 5.0932 2.7981 1.6013
v 5.1371 2.6958 1.6061
v 5.0960 2.7624 1.5722
v 5.1277 2.7486 1.6365
v 5.1191 2.7626 1.6293
v 5.1205 2.7445 1.6146
v 5.1283 2.7411 1.6303
v 5.1239 2.7575 1.6360
v 5.1161 2.7609 1.6203
v 5.1253 2.7394 1.6213
v 5.1167 2.7534 1.6142
v 5.1222 2.7510 1.6253
v 5.1443 2.7414 1.6700
v 5.1402 2.7432 1.6616
v 5.1360 2.7450 1.6532
v 5.1319 2.7468 1.6448
v 5.1329 2.7337 1.6341
v 5.1375 2.7262 1.6379
v 5.1421 2.7188 1.6417
v 5.1467 2.7113 1.6455
v 5.1001 2.7606 1.5806
v 5.1043 2.7588 1.5890
v 5.1084 2.7570 1.5974
v 5.1126 2.7552 1.6058
v 5.1115 2.7683 1.6165
v 5.1069 2.7758 1.6127
v 5.1023 2.7832 1.6089
v 5.0978 2.7907 1.6051
v 5.1347 2.7045 1.6091
v 5.1324 2.7132 1.6122
v 5.1300 2.7220 1.6152
v 5.1277 2.7307 1.6182
v 5.1252 2.7624 1.6441
v 5.1265 2.7673 1.6522
v 5.1277 2.7722 1.6603
v 5.1290 2.7771 1.6684
v 5.1154 2.7249 1.5823
v 5.1167 2.7298 1.5903
v 5.1180 2.7347 1.5984
v 5.1193 2.7396 1.6065
v 5.1097 2.7975 1.6415
v 5.1121 2.7888 1.6385
v 5.1144 2.7800 1.6354
v 5.1168 2.7713 1.6324
v 5.2230 2.6316 1.8250
v 5.1706 2.7120 1.7848
v 5.1731 2.6045 1.7010
v 5.2241 2.5872 1.7906
v 5.2008 2.6834 1.8226
v 5.1500 2.7008 1.7337
v 5.2036 2.5760 1.7395
v 5.1509 2.6562 1.6986
v 5.2457 2.6407 1.8167
v 5.1956 2.7220 1.7753
v 5.2039 2.6168 1.6895
v 5.2492 2.5971 1.7811
v 5.2235 2.6924 1.8143
v 5.1783 2.7121 1.7227
v 5.2318 2.5873 1.7285
v 5.1817 2.6686 1.6871
v 5.2400 2.6432 1.8050
v 5.1988 2.7099 1.7711
v 5.2057 2.6236 1.7008
v 5.2428 2.6075 1.7759
v 5.2218 2.6856 1.8031
v 5.1846 2.7018 1.7279
v 5.2286 2.5994 1.7327
v 5.1875 2.6660 1.6988
v 5.2192 2.6522 1.7630
v 5.2106 2.6662 1.7559
v 5.2120 2.6481 1.7412
v 5.2198 2.6447 1.7569
v 5.2154 2.6611 1.7626
v 5.2076 2.6645 1.7469
v 5.2168 2.6430 1.7479
v 5.2082 2.6570 1.7408
v 5.2137 2.6546 1.7519
v 5.2358 2.6450 1.7966
v 5.2317 2.6468 1.7882
v 5.2275 2.6486 1.7798
v 5.2234 2.6504 1.7714
v 5.2244 2.6373 1.7607
v 5.2290 2.6298 1.7645
v 5.2336 2.6224 1.7683
v 5.2382 2.6149 1.7721
v 5.1916 2.6642 1.7072
v 5.1958 2.6624 1.7156
v 5.1999 2.6606 1.7240
v 5.2041 2.6588 1.7324
v 5.2030 2.6720 1.7431
v 5.1984 2.6794 1.7393
v 5.1938 2.6869 1.7355
v 5.1892 2.6943 1.7317
v 5.2262 2.6081 1.7357
v 5.2239 2.6169 1.7388
v 5.2215 2.6256 1.7418
v 5.2192 2.6343 1.7448
v 5.2167 2.6660 1.7707
v 5.2179 2.6709 1.7788
v 5.2192 2.6758 1.7869
v 5.2205 2.6807 1.7950
v 5.2069 2.6285 1.7088
v 5.2082 2.6334 1.7169
v 5.2095 2.6383 1.7250
v 5.2107 2.6432 1.7331
v 5.2012 2.7011 1.7681
v 5.2035 2.6924 1.7651
v 5.2059 2.6837 1.7620
v 5.2082 2.6749 1.7590
v 5.0400 2.8244 1.5718
v 4.9876 2.9048 1.5316
v 4.9901 2.7972 1.4478
v 5.0412 2.7799 1.5374
v 5.0178 2.8761 1.5694
v 4.9670 2.8936 1.4805
v 5.0206 2.7687 1.4863
v 4.9679 2.8489 1.4454
v 5.0628 2.8334 1.5635
v 5.0126 2.9147 1.5222
v 5.0209 2.8096 1.4363
v 5.0662 2.7899 1.5280
v 5.0406 2.8852 1.5611
v 4.9953 2.9048 1.4695
v 5.0489 2.7800 1.4753
v 4.9987 2.8613 1.4339
v 5.0570 2.8360 1.5518
v 5.0159 2.9026 1.5179
v 5.0227 2.8164 1.4476
v 5.0598 2.8002 1.5227
v 5.0388 2.8783 1.5499
v 5.0017 2.8945 1.4748
v 5.0456 2.7921 1.4795
v 5.0045 2.8588 1.4456
v 5.0363 2.8450 1.5099
v 5.0276 2.8590 1.5028
v 5.0291 2.8409 1.4880
v 5.0368 2.8375 1.5037
v 5.0324 2.8539 1.5094
v 5.0247 2.8573 1.4937
v 5.0339 2.8358 1.4947
v 5.0252 2.8498 1.4876
v 5.0307 2.8474 1.4987
v 5.0529 2.8378 1.5434
v 5.0487 2.8396 1.5350
v 5.0446 2.8414 1.5267
v 5.0404 2.8432 1.5183
v 5.0414 2.8300 1.5075
v 5.0460 2.8226 1.5113
v 5.0506 2.8151 1.5151
v 5.0552 2.8077 1.5189
v 5.0086 2.8570 1.4540
v 5.0128 2.8552 1.4624
v 5.0169 2.8534 1.4708
v 5.0211 2.8516 1.4792
v 5.0201 2.8647 1.4899
v 5.0155 2.8721 1.4861
v 5.0109 2.8796 1.4823
v 5.0063 2.8870 1.4785
v 5.0433 2.8009 1.4825
v 5.0409 2.8096 1.4856
v 5.0386 2.8183 1.4886
v 5.0362 2.8271 1.4917
v 5.0337 2.8588 1.5175
v 5.0350 2.8637 1.5256
v 5.0363 2.8686 1.5337
v 5.0375 2.8735 1.5418
v 5.0240 2.8213 1.4557
v 5.0252 2.8262 1.4637
v 5.0265 2.8311 1.4718
v 5.0278 2.8360 1.4799
v 5.0182 2.8939 1.5149
v 5.0206 2.8851 1.5119
v 5.0229 2.8764 1.5088
v 5.0253 2.8677 1.5058
v -5.0743 2.7175 1.7624
v -5.0250 2.7988 1.7201
v -5.0290 2.6913 1.6364
v -5.0761 2.6730 1.7280
v -5.0532 2.7696 1.7591
v -5.0064 2.7880 1.6682
v -5.0574 2.6622 1.6761
v -5.0079 2.7434 1.6332
v -5.0975 2.7262 1.7550
v -5.0506 2.8084 1.7117
v -5.0605 2.7031 1.6262
v -5.1017 2.6826 1.7196
v -5.0764 2.7783 1.7517
v -5.0352 2.7988 1.6584
v -5.0863 2.6730 1.6662
v -5.0393 2.7552 1.6230
v -5.0923 2.7288 1.7431
v -5.0538 2.7962 1.7076
v -5.0619 2.7099 1.6375
v -5.0957 2.6930 1.7141
v -5.0750 2.7715 1.7404
v -5.0412 2.7883 1.6639
v -5.0831 2.6852 1.6703
v -5.0446 2.7526 1.6349
v -5.0734 2.7382 1.7003
v -5.0654 2.7523 1.6929
v -5.0671 2.7342 1.6782
v -5.0742 2.7307 1.6942
v -5.0698 2.7471 1.6998
v -5.0627 2.7507 1.6837
v -5.0715 2.7290 1.6851
v -5.0634 2.7432 1.6776
v -5.0684 2.7407 1.6890
v -5.0885 2.7307 1.7346
v -5.0848 2.7325 1.7260
v -5.0810 2.7344 1.7174
v -5.0772 2.7363 1.7089
v -5.0785 2.7232 1.6982
v -5.0828 2.7156 1.7022
v -5.0871 2.7081 1.7061
v -5.0914 2.7006 1.7101
v -5.0484 2.7507 1.6434
v -5.0521 2.7488 1.6520
v -5.0559 2.7469 1.6605
v -5.0597 2.7451 1.6691
v -5.0584 2.7582 1.6798
v -5.0541 2.7657 1.6758
v -5.0498 2.7733 1.6718
v -5.0455 2.7808 1.6679
v -5.0808 2.6940 1.6733
v -5.0785 2.7027 1.6762
v -5.0761 2.7115 1.6792
v -5.0738 2.7203 1.6821
v -5.0708 2.7520 1.7079
v -5.0719 2.7569 1.7160
v -5.0729 2.7618 1.7242
v -5.0739 2.7666 1.7323
v -5.0630 2.7147 1.6457
v -5.0640 2.7196 1.6538
v -5.0650 2.7245 1.6619
v -5.0660 2.7293 1.6701
v -5.0561 2.7874 1.7047
v -5.0584 2.7786 1.7017
v -5.0607 2.7699 1.6988
v -5.0631 2.7611 1.6958
v -5.1589 2.6195 1.8925
v -5.1095 2.7008 1.8502
v -5.1135 2.5933 1.7665
v -5.1606 2.5750 1.8581
v -5.1377 2.6716 1.8892
v -5.0909 2.6900 1.7984
v -5.1420 2.5642 1.8062
v -5.0924 2.6454 1.7633
v -5.1821 2.6282 1.8851
v -5.1351 2.7103 1.8419
v -5.1450 2.6051 1.7563
v -5.1862 2.5846 1.8497
v -5.1609 2.6803 1.8819
v -5.1198 2.7008 1.7885
v -5.1708 2.5750 1.7964
v -5.1239 2.6572 1.7531
v -5.1768 2.6308 1.8732
v -5.1383 2.6982 1.8378
v -5.1465 2.6119 1.7677
v -5.1802 2.5950 1.8442
v -5.1595 2.6735 1.8706
v -5.1257 2.6903 1.7940
v -5.1676 2.5872 1.8005
v -5.1291 2.6546 1.7650
v -5.1580 2.6402 1.8305
v -5.1499 2.6543 1.8230
v -5.1516 2.6362 1.8083
v -5.1587 2.6327 1.8244
v -5.1543 2.6491 1.8299
v -5.1473 2.6527 1.8138
v -5.1560 2.6310 1.8152
v -5.1480 2.6452 1.8078
v -5.1530 2.6427 1.8191
v -5.1731 2.6327 1.8647
v -5.1693 2.6345 1.8561
v -5.1655 2.6364 1.8476
v -5.1617 2.6383 1.8390
v -5.1630 2.6252 1.8283
v -5.1673 2.6176 1.8323
v -5.1716 2.6101 1.8363
v -5.1759 2.6026 1.8402
v -5.1329 2.6527 1.7735
v -5.1367 2.6508 1.7821
v -5.1404 2.6489 1.7907
v -5.1442 2.6470 1.7992
v -5.1430 2.6602 1.8099
v -5.1387 2.6677 1.8059
v -5.1343 2.6753 1.8020
v -5.1300 2.6828 1.7980
v -5.1653 2.5960 1.8034
v -5.1630 2.6047 1.8064
v -5.1607 2.6135 1.8093
v -5.1584 2.6223 1.8123
v -5.1554 2.6540 1.8380
v -5.1564 2.6589 1.8462
v -5.1574 2.6638 1.8543
v -5.1585 2.6686 1.8624
v -5.1475 2.6167 1.7758
v -5.1485 2.6216 1.7839
v -5.1495 2.6265 1.7921
v -5.1506 2.6313 1.8002
v -5.1406 2.6894 1.8348
v -5.1430 2.6806 1.8319
v -5.1453 2.6718 1.8289
v -5.1476 2.6631 1.8260
v -4.9898 2.8155 1.6322
v -4.9405 2.8968 1.5900
v -4.9445 2.7893 1.5063
v -4.9916 2.7710 1.5979
v -4.9687 2.8676 1.6290
v -4.9218 2.8860 1.5381
v -4.9729 2.7602 1.5460
v -4.9233 2.8414 1.5030
v -5.0130 2.8242 1.6249
v -4.9661 2.9064 1.5816
v -4.9760 2.8011 1.4961
v -5.0171 2.7806 1.5895
v -4.9919 2.8763 1.6216
v -4.9507 2.8968 1.5283
v -5.0018 2.7710 1.5361
v -4.9548 2.8532 1.4928
v -5.0078 2.8268 1.6130
v -4.9693 2.8942 1.5775
v -4.9774 2.8079 1.5074
v -5.0111 2.7910 1.5839
v -4.9904 2.8695 1.6103
v -4.9567 2.8863 1.5338
v -4.9986 2.7832 1.5402
v -4.9601 2.8506 1.5047
v -4.9889 2.8362 1.5702
v -4.9808 2.8503 1.5628
v -4.9826 2.8322 1.5481
v -4.9896 2.8287 1.5641
v -4.9853 2.8451 1.5697
v -4.9782 2.8487 1.5536
v -4.9870 2.8270 1.5550
v -4.9789 2.8412 1.5475
v -4.9839 2.8387 1.5589
v -5.0040 2.8287 1.6044
v -5.0002 2.8305 1.5959
v -4.9965 2.8324 1.5873
v -4.9927 2.8343 1.5788
v -4.9939 2.8212 1.5681
v -4.9982 2.8136 1.5721
v -5.0025 2.8061 1.5760
v -5.0068 2.7986 1.5800
v -4.9638 2.8487 1.5133
v -4.9676 2.8468 1.5218
v -4.9714 2.8449 1.5304
v -4.9751 2.8431 1.5390
v -4.9739 2.8562 1.5496
v -4.9696 2.8637 1.5457
v -4.9653 2.8713 1.5417
v -4.9610 2.8788 1.5377
v -4.9962 2.7920 1.5432
v -4.9939 2.8007 1.5461
v -4.9916 2.8095 1.5491
v -4.9893 2.8183 1.5520
v -4.9863 2.8500 1.5778
v -4.9873 2.8549 1.5859
v -4.9884 2.8598 1.5941
v -4.9894 2.8646 1.6022
v -4.9784 2.8127 1.5155
v -4.9795 2.8176 1.5237
v -4.9805 2.8225 1.5318
v -4.9815 2.8273 1.5399
v -4.9716 2.8854 1.5746
v -4.9739 2.8766 1.5716
v -4.9762 2.8679 1.5687
v -4.9785 2.8591 1.5657
v 0.0822 6.5270 0.9335
v 0.0816 6.4840 0.9339
v 0.1476 6.4841 0.9161
v 0.1483 6.5278 0.9143
v 0.0790 6.4456 0.9345
v 0.1434 6.4451 0.9176
v 0.0828 6.5706 0.9338
v 0.0839 6.6092 0.9350
v 0.1492 6.5718 0.9125
v 0.1508 6.6106 0.9115
v -0.0010 6.5702 0.9420
v -0.0013 6.5265 0.9399
v -0.0007 6.6090 0.9448
v -0.0017 6.4835 0.9391
v -0.0022 6.4451 0.9391
v -0.0848 6.5270 0.9335
v -0.0848 6.5706 0.9339
v -0.0853 6.6092 0.9350
v -0.1511 6.5718 0.9125
v -0.1508 6.5280 0.9143
v -0.1522 6.6107 0.9115
v -0.0849 6.4841 0.9339
v -0.0834 6.4456 0.9345
v -0.1509 6.4845 0.9161
v -0.1477 6.4456 0.9176
v 0.0830 6.6623 0.9349
v 0.0842 6.6398 0.9359
v 0.1503 6.6418 0.9115
v 0.1473 6.6640 0.9114
v 0.0818 6.6770 0.9313
v 0.0819 6.6862 0.9246
v 0.1429 6.6777 0.9099
v 0.1364 6.6853 0.9081
v -0.0003 6.6780 0.9397
v -0.0004 6.6624 0.9449
v -0.0003 6.6879 0.9309
v -0.0005 6.6399 0.9463
v -0.0838 6.6623 0.9349
v -0.0824 6.6770 0.9313
v -0.0824 6.6862 0.9246
v -0.1435 6.6778 0.9099
v -0.1480 6.6640 0.9114
v -0.1369 6.6853 0.9081
v -0.0852 6.6398 0.9359
v -0.1513 6.6418 0.9115
v 0.0282 6.2844 0.9312
v -0.0069 6.2836 0.9351
v 0.0265 6.2808 0.9297
v -0.0069 6.2800 0.9336
v 0.0549 6.2871 0.9156
v 0.0519 6.2833 0.9149
v -0.0418 6.2844 0.9312
v -0.0402 6.2808 0.9297
v -0.0680 6.2871 0.9155
v -0.0652 6.2833 0.9149
v 0.0633 6.3805 0.9346
v 0.0727 6.4115 0.9349
v -0.0030 6.4109 0.9391
v -0.0040 6.3798 0.9384
v 0.0526 6.3526 0.9335
v 0.0436 6.3286 0.9328
v -0.0050 6.3518 0.9371
v -0.0057 6.3277 0.9363
v 0.0982 6.3541 0.9174
v 0.1167 6.3810 0.9183
v 0.0823 6.3308 0.9166
v 0.1330 6.4111 0.9184
v -0.0712 6.3805 0.9346
v -0.0624 6.3526 0.9336
v -0.0550 6.3285 0.9328
v -0.1242 6.3812 0.9183
v -0.1075 6.3543 0.9173
v -0.0930 6.3308 0.9165
v -0.0787 6.4115 0.9349
v -0.1387 6.4116 0.9184
v 0.0336 6.2963 0.9338
v 0.0376 6.3094 0.9334
v -0.0063 6.3086 0.9372
v -0.0066 6.2955 0.9378
v 0.0305 6.2887 0.9328
v -0.0068 6.2879 0.9368
v 0.0591 6.2915 0.9164
v 0.0644 6.2990 0.9170
v 0.0715 6.3120 0.9167
v -0.0467 6.2963 0.9339
v -0.0440 6.2887 0.9329
v -0.0769 6.2990 0.9169
v -0.0719 6.2915 0.9164
v -0.0500 6.3094 0.9334
v -0.0833 6.3120 0.9167
v 0.0777 6.6960 0.8995
v 0.0873 6.6927 0.9114
v 0.1466 6.6877 0.8965
v 0.1414 6.6894 0.8848
v 0.0857 6.6975 0.8851
v 0.0904 6.6982 0.8729
v 0.1518 6.6907 0.8698
v 0.1574 6.6914 0.8561
v -0.0002 6.6981 0.8915
v -0.0002 6.6966 0.9052
v -0.0002 6.6988 0.8811
v -0.0002 6.6934 0.9188
v -0.0781 6.6960 0.8995
v -0.0861 6.6975 0.8851
v -0.0908 6.6982 0.8729
v -0.1522 6.6907 0.8698
v -0.1418 6.6894 0.8848
v -0.1579 6.6914 0.8561
v -0.0878 6.6927 0.9114
v -0.1471 6.6877 0.8965
v 0.1783 6.6669 0.8787
v 0.1849 6.6680 0.8618
v 0.1749 6.6823 0.8639
v 0.1697 6.6810 0.8798
v 0.1876 6.6682 0.8479
v 0.1768 6.6826 0.8507
v 0.1600 6.6794 0.8954
v 0.1667 6.6655 0.8957
v 0.1706 6.6435 0.8954
v 0.1826 6.6450 0.8781
v 0.1714 6.6118 0.8956
v 0.1835 6.6128 0.8786
v 0.1894 6.6460 0.8610
v 0.1924 6.6460 0.8473
v 0.1904 6.6137 0.8619
v 0.1934 6.6138 0.8486
v -0.1790 6.6669 0.8787
v -0.1835 6.6450 0.8781
v -0.1715 6.6435 0.8954
v -0.1674 6.6655 0.8957
v -0.1848 6.6129 0.8786
v -0.1727 6.6118 0.8956
v -0.1606 6.6794 0.8954
v -0.1702 6.6810 0.8798
v -0.1754 6.6823 0.8639
v -0.1855 6.6680 0.8618
v -0.1773 6.6826 0.8507
v -0.1882 6.6682 0.8479
v -0.1903 6.6460 0.8610
v -0.1916 6.6137 0.8619
v -0.1932 6.6460 0.8473
v -0.1946 6.6138 0.8486
v 0.1812 6.5292 0.8830
v 0.1689 6.5285 0.8994
v 0.1680 6.4844 0.9016
v 0.1801 6.4849 0.8855
v 0.1633 6.4450 0.9034
v 0.1751 6.4454 0.8876
v 0.1869 6.4855 0.8696
v 0.1883 6.5299 0.8668
v 0.1899 6.4864 0.8567
v 0.1915 6.5305 0.8538
v 0.1816 6.4461 0.8719
v 0.1842 6.4472 0.8591
v 0.1893 6.5743 0.8641
v 0.1823 6.5735 0.8805
v 0.1925 6.5746 0.8509
v 0.1699 6.5727 0.8972
v -0.1836 6.5294 0.8830
v -0.1840 6.5736 0.8805
v -0.1910 6.5743 0.8641
v -0.1907 6.5301 0.8668
v -0.1943 6.5746 0.8509
v -0.1939 6.5306 0.8538
v -0.1901 6.4860 0.8696
v -0.1833 6.4853 0.8855
v -0.1857 6.4468 0.8719
v -0.1792 6.4461 0.8876
v -0.1930 6.4869 0.8567
v -0.1882 6.4478 0.8591
v -0.1712 6.4848 0.9016
v -0.1714 6.5286 0.8994
v -0.1676 6.4456 0.9034
v -0.1717 6.5727 0.8972
v 0.0665 6.2908 0.8900
v 0.0626 6.2889 0.9035
v 0.0594 6.2850 0.9038
v 0.0634 6.2866 0.8916
v 0.0680 6.2926 0.8765
v 0.0684 6.2940 0.8661
v 0.0652 6.2881 0.8798
v 0.0660 6.2890 0.8712
v -0.0788 6.2908 0.8899
v -0.0798 6.2926 0.8765
v -0.0798 6.2940 0.8661
v -0.0773 6.2881 0.8798
v -0.0759 6.2866 0.8915
v -0.0777 6.2891 0.8712
v -0.0753 6.2889 0.9034
v -0.0722 6.2850 0.9037
v 0.0777 6.3031 0.8882
v 0.0792 6.3052 0.8725
v 0.0888 6.3180 0.8725
v 0.0866 6.3158 0.8881
v 0.1033 6.3363 0.8732
v 0.1002 6.3343 0.8884
v 0.0794 6.3072 0.8600
v 0.0895 6.3201 0.8600
v 0.1047 6.3382 0.8608
v 0.0814 6.3138 0.9033
v 0.0732 6.3010 0.9035
v 0.0937 6.3324 0.9034
v 0.0672 6.2934 0.9035
v 0.0713 6.2955 0.8888
v 0.0727 6.2975 0.8739
v 0.0728 6.2992 0.8620
v -0.0893 6.3031 0.8881
v -0.0833 6.2955 0.8887
v -0.0796 6.2935 0.9034
v -0.0853 6.3010 0.9034
v -0.0928 6.3138 0.9033
v -0.0976 6.3159 0.8881
v -0.1041 6.3324 0.9033
v -0.1102 6.3343 0.8884
v -0.0993 6.3180 0.8725
v -0.0903 6.3052 0.8725
v -0.0996 6.3201 0.8599
v -0.0901 6.3072 0.8600
v -0.1129 6.3364 0.8731
v -0.1140 6.3383 0.8607
v -0.0841 6.2975 0.8738
v -0.0839 6.2992 0.8620
v 0.1428 6.3824 0.8891
v 0.1480 6.3836 0.8736
v 0.1687 6.4126 0.8732
v 0.1626 6.4117 0.8888
v 0.1500 6.3850 0.8610
v 0.1709 6.4138 0.8605
v 0.1516 6.4111 0.9045
v 0.1332 6.3814 0.9046
v 0.1120 6.3553 0.9040
v 0.1199 6.3567 0.8889
v 0.1241 6.3584 0.8735
v 0.1259 6.3601 0.8611
v -0.1497 6.3828 0.8891
v -0.1285 6.3569 0.8888
v -0.1209 6.3554 0.9039
v -0.1404 6.3818 0.9045
v -0.1572 6.4117 0.9044
v -0.1680 6.4123 0.8888
v -0.1739 6.4133 0.8732
v -0.1547 6.3841 0.8736
v -0.1760 6.4144 0.8605
v -0.1564 6.3855 0.8610
v -0.1323 6.3586 0.8735
v -0.1338 6.3603 0.8611
v -0.0984 6.2257 0.9217
v -0.1054 6.2291 0.8791
v -0.1031 6.2274 0.9057
v -0.1049 6.2287 0.8906
v 0.0911 6.2293 0.8791
v 0.0901 6.2289 0.8906
v 0.0878 6.2276 0.9058
v 0.0824 6.2259 0.9217
v -0.0889 6.2237 0.9367
v -0.0546 6.2208 0.9570
v 0.0724 6.2239 0.9367
v -0.0087 6.2201 0.9622
v 0.0374 6.2209 0.9569
v 0.0314 6.2462 0.9429
v -0.0080 6.2455 0.9475
v 0.0612 6.2491 0.9258
v -0.0471 6.2462 0.9430
v -0.0762 6.2490 0.9257
v 0.0697 6.2510 0.9130
v 0.0743 6.2527 0.8995
v 0.0764 6.2540 0.8867
v 0.0776 6.2545 0.8768
v -0.0901 6.2539 0.8866
v -0.0884 6.2526 0.8994
v -0.0909 6.2544 0.8768
v -0.0843 6.2509 0.9130
v -0.0743 6.2693 0.9073
v -0.0812 6.2726 0.8757
v -0.0782 6.2709 0.8955
v -0.0801 6.2721 0.8844
v 0.0687 6.2726 0.8757
v 0.0673 6.2721 0.8844
v 0.0650 6.2709 0.8956
v 0.0607 6.2694 0.9073
v -0.0671 6.2676 0.9183
v -0.0416 6.2650 0.9332
v 0.0531 6.2677 0.9183
v -0.0074 6.2642 0.9370
v 0.0270 6.2650 0.9331
v 0.0259 6.2758 0.9297
v -0.0399 6.2758 0.9297
v 0.0643 6.2827 0.8822
v 0.0510 6.2783 0.9155
v -0.0714 6.2799 0.9047
v -0.0774 6.2834 0.8735
v 0.0583 6.2799 0.9047
v -0.0071 6.2750 0.9334
v 0.0654 6.2833 0.8735
v -0.0750 6.2814 0.8932
v -0.0644 6.2783 0.9154
v -0.0767 6.2827 0.8821
v 0.0623 6.2814 0.8932
v -0.1136 6.1945 0.9329
v -0.1223 6.1973 0.8840
v -0.1193 6.1960 0.9146
v -0.1216 6.1970 0.8973
v 0.1067 6.1977 0.8840
v 0.1055 6.1974 0.8974
v 0.1025 6.1964 0.9147
v 0.0962 6.1949 0.9330
v -0.1025 6.1927 0.9501
v -0.0628 6.1901 0.9732
v 0.0844 6.1932 0.9502
v -0.0097 6.1895 0.9792
v 0.0437 6.1903 0.9732
v -0.1307 6.1580 0.9461
v -0.1406 6.1595 0.8901
v -0.1372 6.1590 0.9252
v -0.1398 6.1596 0.9054
v 0.1235 6.1601 0.8901
v 0.1222 6.1602 0.9054
v 0.1188 6.1597 0.9253
v 0.1114 6.1587 0.9462
v -0.1179 6.1567 0.9658
v -0.0720 6.1547 0.9923
v 0.0978 6.1574 0.9659
v -0.0108 6.1544 0.9991
v 0.0508 6.1551 0.9922
v -0.1481 6.1175 0.9608
v -0.1587 6.1171 0.8963
v -0.1554 6.1178 0.9368
v -0.1582 6.1177 0.9139
v 0.1402 6.1179 0.8963
v 0.1389 6.1185 0.9139
v 0.1352 6.1188 0.9367
v 0.1270 6.1185 0.9607
v -0.1336 6.1168 0.9834
v -0.0814 6.1157 1.0136
v 0.1115 6.1178 0.9833
v -0.0119 6.1156 1.0214
v 0.0580 6.1162 1.0135
v -0.1630 6.0742 0.9790
v -0.1745 6.0711 0.9043
v -0.1710 6.0735 0.9513
v -0.1740 6.0725 0.9246
v 0.1542 6.0719 0.9033
v 0.1529 6.0734 0.9231
v 0.1489 6.0745 0.9490
v 0.1398 6.0752 0.9764
v -0.1470 6.0743 1.0045
v -0.0896 6.0740 1.0373
v 0.1228 6.0752 1.0020
v -0.0131 6.0740 1.0455
v 0.0638 6.0744 1.0364
v -0.1751 6.0285 1.0035
v -0.1875 6.0225 0.9174
v -0.1836 6.0268 0.9721
v -0.1868 6.0246 0.9413
v 0.1654 6.0230 0.9121
v 0.1637 6.0252 0.9344
v 0.1593 6.0275 0.9637
v 0.1496 6.0292 0.9946
v -0.1578 6.0296 1.0321
v -0.0963 6.0303 1.0659
v 0.1313 6.0302 1.0236
v -0.0144 6.0304 1.0726
v 0.0680 6.0306 1.0623
v -0.1866 5.9807 1.0331
v -0.2000 5.9716 0.9348
v -0.1957 5.9777 0.9980
v -0.1991 5.9745 0.9629
v 0.1757 5.9718 0.9238
v 0.1737 5.9748 0.9491
v 0.1689 5.9781 0.9823
v 0.1585 5.9810 1.0173
v -0.1682 5.9828 1.0645
v -0.1027 5.9846 1.0990
v 0.1389 5.9831 1.0499
v -0.0158 5.9847 1.1043
v 0.0716 5.9847 1.0930
v -0.2000 5.9296 1.0645
v -0.2141 5.9179 0.9534
v -0.2097 5.9257 1.0253
v -0.2131 5.9216 0.9856
v 0.1875 5.9180 0.9388
v 0.1852 5.9217 0.9676
v 0.1801 5.9258 1.0092
v 0.1689 5.9297 1.0558
v -0.1803 5.9326 1.0985
v -0.1103 5.9353 1.1349
v 0.1478 5.9327 1.0925
v -0.0176 5.9354 1.1412
v 0.0757 5.9353 1.1314
v -0.2151 5.8741 1.0958
v -0.2294 5.8605 0.9719
v -0.2253 5.8695 1.0519
v -0.2288 5.8646 1.0077
v 0.2006 5.8605 0.9577
v 0.1982 5.8647 0.9937
v 0.1926 5.8695 1.0499
v 0.1805 5.8741 1.1053
v -0.1941 5.8777 1.1331
v -0.1192 5.8810 1.1737
v 0.1577 5.8777 1.1464
v -0.0200 5.8810 1.1827
v 0.0801 5.8809 1.1746
v -0.2289 5.8142 1.1250
v -0.2434 5.7996 0.9925
v -0.2395 5.8092 1.0774
v -0.2430 5.8039 1.0304
v 0.2120 5.7996 0.9814
v 0.2094 5.8040 1.0191
v 0.2033 5.8092 1.0833
v 0.1904 5.8142 1.1472
v -0.2069 5.8183 1.1656
v -0.1280 5.8219 1.2131
v 0.1661 5.8182 1.1918
v -0.0229 5.8220 1.2258
v 0.0836 5.8218 1.2173
v -0.2393 5.7516 1.1538
v -0.2536 5.7370 1.0149
v -0.2499 5.7465 1.1033
v -0.2532 5.7412 1.0537
v 0.2188 5.7369 1.0096
v 0.2159 5.7412 1.0483
v 0.2097 5.7464 1.1115
v 0.1964 5.7516 1.1681
v -0.2168 5.7558 1.1982
v -0.1352 5.7597 1.2535
v 0.1714 5.7557 1.2152
v -0.0258 5.7598 1.2676
v 0.0856 5.7595 1.2560
v -0.2478 5.6879 1.1862
v -0.2607 5.6736 1.0418
v -0.2579 5.6828 1.1332
v -0.2607 5.6777 1.0816
v 0.2214 5.6736 1.0401
v 0.2184 5.6777 1.0800
v 0.2125 5.6828 1.1348
v 0.1996 5.6879 1.1974
v -0.2252 5.6921 1.2337
v -0.1416 5.6960 1.2920
v 0.1746 5.6920 1.2463
v -0.0284 5.6962 1.3073
v 0.0869 5.6960 1.2964
v -0.2571 5.6215 1.2194
v -0.2677 5.6077 1.0719
v -0.2667 5.6166 1.1650
v -0.2684 5.6117 1.1123
v 0.2218 5.6077 1.0716
v 0.2193 5.6118 1.1130
v 0.2143 5.6167 1.1793
v 0.2023 5.6217 1.2466
v -0.2344 5.6256 1.2687
v -0.1485 5.6296 1.3290
v 0.1776 5.6259 1.2985
v -0.0312 5.6299 1.3464
v 0.0882 5.6298 1.3382
v -0.2681 5.5485 1.2529
v -0.2763 5.5358 1.1031
v -0.2772 5.5438 1.1976
v -0.2780 5.5393 1.1442
v 0.2220 5.5359 1.1045
v 0.2204 5.5396 1.1472
v 0.2166 5.5442 1.2149
v 0.2053 5.5491 1.2848
v -0.2450 5.5527 1.3037
v -0.1561 5.5568 1.3668
v 0.1854 5.5533 1.3386
v -0.0344 5.5572 1.3865
v 0.0942 5.5574 1.3794
v -0.2781 5.4702 1.2889
v -0.2851 5.4591 1.1353
v -0.2870 5.4657 1.2316
v -0.2874 5.4617 1.1770
v 0.2230 5.4593 1.1387
v 0.2221 5.4620 1.1822
v 0.2188 5.4662 1.2438
v 0.2196 5.4708 1.3039
v -0.2545 5.4744 1.3417
v -0.1630 5.4786 1.4077
v 0.2067 5.4750 1.3597
v -0.0376 5.4790 1.4259
v 0.1133 5.4792 1.4184
v -0.2840 5.3938 1.3286
v -0.2907 5.3844 1.1690
v -0.2929 5.3896 1.2689
v -0.2931 5.3861 1.2124
v 0.2241 5.3846 1.1717
v 0.2232 5.3864 1.2152
v 0.2196 5.3899 1.2722
v 0.2188 5.3942 1.3363
v -0.2601 5.3979 1.3832
v -0.1672 5.4022 1.4491
v 0.2063 5.3983 1.3961
v -0.0400 5.4024 1.4610
v 0.1117 5.4025 1.4540
v -0.2848 5.3240 1.3663
v -0.2918 5.3154 1.2023
v -0.2935 5.3199 1.3051
v -0.2938 5.3169 1.2470
v 0.2247 5.3156 1.2017
v 0.2233 5.3171 1.2439
v 0.2187 5.3202 1.2993
v 0.2118 5.3241 1.3648
v -0.2610 5.3281 1.4218
v -0.1675 5.3324 1.4863
v 0.1899 5.3282 1.4330
v -0.0407 5.3324 1.4913
v 0.0951 5.3324 1.4908
v -0.2805 5.2575 1.4004
v -0.2886 5.2493 1.2343
v -0.2893 5.2535 1.3387
v -0.2899 5.2507 1.2797
v 0.2250 5.2493 1.2292
v 0.2227 5.2508 1.2697
v 0.2171 5.2536 1.3226
v 0.2069 5.2574 1.3956
v -0.2567 5.2616 1.4562
v -0.1636 5.2659 1.5197
v 0.1867 5.2614 1.4640
v -0.0387 5.2658 1.5196
v 0.0935 5.2656 1.5272
v -0.2715 5.1899 1.4327
v -0.2820 5.1821 1.2654
v -0.2808 5.1860 1.3706
v -0.2824 5.1833 1.3112
v 0.2260 5.1820 1.2560
v 0.2231 5.1832 1.2952
v 0.2168 5.1859 1.3466
v 0.2066 5.1896 1.4164
v -0.2478 5.1940 1.4886
v -0.1555 5.1983 1.5514
v 0.1864 5.1936 1.4812
v -0.0331 5.1982 1.5487
v 0.0955 5.1979 1.5495
v -0.2615 5.1215 1.4628
v -0.2737 5.1140 1.2952
v -0.2705 5.1177 1.4009
v -0.2730 5.1151 1.3414
v 0.2286 5.1139 1.2831
v 0.2256 5.1150 1.3216
v 0.2194 5.1176 1.3719
v 0.2074 5.1213 1.4328
v -0.2388 5.1256 1.5184
v -0.1477 5.1300 1.5808
v 0.1841 5.1253 1.4865
v -0.0249 5.1299 1.5781
v 0.0954 5.1297 1.5562
v -0.2565 5.0536 1.4886
v -0.2654 5.0458 1.3227
v -0.2629 5.0497 1.4275
v -0.2642 5.0470 1.3686
v 0.2327 5.0457 1.3097
v 0.2301 5.0470 1.3483
v 0.2243 5.0497 1.3985
v 0.2115 5.0535 1.4518
v -0.2353 5.0577 1.5434
v -0.1440 5.0620 1.6059
v 0.1866 5.0575 1.5021
v -0.0171 5.0621 1.6056
v 0.0995 5.0619 1.5727
v -0.2533 4.9842 1.5096
v -0.2584 4.9763 1.3475
v -0.2581 4.9803 1.4499
v -0.2576 4.9776 1.3923
v 0.2372 4.9763 1.3348
v 0.2351 4.9776 1.3735
v 0.2298 4.9804 1.4238
v 0.2174 4.9842 1.4772
v -0.2324 4.9882 1.5636
v -0.1400 4.9926 1.6269
v 0.1930 4.9882 1.5276
v -0.0105 4.9927 1.6300
v 0.1065 4.9926 1.5986
v -0.2485 4.9126 1.5283
v -0.2535 4.9051 1.3705
v -0.2535 4.9088 1.4699
v -0.2528 4.9062 1.4139
v 0.2408 4.9051 1.3583
v 0.2390 4.9063 1.3970
v 0.2340 4.9089 1.4474
v 0.2219 4.9127 1.5008
v -0.2275 4.9166 1.5814
v -0.1355 4.9210 1.6459
v 0.1977 4.9168 1.5513
v -0.0060 4.9211 1.6520
v 0.1113 4.9211 1.6222
v -0.2427 4.8416 1.5459
v -0.2510 4.8346 1.3921
v -0.2497 4.8379 1.4889
v -0.2503 4.8354 1.4344
v 0.2430 4.8347 1.3805
v 0.2413 4.8355 1.4193
v 0.2363 4.8381 1.4696
v 0.2242 4.8418 1.5231
v -0.2203 4.8457 1.5981
v -0.1292 4.8501 1.6632
v 0.2000 4.8459 1.5736
v -0.0035 4.8502 1.6721
v 0.1134 4.8502 1.6443
v -0.2354 4.7749 1.5612
v -0.2500 4.7684 1.4112
v -0.2454 4.7713 1.5056
v -0.2486 4.7689 1.4524
v 0.2442 4.7684 1.4008
v 0.2423 4.7690 1.4395
v 0.2374 4.7714 1.4899
v 0.2253 4.7751 1.5433
v -0.2116 4.7790 1.6125
v -0.1224 4.7834 1.6778
v 0.2010 4.7791 1.5938
v -0.0024 4.7835 1.6896
v 0.1142 4.7835 1.6641
v -0.2314 4.7163 1.5741
v -0.2494 4.7098 1.4275
v -0.2431 4.7127 1.5196
v -0.2477 4.7102 1.4677
v 0.2450 4.7098 1.4185
v 0.2432 4.7103 1.4571
v 0.2382 4.7128 1.5074
v 0.2261 4.7165 1.5608
v -0.2070 4.7204 1.6247
v -0.1193 4.7248 1.6903
v 0.2019 4.7205 1.6112
v -0.0018 4.7248 1.7046
v 0.1149 4.7249 1.6811
v -0.2300 4.6660 1.5867
v -0.2486 4.6589 1.4424
v -0.2421 4.6622 1.5329
v -0.2468 4.6597 1.4818
v 0.2459 4.6590 1.4344
v 0.2441 4.6598 1.4730
v 0.2392 4.6624 1.5231
v 0.2270 4.6661 1.5764
v -0.2056 4.6700 1.6367
v -0.1182 4.6744 1.7026
v 0.2028 4.6702 1.6267
v -0.0010 4.6745 1.7185
v 0.1158 4.6745 1.6962
v -0.2292 4.6204 1.5993
v -0.2480 4.6137 1.4567
v -0.2413 4.6167 1.5461
v -0.2462 4.6143 1.4957
v 0.2464 4.6137 1.4493
v 0.2446 4.6144 1.4877
v 0.2397 4.6169 1.5376
v 0.2275 4.6206 1.5906
v -0.2048 4.6245 1.6489
v -0.1175 4.6289 1.7148
v 0.2033 4.6246 1.6406
v -0.0005 4.6289 1.7313
v 0.1163 4.6289 1.7096
v -0.2287 4.5809 1.6099
v -0.2477 4.5754 1.4692
v -0.2409 4.5774 1.5573
v -0.2459 4.5753 1.5076
v 0.2466 4.5754 1.4622
v 0.2447 4.5754 1.5001
v 0.2396 4.5775 1.5495
v 0.2274 4.5810 1.6020
v -0.2043 4.5849 1.6591
v -0.1171 4.5894 1.7247
v 0.2031 4.5850 1.6516
v -0.0003 4.5894 1.7414
v 0.1163 4.5894 1.7201
v -0.2276 4.5534 1.6153
v -0.2475 4.5516 1.4805
v -0.2402 4.5503 1.5638
v -0.2455 4.5490 1.5152
v 0.2463 4.5516 1.4738
v 0.2443 4.5491 1.5082
v 0.2389 4.5504 1.5565
v 0.2263 4.5535 1.6079
v -0.2031 4.5573 1.6637
v -0.1165 4.5619 1.7289
v 0.2019 4.5574 1.6568
v -0.0004 4.5620 1.7460
v 0.1155 4.5619 1.7246
v 0.2072 7.0376 -0.3170
v 0.7066 6.8823 0.3218
v 0.6222 6.6639 0.6012
v 0.6963 6.7717 0.4658
v 0.6694 6.8116 0.4732
v 0.3951 6.9918 -0.2567
v 0.2143 6.9875 -0.3321
v 0.5899 6.7110 0.6093
v 0.3814 7.0390 -0.2401
v 0.7242 6.8460 0.3132
v 0.7016 6.9045 0.1568
v 0.6164 6.8948 0.4916
v 0.6652 6.9586 0.3426
v 0.5350 6.9819 -0.1376
v 0.6366 6.9512 0.0045
v 0.2667 6.4013 0.8978
v 0.5346 6.8130 0.6295
v 0.5289 6.5080 0.7080
v 0.4917 7.1249 -0.0831
v 0.4441 6.3438 0.8027
v 0.4130 6.3979 0.8030
v 0.6017 7.0790 0.0446
v 0.4688 6.9656 0.6589
v 0.5672 7.0312 0.5223
v 0.1924 7.1648 -0.2678
v 0.3444 6.5469 0.8250
v 0.1636 7.3659 -0.1860
v 0.4391 6.6909 0.7452
v 0.3544 7.1538 -0.1924
v 0.3062 7.3437 -0.1185
v 0.6123 7.1650 0.2234
v 0.6632 7.0209 0.1900
v 0.5845 6.9794 0.5141
v 0.6176 7.0975 0.3747
v 0.6340 7.0429 0.3658
v 0.4339 7.2944 -0.0231
v 0.5458 7.2309 0.0870
v 0.1651 6.6110 0.9266
v 0.4963 6.9105 0.6515
v 0.3388 6.8893 0.7830
v 0.4607 7.2314 -0.0441
v 0.1978 6.8041 0.8830
v 0.3844 6.8193 0.7736
v 0.3275 7.2738 -0.1446
v 0.0769 6.7239 0.9447
v 0.6255 6.9903 0.0163
v 0.1969 7.1865 -0.1987
v 0.0008 7.1871 -0.2197
v 0.4997 6.7267 0.5828
v 0.5820 6.5966 0.6024
v 0.6886 6.7615 0.4258
v 0.5987 6.8257 0.4406
v 0.3582 7.1700 -0.1346
v 0.6379 7.0100 0.1986
v 0.6434 6.9241 0.3172
v 0.4870 7.1321 -0.0387
v 0.5844 7.0789 0.0758
v 0.3597 6.6295 0.7230
v 0.4062 6.4928 0.7199
v 0.1924 6.5349 0.8316
v 0.1976 6.4015 0.8145
v 0.1693 7.3411 -0.1951
v 0.1845 7.2327 -0.2406
v 0.2000 7.0963 -0.2951
v 0.6344 7.1095 0.2137
v 0.5730 7.1740 0.0731
v 0.3079 6.6333 0.8481
v 0.2292 6.7746 0.8867
v 0.1763 7.2944 -0.2157
v 0.3798 6.4647 0.8092
v 0.4123 6.7589 0.7609
v 0.3595 6.8661 0.7854
v 0.4672 6.6214 0.7290
v 0.5587 7.2110 0.0843
v 0.5883 7.1254 0.0578
v 0.4768 7.1783 -0.0636
v 0.4463 7.2725 -0.0284
v 0.6139 7.0328 0.0300
v 0.5061 7.0722 -0.1037
v 0.6250 7.0775 0.3742
v 0.5752 7.0120 0.5222
v 0.5977 6.9360 0.5009
v 0.6473 6.9984 0.3525
v 0.6413 6.8529 0.4819
v 0.6860 6.9196 0.3319
v 0.5142 6.8620 0.6392
v 0.4815 6.9460 0.6598
v 0.5601 6.7613 0.6190
v 0.6227 7.1451 0.2226
v 0.6485 7.0631 0.2005
v 0.6775 6.9798 0.1781
v 0.3410 7.2154 -0.1674
v 0.3159 7.3194 -0.1257
v 0.3680 7.0927 -0.2182
v -0.0003 3.8275 1.7073
v 0.7636 6.3565 0.7249
v 0.8227 6.4848 0.5832
v 0.8420 6.1114 0.9077
v -0.0005 6.1661 0.9072
v -0.0004 5.9239 1.0444
v -0.0003 5.6294 1.2653
v -0.0003 5.3160 1.4386
v -0.0003 4.9824 1.5883
v -0.0003 4.5763 1.7199
v -0.0003 4.1815 1.7274
v 0.2009 6.2067 0.8601
v 0.4663 6.2869 0.7507
v 0.2079 5.9471 1.0319
v 0.5454 6.0047 1.0040
v 0.2431 5.6544 1.2460
v 0.5510 5.7072 1.2303
v 0.2420 5.3417 1.4344
v 0.4867 5.3962 1.4072
v 0.2561 5.0058 1.6041
v 0.4727 5.1228 1.5581
v 0.2450 4.6384 1.7061
v 0.2344 4.2744 1.7190
v 0.1830 6.7777 0.8799
v 0.3318 6.8738 0.7697
v 0.5432 7.2179 0.0906
v 0.4334 7.2805 -0.0166
v 0.5632 7.0182 0.5122
v 0.6136 7.0854 0.3690
v 0.4621 6.9532 0.6456
v 0.6082 7.1529 0.2229
v 0.3067 7.3298 -0.1086
v 0.1641 7.3523 -0.1731
v 0.3453 6.2583 0.8882
v -0.0023 6.7321 0.9329
v 0.3092 6.3147 0.8792
v 0.2670 6.7101 0.8667
v 0.1160 6.6889 0.9446
v 0.2196 6.5168 0.9215
v 0.3741 6.2086 0.9046
v 0.4969 6.5605 0.7165
v 0.6907 6.9412 0.1667
v 0.5203 7.0246 -0.1223
v 0.1881 6.6138 0.8608
v 0.1861 6.6708 0.8756
v 0.1844 6.7231 0.8811
v 0.1901 7.2166 -0.1909
v 0.1819 7.2561 -0.1846
v 0.1733 7.2986 -0.1796
v -0.0027 6.6271 0.9345
v -0.0027 6.6795 0.9373
v 0.6349 6.9597 0.3302
v 0.6282 6.9975 0.3446
v 0.6215 7.0356 0.3558
v 0.4767 7.1563 -0.0377
v 0.4631 7.1889 -0.0333
v 0.4479 7.2272 -0.0271
v 0.5771 7.1033 0.0760
v 0.5667 7.1336 0.0787
v 0.5543 7.1677 0.0821
v 0.3474 6.7094 0.7463
v 0.3420 6.7639 0.7591
v 0.3368 6.8151 0.7658
v 0.4815 6.7958 0.6041
v 0.4743 6.8474 0.6219
v 0.4680 6.8957 0.6340
v 0.6328 7.0382 0.2027
v 0.6256 7.0705 0.2088
v 0.6169 7.1050 0.2138
v 0.5829 6.8754 0.4607
v 0.5756 6.9213 0.4814
v 0.5696 6.9644 0.4966
v 0.3480 7.1979 -0.1313
v 0.3350 7.2354 -0.1247
v 0.3211 7.2769 -0.1178
v 0.1082 7.0359 -0.3345
v 0.1115 6.9852 -0.3491
v 0.1012 7.1664 -0.2857
v 0.0853 7.3691 -0.2012
v 0.1021 7.1873 -0.2148
v 0.0885 7.3447 -0.2110
v 0.0970 7.2361 -0.2581
v 0.1049 7.0960 -0.3130
v 0.0924 7.2984 -0.2323
v 0.0854 7.3554 -0.1876
v 0.0985 7.2171 -0.2049
v 0.0944 7.2569 -0.1989
v 0.0902 7.3002 -0.1941
v 0.0049 7.0366 -0.3385
v 0.0046 6.9858 -0.3531
v 0.0054 7.1681 -0.2899
v 0.0039 7.3707 -0.2035
v 0.0052 7.0971 -0.3170
v 0.0034 7.3568 -0.1900
v 0.0011 7.2166 -0.2092
v 0.0019 7.2566 -0.2032
v 0.0029 7.3006 -0.1976
v 0.3096 6.9905 -0.3011
v 0.2373 7.3582 -0.1577
v 0.2547 7.2868 -0.1858
v 0.2380 7.3445 -0.1461
v 0.2988 7.0394 -0.2851
v 0.2659 7.2264 -0.2096
v 0.2881 7.0960 -0.2629
v 0.2452 7.3334 -0.1659
v 0.2769 7.1612 -0.2360
v 0.2823 7.1812 -0.1716
v 0.2504 7.2916 -0.1537
v 0.2622 7.2497 -0.1596
v 0.2734 7.2107 -0.1663
v 0.4701 6.9894 -0.2012
v 0.3958 7.2551 -0.0963
v 0.3713 7.3219 -0.0724
v 0.4261 7.1532 -0.0896
v 0.4257 7.1418 -0.1404
v 0.3715 7.3079 -0.0643
v 0.3825 7.2987 -0.0788
v 0.4551 7.0343 -0.1848
v 0.4110 7.1992 -0.1177
v 0.4405 7.0849 -0.1641
v 0.3865 7.2546 -0.0747
v 0.4016 7.2142 -0.0819
v 0.4154 7.1791 -0.0876
v 0.5773 7.0097 -0.0548
v 0.5513 7.1038 -0.0215
v 0.5211 7.2040 0.0118
v 0.4933 7.2634 0.0292
v 0.5404 7.1073 0.0167
v 0.4918 7.2499 0.0343
v 0.5371 7.1534 -0.0055
v 0.5063 7.2428 0.0252
v 0.5645 7.0546 -0.0389
v 0.5903 6.9690 -0.0684
v 0.5048 7.1977 0.0247
v 0.5190 7.1619 0.0201
v 0.5313 7.1310 0.0170
v 0.6117 7.1423 0.1408
v 0.5865 7.1981 0.1520
v 0.6398 7.0510 0.1155
v 0.6172 7.0466 0.1371
v 0.6637 6.9672 0.0905
v 0.5830 7.1856 0.1537
v 0.5985 7.1784 0.1504
v 0.6263 7.0951 0.1269
v 0.6739 6.9295 0.0798
v 0.6522 7.0076 0.1027
v 0.5925 7.1370 0.1455
v 0.6030 7.1034 0.1421
v 0.6115 7.0725 0.1385
v 0.7053 6.9128 0.2441
v 0.7188 6.8767 0.2348
v 0.6224 7.1315 0.2987
v 0.6412 7.0760 0.2895
v 0.6181 7.1195 0.2955
v 0.6466 6.9690 0.2586
v 0.6549 7.0305 0.2764
v 0.6888 6.9503 0.2550
v 0.6714 6.9898 0.2663
v 0.6310 7.1114 0.2981
v 0.6265 7.0710 0.2846
v 0.6340 7.0350 0.2767
v 0.6406 7.0003 0.2668
v 0.7168 6.8116 0.3907
v 0.6147 7.0108 0.4409
v 0.5990 7.0639 0.4496
v 0.6944 6.8491 0.3985
v 0.6461 6.9274 0.4180
v 0.5952 7.0514 0.4415
v 0.6279 6.8759 0.3769
v 0.6696 6.8877 0.4078
v 0.6061 7.0442 0.4492
v 0.6276 6.9673 0.4275
v 0.6024 6.9997 0.4265
v 0.6086 6.9592 0.4125
v 0.6157 6.9175 0.3942
v 0.8010 6.4328 0.6434
v 0.6638 6.7235 0.5366
v 0.5232 6.9990 0.5923
v 0.5445 6.9468 0.5846
v 0.5556 6.7755 0.5099
v 0.5182 6.9860 0.5804
v 0.6267 6.6954 0.5036
v 0.5784 6.8579 0.5626
v 0.6037 6.8120 0.5529
v 0.5593 6.9019 0.5717
v 0.6334 6.7668 0.5441
v 0.5332 6.9799 0.5926
v 0.5241 6.9302 0.5660
v 0.5301 6.8843 0.5515
v 0.5375 6.8350 0.5311
v 0.5763 6.5905 0.6581
v 0.4065 6.9292 0.7226
v 0.4422 6.8682 0.7145
v 0.4874 6.7575 0.6909
v 0.5436 6.6415 0.6669
v 0.5240 6.5380 0.6675
v 0.4336 6.6786 0.6552
v 0.4645 6.8147 0.7025
v 0.3988 6.9167 0.7085
v 0.7146 6.0341 0.9976
v 0.6582 6.3207 0.7208
v 0.4227 6.9082 0.7241
v 0.5138 6.6977 0.6782
v 0.6672 5.7320 1.2306
v 0.6009 5.4818 1.3421
v 0.4047 6.8581 0.7008
v 0.4109 6.8081 0.6918
v 0.4175 6.7549 0.6770
v 0.4216 6.5413 0.7720
v 0.2939 6.8209 0.8410
v 0.3594 6.6967 0.8107
v 0.3905 6.6177 0.7901
v 0.2679 6.8471 0.8375
v 0.3125 6.2474 0.8201
v 0.3607 5.3662 1.4264
v 0.2958 6.4470 0.7674
v 0.3954 5.6801 1.2320
v 0.3251 6.7655 0.8259
v 0.3373 5.9739 1.0249
v 0.3855 5.0301 1.6156
v 0.4528 6.4773 0.7605
v 0.3280 4.3308 1.7297
v 0.3505 4.6578 1.7128
v 0.2795 6.5800 0.7827
v 0.2612 6.8250 0.8282
v 0.4845 6.4238 0.7546
v 0.2644 6.7679 0.8273
v 0.2678 6.7160 0.8216
v 0.2715 6.6602 0.8084
v 0.0855 3.8561 1.7106
v 0.3768 6.3214 0.8474
v 0.1005 6.1771 0.8916
v 0.1040 5.9299 1.0389
v 0.1210 5.3231 1.4387
v 0.1137 5.6361 1.2607
v 0.1141 4.1908 1.7264
v 0.3422 6.3897 0.8464
v 0.2130 6.6575 0.8963
v 0.1692 6.7299 0.9202
v 0.3030 6.4734 0.8596
v 0.1242 4.9888 1.5912
v 0.1206 4.6116 1.7141
v 0.2611 6.5745 0.8862
v 0.0942 6.7440 0.9178
v 0.1333 6.7623 0.9183
v 0.0980 6.5031 0.8690
v 0.0989 6.3662 0.8541
v 0.4072 6.2725 0.8538
v 0.0946 6.6909 0.9202
v 0.0952 6.6385 0.9155
v 0.0962 6.5807 0.8992
v 0.2381 6.3433 0.9110
v 0.1134 6.5638 0.9452
v 0.0395 6.6945 0.9646
v 0.3174 6.2007 0.9271
v 0.2842 6.2614 0.9054
v 0.0651 6.6489 0.9622
v 0.1729 6.4579 0.9406
v 0.3452 6.1492 0.9548
v -0.1990 7.0475 -0.3093
v -0.7111 6.8934 0.3253
v -0.6470 6.6609 0.6335
v -0.7085 6.7730 0.4794
v -0.6884 6.8133 0.4820
v -0.3889 7.0135 -0.2479
v -0.2053 6.9976 -0.3254
v -0.6172 6.7078 0.6284
v -0.3774 7.0598 -0.2295
v -0.7258 6.8560 0.3168
v -0.6971 6.9268 0.1612
v -0.6477 6.8973 0.4955
v -0.6805 6.9718 0.3470
v -0.5335 7.0118 -0.1294
v -0.6345 6.9814 0.0112
v -0.2749 6.4013 0.8992
v -0.5619 6.8099 0.6304
v -0.5563 6.5057 0.7557
v -0.4906 7.1511 -0.0671
v -0.4550 6.3481 0.8511
v -0.4245 6.3998 0.8332
v -0.5925 7.1067 0.0620
v -0.4965 6.9640 0.6600
v -0.6044 7.0333 0.5261
v -0.1855 7.1740 -0.2606
v -0.3545 6.5464 0.8235
v -0.1604 7.3724 -0.1761
v -0.4565 6.6880 0.7417
v -0.3550 7.1726 -0.1817
v -0.3132 7.3571 -0.1084
v -0.6048 7.1844 0.2384
v -0.6578 7.0438 0.2003
v -0.6207 6.9822 0.5180
v -0.6370 7.1086 0.3796
v -0.6556 7.0558 0.3710
v -0.4389 7.3140 -0.0075
v -0.5354 7.2535 0.1097
v -0.1691 6.6112 0.9253
v -0.5234 6.9082 0.6503
v -0.3515 6.8888 0.7810
v -0.4629 7.2540 -0.0282
v -0.2047 6.8046 0.8851
v -0.3985 6.8172 0.7662
v -0.3323 7.2899 -0.1351
v -0.0800 6.7242 0.9467
v -0.6204 7.0200 0.0269
v -0.0018 6.4922 0.8904
v -0.0006 6.3519 0.8819
v -0.1998 7.1902 -0.1944
v -0.5307 6.7287 0.6032
v -0.5934 6.6078 0.6087
v -0.7210 6.7720 0.4613
v -0.6468 6.8316 0.4611
v -0.3652 7.1791 -0.1199
v -0.6399 7.0162 0.2030
v -0.6730 6.9279 0.3223
v -0.4889 7.1442 -0.0180
v -0.5790 7.0905 0.0918
v -0.3739 6.6287 0.7437
v -0.4226 6.4868 0.7468
v -0.2009 6.5361 0.8612
v -0.2125 6.4111 0.8386
v -0.1654 7.3483 -0.1858
v -0.1786 7.2414 -0.2334
v -0.1924 7.1061 -0.2875
v -0.6301 7.1310 0.2271
v -0.5625 7.1990 0.0942
v -0.3171 6.6325 0.8409
v -0.2369 6.7748 0.8852
v -0.1714 7.3025 -0.2075
v -0.3907 6.4653 0.8222
v -0.4273 6.7564 0.7525
v -0.3731 6.8651 0.7810
v -0.4887 6.6183 0.7389
v -0.5481 7.2345 0.1062
v -0.5781 7.1518 0.0774
v -0.4771 7.2024 -0.0477
v -0.4501 7.2931 -0.0132
v -0.6064 7.0618 0.0443
v -0.5045 7.1000 -0.0894
v -0.6459 7.0893 0.3792
v -0.6121 7.0144 0.5260
v -0.6323 6.9388 0.5045
v -0.6673 7.0120 0.3574
v -0.6671 6.8550 0.4876
v -0.6954 6.9320 0.3357
v -0.5411 6.8593 0.6376
v -0.5090 6.9441 0.6599
v -0.5878 6.7580 0.6271
v -0.6169 7.1655 0.2368
v -0.6445 7.0856 0.2125
v -0.6708 7.0028 0.1866
v -0.3439 7.2328 -0.1579
v -0.3220 7.3338 -0.1163
v -0.3662 7.1127 -0.2070
v -0.7032 6.3608 0.7197
v -0.8316 6.4842 0.5810
v -0.8381 6.1209 0.9501
v -0.2258 6.2204 0.8609
v -0.4853 6.2740 0.8130
v -0.2539 5.9525 1.0320
v -0.5413 6.0129 1.0068
v -0.2528 5.6593 1.2273
v -0.5088 5.7044 1.2125
v -0.2467 5.3446 1.4092
v -0.4806 5.4227 1.3488
v -0.2463 5.0284 1.5678
v -0.4718 5.1228 1.5175
v -0.2346 4.6213 1.7021
v -0.2201 4.2787 1.7079
v -0.1897 6.7780 0.8838
v -0.3440 6.8734 0.7684
v -0.5324 7.2397 0.1135
v -0.4378 7.2995 0.0000
v -0.6000 7.0197 0.5158
v -0.6328 7.0956 0.3732
v -0.4891 6.9513 0.6466
v -0.6008 7.1713 0.2372
v -0.3145 7.3430 -0.0985
v -0.1622 7.3585 -0.1643
v -0.3484 6.2598 0.9040
v -0.3159 6.3151 0.8880
v -0.2754 6.7096 0.8614
v -0.1195 6.6892 0.9450
v -0.2250 6.5166 0.9195
v -0.3758 6.2112 0.9276
v -0.5229 6.5573 0.7445
v -0.6840 6.9638 0.1732
v -0.5187 7.0536 -0.1107
v -0.1975 6.6150 0.8856
v -0.1954 6.6717 0.8927
v -0.1925 6.7238 0.8911
v -0.1929 7.2204 -0.1880
v -0.1833 7.2603 -0.1818
v -0.1728 7.3035 -0.1743
v -0.0023 6.5692 0.9200
v -0.6617 6.9639 0.3338
v -0.6517 7.0025 0.3474
v -0.6418 7.0426 0.3588
v -0.4783 7.1706 -0.0163
v -0.4655 7.2055 -0.0126
v -0.4520 7.2453 -0.0083
v -0.5688 7.1170 0.0945
v -0.5569 7.1503 0.0996
v -0.5449 7.1873 0.1042
v -0.3607 6.7090 0.7592
v -0.3541 6.7638 0.7645
v -0.3485 6.8149 0.7664
v -0.5101 6.7952 0.6142
v -0.5009 6.8450 0.6253
v -0.4942 6.8934 0.6348
v -0.6310 7.0470 0.2094
v -0.6210 7.0824 0.2182
v -0.6111 7.1199 0.2256
v -0.6285 6.8774 0.4733
v -0.6175 6.9205 0.4881
v -0.6080 6.9644 0.5009
v -0.3559 7.2084 -0.1179
v -0.3433 7.2469 -0.1134
v -0.3293 7.2889 -0.1076
v -0.0988 7.0408 -0.3301
v -0.1022 6.9902 -0.3453
v -0.0913 7.1709 -0.2814
v -0.0786 7.3722 -0.1948
v -0.1018 7.1886 -0.2134
v -0.0811 7.3482 -0.2050
v -0.0876 7.2403 -0.2536
v -0.0951 7.1007 -0.3085
v -0.0840 7.3023 -0.2270
v -0.0798 7.3583 -0.1820
v -0.0977 7.2184 -0.2042
v -0.0920 7.2584 -0.1979
v -0.0857 7.3022 -0.1911
v 0.0043 7.3467 -0.2138
v 0.0053 7.2382 -0.2620
v 0.0048 7.3007 -0.2356
v -0.3015 7.0063 -0.2928
v -0.2394 7.3683 -0.1473
v -0.2550 7.2990 -0.1768
v -0.2412 7.3543 -0.1365
v -0.2925 7.0548 -0.2756
v -0.2648 7.2395 -0.2013
v -0.2835 7.1109 -0.2534
v -0.2465 7.3442 -0.1562
v -0.2742 7.1753 -0.2271
v -0.2882 7.1879 -0.1624
v -0.2549 7.3001 -0.1464
v -0.2680 7.2576 -0.1533
v -0.2797 7.2180 -0.1587
v -0.4665 7.0160 -0.1926
v -0.4017 7.2748 -0.0846
v -0.3799 7.3386 -0.0610
v -0.4316 7.1642 -0.0707
v -0.4271 7.1647 -0.1272
v -0.3801 7.3242 -0.0521
v -0.3900 7.3164 -0.0677
v -0.4529 7.0600 -0.1735
v -0.4147 7.2204 -0.1056
v -0.4399 7.1094 -0.1512
v -0.3949 7.2699 -0.0605
v -0.4088 7.2287 -0.0653
v -0.4215 7.1919 -0.0692
v -0.5746 7.0401 -0.0434
v -0.5458 7.1316 -0.0037
v -0.5164 7.2284 0.0317
v -0.4905 7.2851 0.0497
v -0.5380 7.1198 0.0365
v -0.4883 7.2709 0.0556
v -0.5316 7.1794 0.0136
v -0.5026 7.2654 0.0451
v -0.5601 7.0839 -0.0238
v -0.5895 7.0001 -0.0609
v -0.5017 7.2174 0.0469
v -0.5146 7.1793 0.0427
v -0.5272 7.1456 0.0385
v -0.6007 7.1663 0.1592
v -0.5737 7.2199 0.1725
v -0.6300 7.0771 0.1301
v -0.6126 7.0558 0.1473
v -0.6566 6.9942 0.0993
v -0.5701 7.2065 0.1740
v -0.5865 7.2011 0.1700
v -0.6161 7.1202 0.1436
v -0.6700 6.9566 0.0855
v -0.6433 7.0343 0.1146
v -0.5815 7.1549 0.1637
v -0.5924 7.1181 0.1580
v -0.6032 7.0841 0.1514
v -0.7028 6.9298 0.2484
v -0.7163 6.8929 0.2381
v -0.6270 7.1471 0.3075
v -0.6492 7.0938 0.2978
v -0.6228 7.1342 0.3036
v -0.6609 6.9731 0.2606
v -0.6622 7.0491 0.2839
v -0.6887 6.9683 0.2604
v -0.6751 7.0083 0.2728
v -0.6377 7.1280 0.3067
v -0.6322 7.0822 0.2905
v -0.6419 7.0435 0.2810
v -0.6515 7.0065 0.2697
v -0.7235 6.8164 0.3976
v -0.6466 7.0184 0.4452
v -0.6305 7.0701 0.4533
v -0.7068 6.8549 0.4035
v -0.6717 6.9349 0.4219
v -0.6264 7.0568 0.4448
v -0.6705 6.8808 0.3896
v -0.6887 6.8945 0.4120
v -0.6382 7.0510 0.4531
v -0.6577 6.9753 0.4317
v -0.6351 7.0028 0.4297
v -0.6452 6.9609 0.4171
v -0.6559 6.9205 0.4021
v -0.7776 6.4190 0.6544
v -0.6820 6.7224 0.5593
v -0.5584 6.9984 0.5955
v -0.5783 6.9462 0.5868
v -0.5986 6.7804 0.5333
v -0.5529 6.9849 0.5836
v -0.6615 6.6858 0.5348
v -0.6097 6.8568 0.5656
v -0.6321 6.8108 0.5602
v -0.5921 6.9010 0.5736
v -0.6573 6.7656 0.5581
v -0.5678 6.9793 0.5953
v -0.5595 6.9283 0.5697
v -0.5675 6.8820 0.5579
v -0.5780 6.8357 0.5445
v -0.6054 6.5864 0.6990
v -0.4257 6.9279 0.7210
v -0.4619 6.8655 0.7095
v -0.5095 6.7539 0.6890
v -0.5722 6.6373 0.6906
v -0.5149 6.5403 0.6804
v -0.4535 6.6782 0.6725
v -0.4847 6.8116 0.6969
v -0.4171 6.9153 0.7070
v -0.6908 6.0617 0.9829
v -0.6071 6.3109 0.7746
v -0.4423 6.9065 0.7210
v -0.5391 6.6937 0.6868
v -0.6367 5.7320 1.2146
v -0.5914 5.4818 1.3064
v -0.4215 6.8567 0.6993
v -0.4276 6.8067 0.6932
v -0.4356 6.7538 0.6851
v -0.4380 6.5403 0.7839
v -0.3039 6.8206 0.8376
v -0.3710 6.6951 0.8019
v -0.4040 6.6161 0.7871
v -0.2770 6.8473 0.8374
v -0.3523 6.2463 0.8386
v -0.3650 5.3768 1.3833
v -0.3196 6.4452 0.8005
v -0.3806 5.6800 1.2168
v -0.3358 6.7642 0.8187
v -0.3943 5.9762 1.0229
v -0.3624 5.0676 1.5476
v -0.4722 6.4769 0.7914
v -0.3285 4.3308 1.6983
v -0.3505 4.6481 1.6928
v -0.2911 6.5802 0.8107
v -0.2700 6.8252 0.8296
v -0.5044 6.4252 0.8056
v -0.2741 6.7684 0.8335
v -0.2788 6.7167 0.8348
v -0.2832 6.6607 0.8300
v -0.0860 3.8561 1.7106
v -0.3835 6.3233 0.8722
v -0.1100 6.1936 0.8838
v -0.1233 5.9367 1.0379
v -0.1247 5.3249 1.4274
v -0.1259 5.6425 1.2439
v -0.1107 4.2289 1.7177
v -0.3497 6.3905 0.8582
v -0.2192 6.6575 0.8930
v -0.1747 6.7302 0.9200
v -0.3114 6.4737 0.8591
v -0.1265 4.9975 1.5830
v -0.1178 4.5974 1.7111
v -0.2679 6.5742 0.8807
v -0.0994 6.7444 0.9211
v -0.1383 6.7628 0.9210
v -0.1032 6.5044 0.8882
v -0.1060 6.3805 0.8648
v -0.4118 6.2767 0.8919
v -0.1008 6.6914 0.9276
v -0.1019 6.6392 0.9274
v -0.1023 6.5818 0.9158
v -0.2443 6.3427 0.9146
v -0.1162 6.5644 0.9444
v -0.0403 6.6944 0.9667
v -0.3198 6.2010 0.9321
v -0.2897 6.2620 0.9106
v -0.0663 6.6489 0.9621
v -0.1762 6.4574 0.9404
v -0.3445 6.1481 0.9590
v 0.2397 4.4564 1.7119
v 0.1174 4.4052 1.7193
v -0.1143 4.4228 1.7115
v -0.3395 4.4937 1.6946
v 0.3392 4.4943 1.7207
v -0.2273 4.4569 1.7030
v -0.0003 4.3915 1.7202
v 0.2506 4.8221 1.6396
v 0.1224 4.8042 1.6381
v 0.3680 4.8439 1.6507
v -0.1229 4.8044 1.6415
v -0.3672 4.8439 1.6284
v -0.2452 4.8234 1.6352
v -0.0003 4.7867 1.6474
v 0.2491 5.1737 1.5349
v 0.4797 5.2595 1.4924
v 0.3731 5.1982 1.5265
v 0.1226 5.1560 1.5293
v -0.1240 5.1640 1.5134
v -0.3629 5.2190 1.4737
v -0.2443 5.1888 1.4952
v -0.4781 5.2595 1.4455
v -0.0003 5.1492 1.5250
v 0.5189 5.5517 1.3152
v 0.2425 5.4981 1.3465
v -0.6141 5.6069 1.2588
v -0.1247 5.4833 1.3387
v 0.3781 5.5231 1.3263
v -0.3718 5.5279 1.2992
v 0.1174 5.4796 1.3555
v -0.4938 5.5633 1.2790
v 0.6340 5.6069 1.2817
v -0.2487 5.5013 1.3191
v -0.0003 5.4727 1.3577
v -0.6844 5.8838 1.1017
v -0.1246 5.7911 1.1409
v 0.3664 5.8270 1.1295
v -0.3910 5.8299 1.1165
v 0.1089 5.7830 1.1509
v 0.6909 5.8831 1.1134
v -0.5355 5.8553 1.1078
v -0.2539 5.8087 1.1276
v -0.0004 5.7766 1.1560
v 0.2255 5.8008 1.1396
v 0.5482 5.8560 1.1182
v -0.6546 6.1918 0.8706
v 0.3221 6.1107 0.9132
v -0.1162 6.0642 0.9507
v 0.1012 6.0535 0.9583
v -0.3700 6.1142 0.9147
v 0.6854 6.1774 0.8580
v 0.8063 6.2340 0.8190
v -0.5099 6.1498 0.8939
v -0.2383 6.0865 0.9333
v -0.8004 6.2384 0.8441
v -0.0005 6.0450 0.9682
v 0.5022 6.1458 0.8690
v 0.2024 6.0769 0.9392
v -0.5652 6.4253 0.7308
v -0.4571 6.3803 0.7843
v -0.2198 6.3159 0.8540
v 0.3060 6.3472 0.7946
v -0.1082 6.2873 0.8766
v 0.1003 6.2716 0.8730
v -0.3378 6.3458 0.8247
v 0.6672 6.4766 0.6574
v 0.7546 6.6231 0.5017
v 0.2004 6.3041 0.8382
v 0.4394 6.3899 0.7362
v 0.5916 6.4293 0.6914
v -0.0005 6.2590 0.8947
v 0.7115 6.5641 0.5691
v -0.7773 6.6281 0.5168
v -0.7230 6.5521 0.5934
v -0.6527 6.4838 0.6656
v 0.9139 6.7225 0.4682
v 0.7772 6.9141 0.0028
v 0.6239 6.9589 -0.1834
v 0.8630 6.8354 0.2108
v 0.4432 6.9833 -0.3196
v 0.9174 6.6353 0.6165
v 0.2302 6.9778 -0.3950
v 0.8774 6.2813 0.8458
v 0.0426 4.7537 1.7569
v 0.7149 5.9982 1.0674
v -0.0656 4.5088 1.8127
v 0.5596 5.7271 1.2595
v -0.2091 4.2584 1.8366
v -0.3042 4.0141 1.8357
v -0.3258 3.7843 1.8254
v 1.0734 6.5647 0.5921
v 0.2647 5.2230 1.5662
v 0.4061 5.4673 1.4255
v -0.3247 3.9304 1.8192
v 0.5484 6.0002 1.0449
v 0.4132 5.7272 1.2287
v -0.0450 4.7404 1.7395
v 0.6763 6.2863 0.8378
v 0.7295 6.7808 0.4586
v 0.7235 6.9101 0.2804
v 0.2101 7.0690 -0.3308
v 0.6711 6.9962 0.0785
v 0.5543 7.0420 -0.1126
v 0.4006 7.0637 -0.2531
v 0.8161 6.5603 0.6082
v -0.2675 4.2076 1.8218
v -0.1426 4.4816 1.7983
v 0.2793 5.4652 1.3933
v 0.1565 5.2189 1.5366
v -0.3291 3.6513 1.8048
v 0.3186 5.7150 1.2023
v 0.0967 5.2037 1.5095
v 0.4373 5.9920 1.0250
v 0.3932 7.0313 -0.2464
v 0.5415 7.0191 -0.0991
v 0.6887 6.8892 0.2982
v 0.6792 6.7540 0.4633
v 0.2043 7.0247 -0.3272
v 0.2020 5.4510 1.3652
v 0.8650 6.8169 -0.0794
v 0.6910 6.8538 -0.2564
v 0.5485 5.4603 1.4552
v 0.2496 6.8299 -0.4775
v 1.1173 6.6222 0.5517
v 0.8987 5.9992 1.0818
v 0.7223 5.7204 1.2870
v 0.4831 6.8687 -0.3914
v 0.3899 5.2174 1.5913
v 0.1381 4.7582 1.7663
v 0.0289 4.5249 1.8176
v -0.1134 4.2945 1.8438
v -0.2436 4.0806 1.8486
v -0.0786 4.7209 1.7187
v -0.1663 4.4488 1.7789
v -0.2554 4.1461 1.8004
v -0.3219 3.4304 1.7837
v 1.1087 6.2956 0.8378
v 0.5445 6.2827 0.8306
v 0.6494 6.9769 0.0951
v 0.9814 6.7576 0.1333
v 0.6733 6.5927 0.6062
v 1.3786 6.5847 0.5595
v 2.6261 5.7183 0.4249
v 2.4511 5.4980 0.8252
v 2.3331 5.3313 0.9042
v 2.1575 4.9360 0.7167
v 2.1125 4.8332 0.5523
v 2.0633 4.7586 0.3381
v 1.9231 6.3874 0.4732
v 1.8397 6.0602 0.8866
v 1.7805 5.8092 1.0122
v 1.6980 5.1226 0.9640
v 1.7749 4.9705 0.7200
v 2.5773 5.6525 0.6100
v 1.9031 6.2891 0.6581
v 1.6945 6.2344 -0.5171
v 1.7938 6.3754 -0.2801
v 1.8738 6.4512 -0.0171
v 1.9170 6.4506 0.2421
v 1.5988 6.0388 -0.7037
v 1.5221 5.8079 -0.8225
v 1.4890 4.9285 -0.6016
v 1.6421 4.8195 -0.2338
v 1.7263 4.7928 0.1074
v 2.3908 5.6064 -0.4355
v 2.5099 5.7020 -0.2562
v 2.5978 5.7546 -0.0373
v 2.6372 5.7568 0.1995
v 2.2657 5.4804 -0.5638
v 2.1522 5.3324 -0.6350
v 1.9534 4.8125 -0.3473
v 1.9732 4.7498 -0.1375
v 2.0143 4.7298 0.0991
v 1.7737 4.8450 0.4283
v 1.4706 5.5693 -0.8800
v 2.0614 5.1824 -0.6487
v 2.9365 5.2693 0.3884
v 2.7381 5.1138 0.7687
v 2.6044 4.9890 0.8295
v 2.3787 4.6940 0.6294
v 2.3181 4.6162 0.4769
v 2.2604 4.5596 0.2843
v 2.8801 5.2253 0.5670
v 2.7342 5.1641 -0.3994
v 2.8451 5.2362 -0.2459
v 2.9231 5.2804 -0.0490
v 2.9546 5.2900 0.1723
v 2.6102 5.0732 -0.5020
v 2.4872 4.9704 -0.5512
v 2.1968 4.5996 -0.2923
v 2.1933 4.5525 -0.1211
v 2.2163 4.5376 0.0769
v 2.3794 4.8655 -0.5530
v 3.2411 4.8581 0.3846
v 3.0442 4.7448 0.7339
v 2.9064 4.6395 0.7787
v 2.6530 4.3969 0.5797
v 2.5860 4.3317 0.4383
v 2.5292 4.2816 0.2630
v 3.1844 4.8322 0.5517
v 3.0906 4.6997 -0.3426
v 3.1825 4.7712 -0.2056
v 3.2436 4.8268 -0.0248
v 3.2648 4.8577 0.1817
v 2.9802 4.6217 -0.4308
v 2.8607 4.5437 -0.4684
v 2.5153 4.2889 -0.2375
v 2.4914 4.2609 -0.0922
v 2.4956 4.2573 0.0787
v 2.7480 4.4682 -0.4659
v 3.5801 4.5063 0.4685
v 3.3839 4.4271 0.7681
v 3.2479 4.3270 0.8010
v 2.9829 4.0801 0.6162
v 2.9169 4.0095 0.4869
v 2.8690 3.9503 0.3275
v 3.5203 4.4972 0.6140
v 3.5053 4.2599 -0.1902
v 3.5734 4.3500 -0.0630
v 3.6124 4.4288 0.1025
v 3.6147 4.4835 0.2887
v 3.4155 4.1714 -0.2731
v 3.3090 4.0945 -0.3104
v 2.9231 3.9101 -0.1167
v 2.8723 3.9020 0.0106
v 2.8529 3.9142 0.1621
v 3.2001 4.0287 -0.3118
v 3.9257 4.1717 0.6891
v 3.7135 4.1329 0.9319
v 3.5740 4.0397 0.9572
v 3.3114 3.7709 0.7977
v 3.2566 3.6893 0.6849
v 3.2265 3.6177 0.5460
v 3.8560 4.1805 0.8077
v 3.9341 3.8507 0.1253
v 3.9817 3.9548 0.2392
v 3.9972 4.0518 0.3829
v 3.9773 4.1279 0.5404
v 3.8604 3.7547 0.0485
v 3.7640 3.6781 0.0128
v 3.3528 3.5369 0.1638
v 3.2779 3.5435 0.2720
v 3.2334 3.5691 0.4025
v 3.6601 3.6176 0.0070
v 4.2297 3.8421 1.0126
v 3.9992 3.8394 1.2152
v 3.8582 3.7553 1.2390
v 3.6104 3.4692 1.1141
v 3.5681 3.3789 1.0199
v 3.5537 3.2982 0.9021
v 4.1499 3.8657 1.1110
v 4.2945 3.4849 0.5313
v 4.3309 3.5912 0.6321
v 4.3315 3.6953 0.7561
v 4.2955 3.7839 0.8888
v 4.2276 3.3902 0.4621
v 4.1340 3.3166 0.4311
v 3.7166 3.1938 0.5660
v 3.6331 3.2075 0.6624
v 3.5761 3.2409 0.7776
v 4.0316 3.2597 0.4267
v 4.6357 3.3630 1.5126
v 4.3970 3.3898 1.6949
v 4.2611 3.3191 1.7204
v 4.0377 3.0431 1.6250
v 4.0042 2.9508 1.5468
v 3.9970 2.8669 1.4453
v 4.5507 3.3967 1.6000
v 4.7347 3.0138 1.0853
v 4.7629 3.1120 1.1764
v 4.7534 3.2122 1.2862
v 4.7087 3.2998 1.4034
v 4.6726 2.9265 1.0222
v 4.5801 2.8557 0.9964
v 4.1631 2.7423 1.1363
v 4.0812 2.7624 1.2281
v 4.0228 2.8037 1.3340
v 4.4782 2.8003 0.9956
v 4.8907 3.0836 1.8275
v 4.6497 3.1223 2.0070
v 4.5165 3.0594 2.0335
v 4.2979 2.8012 1.9383
v 4.2672 2.7113 1.8627
v 4.2646 2.6258 1.7660
v 4.8048 3.1202 1.9133
v 5.0013 2.7509 1.4103
v 5.0236 2.8444 1.4987
v 5.0114 2.9377 1.6064
v 4.9648 3.0207 1.7207
v 4.9469 2.6654 1.3493
v 4.8601 2.5926 1.3257
v 4.4436 2.4826 1.4683
v 4.3579 2.5096 1.5573
v 4.2958 2.5573 1.6600
v 4.7615 2.5355 1.3265
v 5.0711 2.8811 2.0757
v 4.8325 2.9463 2.2576
v 4.7014 2.9055 2.2854
v 4.4854 2.6256 2.1836
v 4.4568 2.5382 2.1075
v 4.4565 2.4532 2.0113
v 4.9865 2.9194 2.1616
v 5.1902 2.5625 1.6645
v 5.2065 2.6516 1.7519
v 5.1911 2.7397 1.8575
v 5.1440 2.8190 1.9699
v 5.1438 2.4784 1.6039
v 5.0633 2.4038 1.5798
v 4.6460 2.2978 1.7176
v 4.5559 2.3302 1.8049
v 4.4904 2.3823 1.9062
v 4.9688 2.3451 1.5798
v 1.7321 5.5207 1.0658
v 2.2376 5.1447 0.8807
v 2.4886 4.8499 0.7915
v 2.7795 4.5241 0.7340
v 4.5833 2.7694 2.2661
v 1.4537 5.3410 -0.8581
v 2.0001 5.0470 -0.6053
v 2.2968 4.7694 -0.5092
v 2.6536 4.4010 -0.4244
v 3.0991 3.9772 -0.2784
v 3.5563 3.5749 0.0309
v 3.9272 3.2207 0.4478
v 4.3732 2.7630 1.0191
v 4.6575 2.4975 1.3508
v 4.8660 2.3067 1.6028
v 1.4711 5.1229 -0.7430
v 1.9629 4.9190 -0.5046
v 2.2343 4.6781 -0.4215
v 2.5741 4.3401 -0.3474
v 3.0046 3.9375 -0.2124
v 3.4515 3.5482 0.0842
v 3.8198 3.1990 0.4953
v 4.2657 2.7437 1.0674
v 4.5489 2.4796 1.3997
v 4.7552 2.2905 1.6505
v 4.1391 3.2020 1.7036
v 4.3970 2.9514 2.0166
v 3.7264 3.6296 1.2124
v 3.4395 3.9175 0.9200
v 3.1163 4.2111 0.7574
v 1.4324 3.0794 0.7594
v 0.9069 3.7162 1.5411
v 1.4150 3.0824 -0.1042
v 1.4825 3.0799 0.1706
v 1.4935 3.0795 0.4659
v 2.2534 6.0347 0.6516
v 1.8620 4.8302 0.1197
v 1.7508 4.9262 -0.4219
v 1.8020 4.8494 -0.1647
v 2.1605 5.8352 0.8751
v 2.2865 6.1204 0.4646
v 1.9624 5.1010 0.8195
v 1.9305 5.8051 -0.6359
v 2.0730 5.6191 0.9737
v 1.8380 5.6079 -0.7328
v 2.0431 5.9733 -0.4758
v 2.1554 6.1000 -0.2636
v 1.9432 4.9674 0.6398
v 2.2866 6.1726 0.2341
v 2.2427 6.1700 -0.0178
v 1.7298 5.0657 -0.6069
v 1.7378 5.2338 -0.7193
v 2.0058 5.3760 0.9747
v 1.9115 4.8710 0.3980
v 1.7727 5.4108 -0.7609
v 0.8808 3.3816 1.5257
v 1.3115 3.0769 1.0263
v 0.9038 6.7080 -0.2553
v 1.1337 6.6397 -0.2783
v 1.3654 6.5644 -0.2942
v 1.6363 6.4532 -0.2875
v 1.5414 6.3140 -0.5303
v 1.2742 6.4344 -0.5427
v 1.0366 6.5233 -0.5246
v 0.7905 6.6050 -0.4914
v 0.5028 5.6070 -0.9909
v 0.7700 5.5446 -1.0201
v 1.0255 5.4806 -1.0177
v 1.3023 5.3959 -0.9324
v 1.3068 5.1714 -0.8791
v 1.0109 5.2463 -1.0239
v 0.7503 5.3023 -1.0460
v 0.4834 5.3563 -1.0307
v 1.5810 5.5691 1.1173
v 1.2813 5.6259 1.2018
v 1.0052 5.6437 1.2446
v 0.7368 5.6534 1.2632
v 1.0031 6.5667 0.4805
v 1.2317 6.5447 0.4679
v 1.4738 6.5220 0.4535
v 1.7592 6.4513 0.4647
v 1.7540 6.5192 0.2360
v 1.4732 6.6016 0.2285
v 1.2377 6.6407 0.2429
v 1.0131 6.6774 0.2561
v 1.7129 6.5243 -0.0222
v 1.4369 6.6203 -0.0274
v 1.2056 6.6771 -0.0127
v 0.9815 6.7290 0.0030
v 0.9693 6.4290 0.6534
v 1.2027 6.4196 0.6494
v 1.4516 6.4111 0.6360
v 1.7402 6.3496 0.6485
v 0.8915 6.1616 0.8940
v 1.1320 6.1578 0.8960
v 1.3893 6.1616 0.8803
v 1.6803 6.1137 0.8820
v 0.8191 5.9059 1.0823
v 1.0716 5.9009 1.0745
v 1.3369 5.8997 1.0509
v 1.6264 5.8566 1.0247
v 1.3193 4.9740 -0.8027
v 1.0079 5.0416 -1.0098
v 0.7412 5.0928 -1.0541
v 0.4726 5.1417 -1.0537
v 0.6685 6.4175 -0.6865
v 0.9377 6.3294 -0.7275
v 1.1845 6.2352 -0.7471
v 1.4502 6.1148 -0.7251
v 1.3772 5.8786 -0.8513
v 1.1143 5.9881 -0.8823
v 0.8635 6.0734 -0.8650
v 0.5939 6.1549 -0.8226
v 0.5395 5.8791 -0.9218
v 0.8080 5.8063 -0.9602
v 1.0608 5.7316 -0.9709
v 1.3258 5.6341 -0.9225
v 1.5525 5.2369 1.1420
v 1.2337 5.3407 1.3325
v 0.9240 5.3733 1.4054
v 0.6417 5.3893 1.4384
v 1.1762 3.0744 1.2220
v 0.8889 3.0714 1.5149
v 0.5774 3.0741 1.6724
v 0.2425 3.0844 1.7572
v 1.3085 3.0844 -0.3417
v 1.1867 3.0897 -0.5330
v 0.9460 3.1004 -0.7791
v 0.7133 3.1091 -0.8942
v 0.4654 3.1162 -0.9728
v 0.9512 4.0444 1.5517
v 1.0153 4.3620 1.5491
v 1.0953 4.6730 1.5360
v 1.1829 4.9735 1.4911
v 1.4931 3.3577 0.1667
v 1.5136 3.6175 0.1579
v 1.5406 3.8705 0.1476
v 1.5732 4.1121 0.1362
v 1.6049 4.3442 0.1246
v 1.6604 4.6279 0.1136
v 1.6940 4.6730 0.4349
v 1.6239 4.3793 0.4447
v 1.5832 4.1383 0.4521
v 1.5448 3.8879 0.4584
v 1.5169 3.6266 0.4626
v 1.4993 3.3592 0.4656
v 1.4310 3.3640 0.7630
v 1.4481 3.6442 0.7657
v 1.4815 3.9184 0.7660
v 1.5295 4.1816 0.7622
v 1.5780 4.4356 0.7577
v 1.6695 4.7630 0.7326
v 1.5784 4.6217 -0.2036
v 1.5333 4.3307 -0.1813
v 1.5057 4.1034 -0.1619
v 1.4767 3.8665 -0.1424
v 1.4499 3.6174 -0.1252
v 1.4271 3.3609 -0.1112
v 0.8503 4.9902 1.5868
v 0.7765 4.7144 1.6717
v 0.7141 4.4016 1.6938
v 0.6607 4.0775 1.7030
v 0.6125 3.7375 1.6968
v 0.5762 3.3874 1.6806
v 1.3046 3.3681 1.0322
v 1.3211 3.6646 1.0400
v 1.3580 3.9561 1.0443
v 1.4175 4.2364 1.0427
v 1.4789 4.5059 1.0347
v 1.5872 4.8666 0.9925
v 1.4671 4.9370 1.2169
v 1.3663 4.5750 1.2374
v 1.2923 4.2869 1.2492
v 1.2270 3.9899 1.2494
v 1.1866 3.6843 1.2414
v 1.1682 3.3752 1.2306
v 0.5330 5.0533 1.6300
v 0.4531 4.7303 1.7273
v 0.4024 4.4275 1.7637
v 0.3560 4.1010 1.7823
v 0.3004 3.7571 1.7786
v 0.2540 3.4029 1.7633
v 0.4653 3.4220 -0.9771
v 0.4625 3.7149 -0.9959
v 0.4596 3.9924 -1.0198
v 0.4582 4.2505 -1.0450
v 0.4585 4.4766 -1.0666
v 0.4616 4.8334 -1.0756
v 0.7317 4.7867 -1.0546
v 0.7215 4.4310 -1.0273
v 0.7184 4.2103 -0.9953
v 0.7154 3.9600 -0.9599
v 0.7132 3.6918 -0.9275
v 0.7124 3.4087 -0.9022
v 0.9463 3.3933 -0.7898
v 0.9545 3.6662 -0.8183
v 0.9643 3.9250 -0.8552
v 0.9747 4.1682 -0.8968
v 0.9825 4.3843 -0.9358
v 1.0027 4.7386 -0.9799
v 1.3106 4.6830 -0.7162
v 1.2743 4.3383 -0.6696
v 1.2580 4.1255 -0.6348
v 1.2365 3.8878 -0.5993
v 1.2144 3.6371 -0.5682
v 1.1944 3.3743 -0.5442
v 1.4620 4.6526 -0.4867
v 1.4181 4.3207 -0.4502
v 1.3966 4.1088 -0.4229
v 1.3704 3.8726 -0.3949
v 1.3437 3.6242 -0.3705
v 1.3199 3.3651 -0.3516
v 1.9017 -0.1126 0.9581
v 1.7761 0.5653 0.8736
v 1.3417 2.4331 0.9797
v 1.3261 2.7742 1.0203
v 1.1917 2.7664 1.2145
v 1.2073 2.4253 1.1742
v 1.5940 0.5568 1.0684
v 1.6979 -0.1235 1.1789
v 1.9723 -0.0956 0.1410
v 1.8618 0.5782 0.1337
v 1.5373 2.1561 0.1734
v 1.4951 2.4631 0.1741
v 1.4894 2.7895 0.1692
v 1.5038 2.7866 0.4654
v 1.5008 2.4494 0.4524
v 1.5366 2.1183 0.4296
v 1.9079 0.5762 0.3943
v 2.0390 -0.0979 0.4071
v 0.3209 -0.1410 1.6040
v 0.3250 0.5320 1.6436
v 0.2907 2.4066 1.7522
v 0.2557 2.7564 1.7627
v -0.3061 -0.0268 1.6769
v 0.7455 -0.1493 1.5171
v 0.7301 0.5355 1.5214
v 0.5986 2.4085 1.6604
v 0.5864 2.7565 1.6701
v 0.4576 2.8068 -0.9804
v 0.4422 2.4768 -1.0036
v 0.4269 2.1692 -1.0387
v 0.4193 0.6003 -1.1710
v 0.4524 -0.0831 -1.1270
v 1.8508 -0.0952 -0.1243
v 1.7653 0.5793 -0.1249
v 1.4897 2.1751 -0.0799
v 1.4357 2.4714 -0.0898
v 1.4185 2.7920 -0.1065
v 1.2064 -0.0955 -0.9143
v 1.1429 0.5879 -0.9638
v 0.9858 2.1730 -0.8034
v 0.9614 2.4767 -0.7853
v 0.9477 2.8009 -0.7844
v 1.1873 2.7957 -0.5369
v 1.2180 2.4753 -0.5191
v 1.2741 2.1763 -0.5155
v 1.4874 0.5833 -0.6112
v 1.5520 -0.0947 -0.5890
v 0.8345 -0.0946 -1.0551
v 0.7838 0.5917 -1.1124
v 0.7028 2.1726 -0.9456
v 0.7033 2.4773 -0.9158
v 0.7097 2.8043 -0.9003
v 1.4442 2.7789 0.7591
v 1.4468 2.4385 0.7275
v 1.8836 0.5720 0.6457
v 2.0217 -0.1035 0.6746
v 1.2327 -0.1426 1.4284
v 1.1762 0.5419 1.3497
v 0.9136 2.4139 1.4822
v 0.9025 2.7574 1.5072
v 1.3091 2.7930 -0.3448
v 1.3373 2.4745 -0.3241
v 1.3973 2.1787 -0.3138
v 1.6349 0.5808 -0.3790
v 1.7048 -0.0952 -0.3717
v 0.0181 -0.1043 1.6360
v 0.0166 0.5428 1.7057
v -0.0027 2.1071 1.7730
v 0.0315 2.3917 1.7724
v 0.0136 2.7671 1.7680
v -0.0011 3.0989 1.7666
v 0.0078 3.4220 1.7703
v 0.0484 3.7748 1.7940
v 0.1020 4.1123 1.7958
v 0.1562 4.4248 1.7763
v 0.2180 4.7209 1.7289
v 1.8762 0.1751 0.9448
v 1.6800 0.1654 1.1586
v 1.9407 0.1911 0.1410
v 2.0061 0.1886 0.4043
v 0.3241 0.1534 1.6128
v -0.3452 0.2196 1.7084
v 0.7497 0.1420 1.5108
v 0.4326 0.2090 -1.1380
v 1.8237 0.1920 -0.1214
v 1.1780 0.1965 -0.9289
v 1.5270 0.1946 -0.5966
v 0.8095 0.1987 -1.0688
v 1.9886 0.1832 0.6659
v 1.2291 0.1475 1.4106
v 1.6802 0.1930 -0.3737
v 0.0099 0.1751 1.6557
v 1.6256 1.0511 0.8712
v 1.4630 1.0445 1.0625
v 1.7448 1.0440 0.1268
v 1.7707 1.0452 0.3874
v 0.3111 1.0082 1.6792
v 0.6840 1.0256 1.5530
v 0.3998 1.0654 -1.2023
v 1.6692 1.0438 -0.1351
v 1.0860 1.0534 -0.9864
v 1.4178 1.0459 -0.6239
v 0.7438 1.0581 -1.1418
v 1.7333 1.0497 0.6400
v 1.0895 1.0335 1.3678
v 1.5580 1.0448 -0.3884
v 0.0164 0.9948 1.7322
v 0.3307 6.5385 -0.5960
v 0.8104 6.8117 0.0316
v 0.6404 5.9346 1.0548
v 0.7278 6.2021 0.8584
v 0.8463 6.7466 0.2676
v 0.8154 6.4757 0.6296
v 0.3460 5.1524 1.5659
v 0.4442 5.4129 1.4080
v 0.7212 6.8122 -0.2040
v 0.8404 6.6249 0.4715
v 0.5432 5.6729 1.2362
v 0.5813 6.7430 -0.4130
v 0.2030 5.9383 -0.8610
v 0.2438 6.2276 -0.7539
v 0.1808 5.6647 -0.9371
v 0.1696 5.4168 -0.9886
v 0.1587 4.4966 -1.0644
v 0.1592 4.8841 -1.0595
v 0.1588 4.2716 -1.0524
v 0.1640 5.2019 -1.0231
v 0.0354 0.2264 -1.2187
v 0.0498 -0.0545 -1.2211
v 0.0424 0.6059 -1.2339
v 0.1588 2.1637 -1.0894
v 0.0394 1.0526 -1.2541
v 0.1605 2.8081 -1.0208
v 0.1620 3.1201 -1.0105
v 0.1631 3.4287 -1.0108
v 0.1663 2.4756 -1.0490
v 0.1611 3.7273 -1.0219
v 0.1597 4.0103 -1.0372
v -0.0771 -0.0428 -1.2425
v -0.0738 0.6047 -1.2477
v -0.0894 0.2300 -1.2339
v -0.0669 1.0515 -1.2653
v -0.3260 3.1181 1.7864
v -0.3282 2.7909 1.7947
v -0.3173 2.4675 1.8027
v -0.3116 2.1390 1.8164
v -0.3360 0.9978 1.7706
v -0.3494 0.5607 1.7542
v -0.3073 3.8252 1.8006
v 1.0839 6.6838 0.4530
v 0.2405 6.8918 -0.4441
v 0.6591 6.9030 -0.2224
v 0.9942 6.7009 0.4652
v 0.9221 6.7954 0.1705
v 0.8220 6.8634 -0.0403
v 0.4643 6.9207 -0.3577
v 1.0149 6.6260 0.5883
v -0.2992 3.8837 1.8408
v 0.6896 6.7746 0.4619
v 0.6943 6.9088 0.2947
v -0.3207 3.8788 1.8096
v 0.3600 5.7223 1.2147
v 0.4865 5.9977 1.0341
v -0.0670 4.7310 1.7291
v 0.6029 6.2867 0.8333
v -0.3265 3.5545 1.7928
v 0.3933 7.0617 -0.2438
v 0.7279 6.5691 0.6116
v 0.1213 5.2120 1.5224
v 0.2351 5.4591 1.3785
v -0.1599 4.4657 1.7890
v -0.2716 4.1777 1.8117
v 0.6512 6.9965 0.0921
v 0.5421 7.0422 -0.1002
v 0.2062 7.0647 -0.3227
v -0.0148 4.5158 1.8148
v 0.4777 5.4630 1.4400
v 0.3278 5.2195 1.5782
v -0.1591 4.2775 1.8406
v -0.2768 4.0490 1.8425
v 0.6412 5.7227 1.2734
v 0.8069 5.9963 1.0757
v 0.0923 4.7547 1.7605
v 0.9919 6.2835 0.8447
v 1.2219 6.5715 0.5789
v -0.3153 3.8358 1.8335
v 0.2597 6.7732 -0.5106
v 0.7250 6.7995 -0.2906
v 0.9139 6.7649 -0.1184
v 1.1908 6.6567 0.4330
v 1.0468 6.7139 0.0961
v 0.5043 6.8130 -0.4239
v 1.2219 6.6298 0.5110
v 0.0407 2.1577 -1.1033
v 2.0790 6.1849 0.6601
v 2.0036 5.9670 0.8863
v 2.1039 6.2783 0.4742
v 1.9319 5.7303 0.9971
v 1.8562 4.9873 0.6816
v 1.8393 4.8808 0.4190
v 1.7913 4.8341 0.1186
v 1.6408 4.9382 -0.4790
v 1.7185 4.8514 -0.1917
v 1.7621 5.9364 -0.6732
v 1.6790 5.7181 -0.7823
v 1.8656 6.1218 -0.4986
v 1.9713 6.2591 -0.2720
v 2.0996 6.3365 0.2423
v 2.0553 6.3347 -0.0153
v 1.6047 5.1053 -0.6714
v 1.5999 5.2987 -0.7840
v 1.8760 5.4593 1.0195
v 1.6239 5.4989 -0.8201
v 1.8500 5.1408 0.8800
v 4.8488 2.2076 1.7693
v 4.9596 2.2228 1.7232
v 5.2701 2.4767 1.7898
v 4.5450 2.3768 2.1252
v 5.0673 2.8247 2.2794
v 4.9145 2.8551 2.3781
v 4.7838 2.8175 2.4071
v 4.5436 2.4600 2.2211
v 4.5702 2.5446 2.2982
v 5.1491 2.7858 2.1938
v 4.6662 2.6849 2.3854
v 5.2830 2.5631 1.8760
v 5.2660 2.6480 1.9796
v 5.2195 2.7249 2.0898
v 5.1520 2.3194 1.7036
v 5.2283 2.3940 1.7292
v 5.0606 2.2610 1.7020
v 4.5801 2.3055 2.0212
v 4.7386 2.2170 1.8354
v 4.6469 2.2515 1.9213
v -0.3174 3.9737 1.8277
v 0.4839 5.7282 1.2442
v 0.6290 5.9998 1.0565
v -0.0041 4.7482 1.7492
v 0.7733 6.2838 0.8423
v -0.3289 3.7216 1.8156
v 0.2176 7.0507 -0.3507
v 0.5828 7.0182 -0.1404
v 0.7191 6.9699 0.0474
v -0.2433 4.2337 1.8297
v -0.1084 4.4962 1.8063
v 0.8171 6.7591 0.4606
v 0.7903 6.8832 0.2502
v 0.4168 7.0438 -0.2767
v 0.8294 6.6387 0.6260
v 0.2079 5.2223 1.5519
v 0.3402 5.4675 1.4096
v -0.2297 0.9854 1.7582
v -0.2025 2.4556 1.7885
v 0.7378 6.8407 0.2838
v 0.5972 6.9494 -0.1374
v -0.2230 3.4436 1.7768
v 0.5023 5.9722 1.0318
v 0.3910 5.7005 1.2103
v 0.6032 6.2552 0.8368
v 0.0106 4.7219 1.7179
v 0.2805 5.4382 1.3759
v 0.4511 6.9341 -0.3107
v -0.2059 -0.0519 1.6621
v -0.0737 4.4395 1.7736
v 0.2578 6.8798 -0.4251
v 0.7291 6.7103 0.4579
v 0.6992 6.9213 0.0719
v -0.2245 3.1148 1.7778
v 0.7108 6.5523 0.6073
v -0.1388 4.1343 1.7949
v -0.2273 3.8075 1.7965
v -0.2340 0.2014 1.6974
v 0.1779 5.1879 1.5239
v -0.2340 0.5455 1.7421
v -0.2160 2.7819 1.7817
v -0.1509 2.1295 1.8020
v 1.8418 0.0364 -0.1220
v 0.4426 0.0507 -1.1282
v 1.1938 0.0383 -0.9197
v 1.8991 0.0192 0.9562
v 0.8230 0.0398 -1.0587
v 1.6985 0.0089 1.1763
v 1.5418 0.0379 -0.5908
v 1.2377 -0.0098 1.4241
v 1.9628 0.0358 0.1419
v -0.0859 0.0816 -1.2353
v 0.0409 0.0739 -1.2173
v 2.0158 0.0279 0.6739
v 2.0303 0.0334 0.4066
v -0.3293 0.0858 1.6908
v 0.3233 -0.0056 1.6068
v 1.6957 0.0369 -0.3693
v 0.0126 0.0249 1.6412
v 0.7509 -0.0160 1.5124
v -0.2229 0.0646 1.6751
v 1.8935 -0.2323 0.9561
v 1.6886 -0.2437 1.1721
v 1.9727 -0.2149 0.1395
v 2.0366 -0.2171 0.4067
v 0.3164 -0.2644 1.6078
v -0.2796 -0.1289 1.6726
v 0.7368 -0.2702 1.5232
v 0.4619 -0.2046 -1.1301
v 1.8535 -0.2148 -0.1266
v 1.2168 -0.2170 -0.9115
v 1.5595 -0.2151 -0.5911
v 0.8441 -0.2165 -1.0548
v 2.0162 -0.2229 0.6726
v 1.2226 -0.2630 1.4240
v 1.7101 -0.2151 -0.3744
v 0.0234 -0.2223 1.6360
v 0.0592 -0.1706 -1.2273
v -0.0667 -0.1550 -1.2522
v -0.1868 -0.1592 1.6589
v 1.6127 1.2862 -0.1284
v 0.3812 1.3032 -1.1884
v 0.7190 1.3009 -1.1265
v 1.3915 1.3059 1.0697
v 1.3739 1.2876 -0.6125
v 1.5405 1.3135 0.8815
v 1.0519 1.2958 -0.9713
v 1.6950 1.2902 0.3885
v 0.0239 1.2819 -1.2396
v 1.5096 1.2872 -0.3780
v 1.6545 1.2997 0.6412
v 1.6772 1.2869 0.1287
v -0.3270 1.2369 1.7879
v -0.2252 1.2273 1.7755
v 0.0224 1.2453 1.7458
v -0.0578 1.2775 -1.2461
v 0.6619 1.2931 1.5685
v 0.3177 1.2737 1.6934
v 1.0427 1.2991 1.3773
v 1.1123 4.1419 -0.7904
v 1.6019 6.5685 0.2127
v 1.1236 4.3505 -0.8280
v 1.0970 3.9037 -0.7507
v 1.1530 5.2327 -0.9710
v 1.1620 5.4572 -0.9819
v 1.3587 0.1967 -0.7829
v 1.0249 3.3794 1.3976
v 1.0676 3.3798 -0.6886
v 1.0808 3.6495 -0.7152
v 1.5904 6.4005 0.6228
v 1.4623 0.1560 1.3150
v 1.5303 6.1512 0.8749
v 1.4296 5.6016 1.1627
v 1.2589 1.0424 -0.8266
v 1.0334 3.0724 1.3871
v 1.2826 1.0381 1.2294
v 1.0636 3.0937 -0.6767
v 1.5617 6.5769 -0.0419
v 1.0486 2.7606 1.3787
v 1.3221 0.5822 -0.8120
v 1.3835 -0.0774 -0.7710
v 1.3920 0.5485 1.2283
v 1.4729 -0.1337 1.3362
v 1.3865 5.2980 1.2630
v 1.0628 2.4188 1.3436
v 1.1909 5.7010 -0.9521
v 1.2428 5.9499 -0.8703
v 1.3153 6.1835 -0.7322
v 1.1548 5.0356 -0.9388
v 1.3155 4.9858 1.3788
v 1.4902 6.5141 -0.3021
v 1.4762 5.8850 1.0388
v 1.0650 2.7967 -0.6825
v 1.0894 4.0202 1.4219
v 1.1558 4.3296 1.4210
v 1.0903 2.4754 -0.6720
v 1.2365 4.6320 1.4086
v 1.4020 6.3786 -0.5395
v 1.1288 2.1684 -0.6822
v 1.0466 3.7019 1.4114
v 1.6084 6.5031 0.4384
v 1.1526 4.7325 -0.8815
v 1.3740 0.0424 -0.7756
v 1.4759 -0.0010 1.3327
v 1.3880 -0.1605 -0.7684
v 1.4629 -0.2541 1.3304
v 1.2238 1.3013 1.2364
v 1.2198 1.2842 -0.8181
v 0.9119 6.7076 0.2416
v 0.2177 1.0721 -1.2035
v 0.8695 6.7621 0.0003
v 0.8792 6.4675 0.6201
v 0.1172 3.0925 1.7630
v 0.1560 1.0120 1.7116
v 0.7980 6.1863 0.8676
v 0.1609 2.4099 1.7644
v 0.1332 2.7594 1.7665
v 0.1323 3.4217 1.7709
v 0.7139 5.9202 1.0669
v 0.1568 -0.0962 1.6211
v 0.1605 0.5428 1.6750
v 0.1833 2.0992 1.7531
v 0.3212 3.7196 -1.0129
v 0.3182 3.9996 -1.0318
v 0.2337 0.2206 -1.1473
v 0.2505 -0.0694 -1.1447
v 0.2788 2.1612 -1.0752
v 0.3390 5.4243 -1.0038
v 0.6239 5.6613 1.2518
v 0.2269 0.6078 -1.1713
v 0.9089 6.6014 0.4514
v 0.3229 3.1178 -0.9967
v 0.3058 2.4756 -1.0308
v 0.3178 4.8892 -1.0665
v 0.7748 6.7436 -0.2475
v 0.5287 5.4003 1.4283
v 0.3181 2.8071 -1.0060
v 0.3163 4.4784 -1.0664
v 0.3531 5.6680 -0.9570
v 0.3238 3.4238 -0.9992
v 0.6453 6.6396 -0.4728
v 0.3164 4.2569 -1.0507
v 0.3259 4.7360 1.7305
v 0.2794 4.4215 1.7721
v 0.2261 4.0986 1.7927
v 0.1719 3.7615 1.7879
v 0.5179 6.4534 -0.6557
v 0.3763 5.9354 -0.8891
v 0.4259 6.2075 -0.7921
v 0.4258 5.1187 1.5852
v 0.3281 5.2123 -1.0350
v 0.1546 0.1646 1.6371
v 0.2416 0.0636 -1.1442
v 0.1556 0.0172 1.6264
v 0.1568 -0.1807 1.6182
v 0.2600 -0.1902 -1.1493
v 0.2139 1.3029 -1.1950
v 0.1631 1.2697 1.7263
v 1.1132 6.5541 0.4762
v 0.8677 5.6497 1.2614
v 1.0915 6.7033 -0.0047
v 1.0806 6.4217 0.6569
v 1.0055 6.1542 0.9043
v 0.9406 5.9002 1.0849
v 0.6244 0.2012 -1.1182
v 0.5305 0.1456 1.5650
v 0.6203 5.3298 -1.0466
v 0.5883 2.8057 -0.9483
v 0.5739 1.0609 -1.1919
v 0.4930 1.0192 1.6194
v 0.4432 2.4071 1.7144
v 0.4213 2.7568 1.7223
v 0.4114 3.0783 1.7210
v 0.4576 3.7471 1.7436
v 0.4162 3.3938 1.7278
v 0.5949 3.1130 -0.9416
v 1.1221 6.6582 0.2507
v 0.5091 4.0897 1.7479
v 0.5583 4.4152 1.7340
v 0.6128 4.7242 1.7043
v 0.6825 5.0016 1.6250
v 0.6471 -0.0922 -1.1057
v 0.7730 5.3836 1.4328
v 0.6045 0.5944 -1.1586
v 0.5261 -0.1469 1.5656
v 0.5225 0.5342 1.5845
v 0.5739 2.4773 -0.9692
v 0.5643 2.1716 -1.0024
v 0.6798 5.8432 -0.9474
v 0.6092 5.1179 -1.0635
v 1.0188 6.6750 -0.2686
v 0.5909 3.9770 -1.0000
v 0.5941 3.4159 -0.9482
v 0.5910 4.2311 -1.0312
v 0.7362 6.1152 -0.8498
v 0.5920 3.7041 -0.9710
v 0.9176 6.5657 -0.5119
v 0.5981 4.8105 -1.0768
v 0.5921 4.4543 -1.0587
v 0.6412 5.5762 -1.0127
v 0.8128 6.3753 -0.7120
v 0.5303 -0.0128 1.5635
v 0.6363 0.0422 -1.1081
v 0.6564 -0.2141 -1.1068
v 0.5193 -0.2687 1.5710
v 0.4848 1.2856 1.6354
v 0.5537 1.3032 -1.1766
v 1.3519 6.5340 0.4603
v 0.9860 0.1422 1.4511
v 1.3547 6.6218 0.2355
v 0.8298 3.4012 -0.8495
v 0.8805 5.2745 -1.0385
v 0.7484 2.7564 1.6017
v 1.3264 6.4161 0.6423
v 0.7317 3.3835 1.6170
v 0.9939 0.1971 -1.0058
v 1.2600 6.1603 0.8880
v 1.2037 5.9008 1.0632
v 0.7574 2.4106 1.5865
v 0.9844 -0.1483 1.4651
v 1.1430 5.6358 1.2248
v 0.9509 0.5377 1.4471
v 0.9145 1.0556 -1.0735
v 0.8859 1.0301 1.4730
v 0.7374 3.0717 1.6072
v 1.3207 6.6494 -0.0203
v 0.8303 3.1049 -0.8400
v 0.9633 0.5896 -1.0484
v 1.0210 -0.0956 -0.9914
v 0.8433 2.1731 -0.8793
v 0.8295 2.8027 -0.8457
v 0.8324 2.4771 -0.8546
v 1.0777 5.3591 1.3720
v 0.9403 4.6989 1.6202
v 1.0172 4.9809 1.5422
v 0.9895 6.0310 -0.8759
v 0.9350 5.7691 -0.9681
v 0.8087 4.0630 1.6417
v 0.8676 4.3849 1.6363
v 0.7628 3.7276 1.6331
v 1.2492 6.6028 -0.2869
v 0.8741 5.0674 -1.0362
v 0.8463 4.1894 -0.9506
v 0.8398 3.9426 -0.9117
v 0.8980 5.5127 -1.0218
v 0.8340 3.6792 -0.8766
v 0.8516 4.4077 -0.9864
v 1.1554 6.4795 -0.5348
v 1.0616 6.2827 -0.7392
v 0.8665 4.7627 -1.0224
v 1.0088 0.0385 -0.9960
v 0.9901 -0.0154 1.4600
v 0.9747 -0.2687 1.4655
v 1.0308 -0.2174 -0.9897
v 0.8510 1.2975 1.4860
v 0.8850 1.2984 -1.0583
v -0.0705 1.5070 -1.2121
v 0.0315 1.5034 1.7660
v 0.6352 1.5614 1.5833
v 0.3184 1.5289 1.7044
v 0.9859 1.5781 1.3935
v 1.5646 1.5219 -0.1197
v 0.3584 1.5264 -1.1585
v 0.6940 1.5362 -1.0914
v 1.3040 1.6145 1.0962
v 1.3324 1.5239 -0.5926
v 1.4371 1.6465 0.9235
v 1.0188 1.5313 -0.9367
v 1.6305 1.5253 0.3945
v 0.0036 1.5032 -1.2094
v 1.4646 1.5236 -0.3653
v 1.5860 1.5376 0.6487
v 1.6197 1.5224 0.1343
v -0.3165 1.4875 1.8033
v -0.2210 1.4832 1.7952
v 1.1815 1.5251 -0.7807
v 1.1523 1.5920 1.2552
v 0.1781 1.5111 1.7399
v 0.1945 1.5150 -1.1718
v 0.5316 1.5362 -1.1456
v 0.4724 1.5486 1.6486
v 0.8564 1.5346 -1.0214
v 0.8092 1.5705 1.5017
v 1.4286 1.7521 -0.3428
v 1.5293 1.7454 0.6568
v 0.3601 1.7453 -1.1228
v -0.2948 1.7225 1.8115
v 1.3022 1.7537 -0.5506
v 1.5798 1.7446 0.4029
v -0.2050 1.7410 1.8031
v 0.0407 1.7454 1.7678
v 0.3132 1.7039 1.7154
v 1.4220 1.7475 0.8976
v 0.1164 1.8218 -1.1384
v 0.6828 1.7600 -1.0322
v 1.5239 1.7497 -0.1043
v 1.5754 1.7468 0.1456
v 0.9987 1.7590 -0.8750
v 0.0243 1.7359 -1.1595
v 1.1565 1.7561 -0.7320
v 0.2003 1.7433 -1.1393
v 0.1848 1.7228 1.7405
v 0.5243 1.7570 -1.0886
v 0.8409 1.7607 -0.9608
v -0.1121 0.9845 1.7468
v -0.0889 2.2758 1.7829
v -0.1084 3.4329 1.7733
v 0.4656 5.6864 1.2219
v 0.6640 6.2281 0.8463
v 0.7512 6.8660 0.0495
v -0.1170 0.1884 1.6795
v -0.1138 0.5403 1.7282
v -0.1048 2.7732 1.7728
v -0.0976 2.1029 1.7904
v 0.7888 6.7927 0.2709
v 0.6570 6.8804 -0.1726
v 0.5698 5.9530 1.0420
v 0.1137 4.7243 1.7221
v 0.3610 5.4256 1.3906
v 0.5133 6.8377 -0.3633
v -0.0997 -0.0776 1.6487
v 0.0389 4.4311 1.7739
v 0.3209 6.7362 -0.5065
v 0.7827 6.6661 0.4649
v -0.1164 3.1069 1.7710
v 0.7608 6.5121 0.6143
v -0.0202 4.1227 1.7951
v -0.0840 3.7904 1.7953
v 0.2613 5.1712 1.5430
v -0.1106 0.0461 1.6578
v -0.0878 -0.1902 1.6479
v -0.1071 1.2297 1.7627
v -0.0971 1.4887 1.7823
v -0.0901 1.8971 1.7875
v 0.4255 0.3927 -1.1482
v 1.1617 0.3803 -0.9428
v 1.7986 0.3734 -0.1227
v 1.8348 0.3571 0.9036
v 0.7971 0.3832 -1.0894
v 1.6447 0.3480 1.1152
v 1.5096 0.3769 -0.6070
v 1.9077 0.3722 0.1382
v 1.2082 0.3316 1.3692
v 0.0368 0.4048 -1.2247
v -0.0842 0.4048 -1.2384
v -0.3514 0.3776 1.7305
v 1.9441 0.3647 0.6548
v 1.9637 0.3697 0.4000
v 0.0120 0.3467 1.6787
v 0.3253 0.3313 1.6258
v 1.6605 0.3748 -0.3753
v 0.7431 0.3260 1.5137
v -0.2371 0.3607 1.7184
v 1.4338 0.3391 1.2726
v 1.3419 0.3778 -0.7932
v 0.2293 0.4028 -1.1564
v 0.1568 0.3415 1.6518
v 0.6145 0.3858 -1.1390
v 0.5285 0.3276 1.5724
v 0.9729 0.3270 1.4445
v 0.9795 0.3814 -1.0246
v -0.1175 0.3518 1.7026
v 1.1168 0.8147 -0.9819
v 1.7206 0.8053 -0.1319
v 0.4107 0.8267 -1.1898
v 0.7653 0.8191 -1.1335
v 1.5297 0.7928 1.0584
v 1.4559 0.8090 -0.6191
v 1.7023 0.8004 0.8700
v -0.0662 0.8236 -1.2589
v 1.1347 0.7786 1.3560
v 1.5997 0.8066 -0.3864
v 0.0453 0.8245 -1.2442
v 0.0181 0.7587 1.7215
v 1.8407 0.8038 0.3894
v 1.8096 0.8025 0.6410
v 1.8066 0.8048 0.1292
v -0.3440 0.7693 1.7625
v 0.7095 0.7706 1.5342
v 0.3197 0.7587 1.6601
v -0.2309 0.7549 1.7562
v 1.2939 0.8059 -0.8218
v 1.3387 0.7849 1.2216
v 0.2243 0.8331 -1.1894
v 0.1602 0.7680 1.6993
v 0.5098 0.7663 1.5993
v 0.5903 0.8217 -1.1835
v 0.9408 0.8168 -1.0672
v 0.9207 0.7743 1.4570
v -0.1116 0.7525 1.7433
v 1.3880 1.8826 0.9315
v 0.1355 1.9803 -1.1149
v 0.6943 1.9841 -0.9764
v 1.5047 1.9787 -0.0925
v 1.5537 1.9678 0.1569
v 0.9911 1.9837 -0.8256
v 0.0209 1.9522 -1.1227
v 1.4117 1.9835 -0.3224
v 1.5057 1.9290 0.6613
v 0.3959 1.9774 -1.0708
v -0.3009 1.9438 1.8205
v 1.2875 1.9842 -0.5243
v 1.5551 1.9502 0.4128
v -0.1688 1.9371 1.8081
v 0.0199 1.9254 1.7749
v 0.3392 1.8995 1.7140
v 1.1448 1.9768 -0.6942
v 0.1885 1.9178 1.7469
v 0.2435 1.9662 -1.1052
v 0.5476 1.9826 -1.0335
v 0.8421 1.9845 -0.9073
v -0.0964 2.0097 1.7907
v 0.4512 2.2645 1.6991
v 1.4654 2.3368 -0.0897
v 0.2994 2.2620 1.7425
v -0.0799 2.3217 1.7362
v -0.3092 2.3094 1.7990
v -1.3607 2.2988 1.0625
v -0.2812 2.3145 1.7347
v 0.0262 2.5990 1.7703
v 1.3186 2.6431 -0.3479
v 1.1994 2.6060 1.2057
v 1.4540 2.6175 0.7552
v 0.7055 2.6499 -0.9095
v 0.9076 2.5957 1.4994
v 1.3358 2.6146 1.0129
v 0.5914 2.5927 1.6670
v 0.4514 2.6509 -0.9905
v 0.1644 2.6509 -1.0326
v 0.2662 2.5885 1.7619
v -0.3241 2.6253 1.7993
v 1.4290 2.6419 -0.1090
v 1.5001 2.6383 0.1671
v 0.9504 2.6484 -0.7922
v 1.5144 2.6324 0.4626
v 1.1947 2.6449 -0.5415
v -0.2109 2.6150 1.7851
v 1.0711 2.6452 -0.6879
v 1.0549 2.5995 1.3696
v 0.3164 2.6504 -1.0165
v 0.1486 2.5907 1.7675
v 0.4286 2.5912 1.7211
v 0.5810 2.6505 -0.9580
v 0.8286 2.6492 -0.8543
v 0.7529 2.5939 1.5963
v -0.0933 2.6061 1.7755
v 1.3071 2.9404 -0.3413
v 0.0034 2.9364 1.7667
v 0.7125 2.9574 -0.8948
v 0.8957 2.9155 1.5115
v 1.1861 2.9442 -0.5326
v 0.9467 2.9516 -0.7792
v 0.5811 2.9166 1.6713
v 1.4961 2.9353 0.4660
v 1.4831 2.9367 0.1708
v 0.4632 2.9620 -0.9745
v 0.1606 2.9645 -1.0139
v 0.2448 2.9243 1.7598
v -0.3274 2.9577 1.7902
v 1.4140 2.9390 -0.1039
v 1.4367 2.9322 0.7590
v 1.1837 2.9222 1.2189
v 1.3181 2.9279 1.0239
v -0.2231 2.9510 1.7795
v 1.0636 2.9463 -0.6776
v 1.0410 2.9180 1.3835
v 0.3205 2.9628 -0.9999
v 0.1217 2.9295 1.7645
v 0.4141 2.9197 1.7216
v 0.5932 2.9600 -0.9427
v 0.8303 2.9546 -0.8403
v 0.7428 2.9150 1.6047
v -0.1135 2.9429 1.7715
v 0.0026 3.2601 1.7678
v 0.4658 3.2694 -0.9738
v 0.2479 3.2436 1.7577
v 0.5760 3.2308 1.6753
v 1.1706 3.2248 1.2256
v 0.8834 3.2263 1.5194
v 0.1628 3.2749 -1.0095
v 1.4946 3.2202 0.4658
v 1.4298 3.2226 0.7611
v -0.3220 3.2758 1.7840
v 1.4861 3.2198 0.1690
v 1.3128 3.2256 -0.3456
v 1.1892 3.2327 -0.5373
v 1.4195 3.2226 -0.1071
v 0.7129 3.2593 -0.8969
v 0.9455 3.2474 -0.7830
v 1.3068 3.2232 1.0289
v -0.2205 3.2787 1.7769
v 1.0645 3.2385 -0.6805
v 1.0275 3.2257 1.3915
v 0.3241 3.2717 -0.9964
v 0.1222 3.2556 1.7649
v 0.5948 3.2649 -0.9437
v 0.4132 3.2360 1.7227
v 0.8298 3.2535 -0.8434
v 0.7336 3.2276 1.6111
v -0.1122 3.2694 1.7715
v 0.9499 3.5317 -0.8025
v 1.2037 3.5074 -0.5549
v -0.3279 3.8477 1.8229
v -0.3222 3.7294 1.8050
v -0.3019 3.9411 1.8387
v 0.8898 3.5490 1.5344
v 0.4641 3.5701 -0.9854
v 0.2730 3.5807 1.7721
v 0.5897 3.5631 1.6897
v -0.3209 3.8979 1.8312
v 1.1745 3.5295 1.2366
v 1.3098 3.5166 1.0369
v 1.3310 3.4962 -0.3601
v 0.1622 3.5796 -1.0154
v 1.5028 3.4881 0.1629
v 1.5070 3.4933 0.4645
v -0.3295 3.7937 1.8143
v 1.4379 3.4896 -0.1177
v -0.2773 3.9808 1.8456
v -0.3092 3.6620 1.7960
v 1.4378 3.5045 0.7649
v 0.0259 3.6003 1.7844
v 0.7127 3.5521 -0.9134
v -0.2385 3.6401 1.7894
v 1.0324 3.5405 1.4052
v 1.0734 3.5169 -0.7003
v 0.3226 3.5734 -1.0050
v 0.1488 3.5908 1.7795
v 0.4324 3.5711 1.7367
v 0.5931 3.5618 -0.9583
v 0.7427 3.5560 1.6260
v 0.8316 3.5421 -0.8615
v -0.1064 3.6192 1.7867
v 1.2254 3.7639 -0.5831
v -0.2924 4.1026 1.8311
v 0.9593 3.7974 -0.8360
v -0.2313 4.1614 1.8440
v 0.4609 3.8559 -1.0076
v 0.3293 3.9309 1.7830
v 1.2035 3.8381 1.2460
v -0.2692 4.1345 1.8385
v 1.3369 3.8115 1.0429
v 1.3570 3.7498 -0.3822
v 1.5261 3.7453 0.1529
v 0.9271 3.8817 1.5476
v 0.1602 3.8711 -1.0294
v 1.5292 3.7584 0.4607
v 1.4629 3.7433 -0.1333
v 0.6362 3.9093 1.7018
v -0.3078 4.0687 1.8229
v -0.1908 4.1849 1.8485
v -0.2920 3.9870 1.8021
v -0.3064 4.0286 1.8127
v 1.4630 3.7825 0.7661
v 0.7141 3.8280 -0.9431
v 0.0741 3.9459 1.7970
v -0.1826 3.9727 1.7977
v 1.0651 3.8622 1.4176
v 1.0888 3.7784 -0.7322
v 0.3197 3.8619 -1.0221
v 0.1988 3.9315 1.7930
v 0.4835 3.9203 1.7478
v 0.5912 3.8427 -0.9851
v 0.7847 3.8969 1.6389
v 0.8368 3.8129 -0.8935
v -0.0479 3.9587 1.7974
v -0.2068 4.3239 1.8044
v 1.3837 3.9922 -0.4085
v -0.0826 4.3959 1.8312
v 0.9696 4.0485 -0.8756
v 0.4587 4.1238 -1.0323
v 0.3807 4.2663 1.7756
v 1.2475 4.0083 -0.6166
v 1.3862 4.0978 1.0440
v 1.2573 4.1391 1.2500
v -0.1304 4.3837 1.8285
v 0.1592 4.1441 -1.0449
v 1.5566 3.9928 0.1420
v 0.9804 4.2041 1.5516
v 1.5629 4.0146 0.4556
v 1.4910 3.9865 -0.1521
v -0.1956 4.3456 1.8140
v 0.6862 4.2414 1.7003
v -0.1675 4.3654 1.8219
v -0.0416 4.4084 1.8339
v -0.2045 4.3007 1.7933
v 0.7169 4.0873 -0.9774
v 1.5038 4.0514 0.7646
v 0.1302 4.2722 1.7892
v -0.1066 4.2904 1.7876
v 1.1198 4.1755 1.4224
v 1.1050 4.0253 -0.7702
v 0.3171 4.1318 -1.0413
v 0.2527 4.2618 1.7858
v 0.5339 4.2545 1.7433
v 0.5908 4.1063 -1.0155
v 0.8359 4.2253 1.6405
v 0.8431 4.0681 -0.9308
v 0.0101 4.2806 1.7877
v 0.9789 4.2824 -0.9177
v 0.1881 4.5730 1.7560
v 1.4083 4.2206 -0.4373
v -0.0558 4.6240 1.7817
v 0.4581 4.3705 -1.0569
v 0.0478 4.6359 1.7906
v 1.2670 4.2378 -0.6532
v 1.3298 4.4352 1.2467
v 1.4487 4.3721 1.0409
v 0.4271 4.5863 1.7480
v -0.0033 4.6325 1.7884
v 1.6042 4.2595 0.4482
v 1.0547 4.5200 1.5448
v 1.5199 4.2178 -0.1717
v 0.1586 4.3903 -1.0591
v 1.5894 4.2288 0.1303
v 0.7452 4.5591 1.6845
v -0.0983 4.6133 1.7731
v 0.0884 4.6420 1.7945
v -0.1300 4.5887 1.7535
v 0.7199 4.3272 -1.0127
v 1.5547 4.3093 0.7598
v -0.1200 4.6013 1.7635
v -0.0335 4.5814 1.7500
v 1.1959 4.4850 1.4180
v 1.1183 4.2511 -0.8103
v 0.3162 4.3728 -1.0593
v 0.3068 4.5792 1.7538
v 0.5853 4.5729 1.7213
v 0.5914 4.3495 -1.0463
v 0.9036 4.5429 1.6300
v 0.8491 4.3049 -0.9699
v 0.0753 4.5760 1.7517
v 0.9967 4.6315 -0.9690
v 1.2983 4.5799 -0.7011
v 0.0501 5.0851 1.5723
v 1.4451 4.5565 -0.4752
v 0.2582 5.1025 1.6350
v 0.1468 5.1042 1.6117
v 1.4304 4.8211 1.2279
v 1.5547 4.7598 1.0040
v 0.2927 5.0129 1.6258
v 0.4870 4.9419 1.6661
v 1.6404 4.5492 0.1169
v 0.1992 5.1055 1.6247
v 1.6693 4.5921 0.4369
v 1.1389 4.8834 1.5408
v 0.1001 5.1003 1.5976
v 0.1587 4.7712 -1.0661
v 0.8242 4.9086 1.6157
v 0.3162 5.1012 1.6465
v 0.4600 4.7262 -1.0776
v 1.5616 4.5374 -0.1946
v 1.6381 4.6713 0.7375
v 0.7281 4.6793 -1.0506
v 0.0701 5.0934 1.5844
v 0.1296 5.0609 1.5858
v 1.2746 4.8536 1.4340
v 1.1449 4.6211 -0.8660
v 0.3167 4.7707 -1.0721
v 0.3516 4.9657 1.6644
v 0.6513 4.9213 1.6552
v 0.5956 4.7032 -1.0761
v 0.9946 4.8946 1.5697
v 0.8618 4.6554 -1.0149
v 0.2104 5.0345 1.6051
v 1.5030 5.0872 1.1765
v 1.7153 4.8634 0.7278
v 0.8877 5.2278 1.4770
v 0.4673 5.3369 1.5275
v 0.4011 5.3394 1.5131
v 0.5938 5.2526 1.5198
v 1.6348 4.9850 0.9802
v 1.2071 5.1963 1.3931
v 1.6882 4.7121 0.1100
v 0.1478 5.3254 1.4404
v 1.6043 4.7182 -0.2164
v 0.3339 5.3433 1.4996
v 1.7282 4.7615 0.4315
v 0.7359 4.9225 -1.0559
v 1.3204 4.8124 -0.7464
v 0.4656 4.9694 -1.0679
v 1.0066 4.8735 -0.9933
v 0.1609 5.0254 -1.0460
v 0.2165 5.3402 1.4684
v 0.1767 5.3337 1.4537
v 0.2726 5.3430 1.4843
v 1.4814 4.7728 -0.5182
v 0.3956 5.2865 1.4876
v 0.2280 5.3126 1.4525
v 1.3558 5.1412 1.3180
v 1.1565 4.8691 -0.9055
v 0.3211 5.0345 -1.0549
v 0.4785 5.2629 1.5093
v 0.7253 5.2387 1.5112
v 0.6024 4.9465 -1.0728
v 1.0483 5.2137 1.4377
v 0.8706 4.8982 -1.0294
v 0.3107 5.2997 1.4686
v 0.2963 5.5887 1.2983
v 0.2591 5.5809 1.2853
v 4.6139 2.6201 2.3521
v 0.5578 5.5909 1.3601
v 1.8586 5.3075 0.9809
v 4.3440 2.8824 1.9879
v 2.1978 5.0433 0.8222
v 0.4106 5.5961 1.3292
v 3.0509 4.1484 0.7038
v 3.3748 3.8481 0.8739
v 0.6337 5.5880 1.3753
v 4.5305 2.7033 2.2351
v 0.6899 5.5230 1.3517
v 0.9654 5.5111 1.3269
v 1.5616 5.4097 1.1401
v 1.2577 5.4847 1.2695
v 2.4351 4.7743 0.7310
v 0.4813 5.5953 1.3452
v 2.7180 4.4626 0.6753
v 1.9819 5.2426 0.9248
v 3.6659 3.5543 1.1760
v 0.3449 5.5943 1.3129
v 1.7149 5.3519 1.0498
v 4.0852 3.1283 1.6752
v 0.4930 5.5422 1.3232
v 0.3347 5.5677 1.2945
v 1.4089 5.4521 1.2134
v 0.5769 5.5321 1.3417
v 0.8223 5.5196 1.3483
v 1.1105 5.4995 1.3007
v 0.4125 5.5548 1.3075
v 4.7233 2.7549 2.4028
v 0.3794 5.8522 1.1157
v 4.4547 3.0102 2.0305
v 2.2820 5.2404 0.9057
v 3.1814 4.2704 0.7881
v 3.5057 3.9813 0.9461
v 0.8108 5.8567 1.1891
v 1.3105 5.7640 1.1279
v 0.5579 5.8627 1.1534
v 1.6029 5.7171 1.0774
v 4.6406 2.8408 2.2818
v 0.7249 5.8575 1.1786
v 1.0399 5.7726 1.1600
v 0.7806 5.7802 1.1733
v 2.5442 4.9211 0.8225
v 0.6385 5.8611 1.1669
v 2.0362 5.5010 0.9877
v 2.8415 4.5827 0.7668
v 3.7906 3.6967 1.2319
v 0.4825 5.8625 1.1395
v 0.5937 5.8036 1.1471
v 1.9010 5.5995 1.0209
v 1.7545 5.6706 1.0494
v 4.1978 3.2656 1.7173
v 0.4249 5.8588 1.1268
v 0.4483 5.8354 1.1230
v 1.4520 5.7458 1.1051
v 0.6698 5.7904 1.1604
v 0.9064 5.7752 1.1732
v 1.1747 5.7689 1.1450
v 0.5194 5.8192 1.1338
v 4.8473 2.8510 2.3992
v 1.6523 5.9887 0.9600
v 0.4915 6.1360 0.9300
v 2.9744 4.6938 0.7688
v 1.3617 6.0324 0.9698
v 0.9959 6.1469 0.9652
v 0.8562 6.0332 0.9901
v 1.1017 6.0294 0.9878
v 0.7002 6.1408 0.9531
v 0.8944 6.1395 0.9648
v 2.6695 5.0533 0.8123
v 0.7938 6.1390 0.9607
v 3.3157 4.3796 0.7954
v 2.1150 5.7301 0.9360
v 4.3278 3.3610 1.7136
v 2.3900 5.4170 0.8776
v 1.8091 5.9387 0.9580
v 0.6126 6.1421 0.9446
v 4.5815 3.0974 2.0262
v 1.9666 5.8522 0.9521
v 0.6849 6.0677 0.9588
v 3.6437 4.0907 0.9533
v 4.7652 2.9406 2.2777
v 3.9282 3.8033 1.2342
v 0.5453 6.1409 0.9365
v 0.5535 6.1126 0.9366
v 1.5021 6.0198 0.9632
v 0.7564 6.0516 0.9700
v 0.9735 6.0265 0.9964
v 1.2311 6.0314 0.9789
v 0.6176 6.0898 0.9464
v 1.1663 6.2873 0.7886
v 0.9294 6.2930 0.7862
v 0.8571 6.4102 0.7223
v 3.1149 4.7917 0.6657
v 3.7837 4.1643 0.8864
v 1.7103 6.2336 0.7832
v 1.4201 6.2878 0.7736
v 4.9874 2.8420 2.3400
v 2.0418 6.0774 0.7936
v 0.9606 6.4332 0.7192
v 1.0064 6.4229 0.7184
v 2.8093 5.1712 0.6912
v 2.5146 5.5762 0.7404
v 1.8718 6.1765 0.7913
v 3.4523 4.4676 0.7115
v 4.4703 3.4032 1.6594
v 0.6150 6.4317 0.7203
v 0.8149 6.4201 0.7229
v 4.7231 3.1314 1.9717
v 1.2384 6.4388 0.6952
v 0.7711 6.3380 0.7515
v 4.9055 2.9349 2.2210
v 4.0720 3.8617 1.1767
v 2.2075 5.9361 0.7848
v 0.6662 6.4383 0.7192
v 0.6539 6.4008 0.7284
v 1.5610 6.2794 0.7653
v 0.8395 6.3256 0.7544
v 1.0416 6.2851 0.7971
v 1.2925 6.2883 0.7808
v 0.7110 6.3681 0.7402
v 1.8455 5.0031 -0.5526
v 2.4251 5.9720 -0.0264
v 1.8511 4.8820 -0.3804
v 1.8850 4.8127 -0.1478
v 1.9848 4.8270 0.3692
v 1.9350 4.7925 0.1117
v 2.0267 4.9123 0.5958
v 1.8685 5.1503 -0.6597
v 2.4202 5.8536 0.6331
v 1.9952 5.4796 -0.6819
v 2.0603 5.0298 0.7666
v 2.4617 5.9293 0.4466
v 2.3094 5.6759 0.8531
v 2.0988 5.6521 -0.5977
v 2.1231 5.2695 0.9282
v 2.2051 5.4842 0.9414
v 1.9169 5.3063 -0.7024
v 2.4674 5.9745 0.2179
v 2.3362 5.9106 -0.2580
v 2.2190 5.7992 -0.4535
v 2.0910 5.1529 0.8726
v 2.1608 5.3796 0.9484
v 2.2554 5.5827 0.9096
v 2.3653 5.7658 0.7653
v 2.1423 4.9202 -0.5550
v 2.2154 5.0354 -0.5988
v 2.7834 5.4943 0.4043
v 2.5934 5.3082 0.7961
v 2.4359 5.2859 -0.5326
v 2.3161 5.1620 -0.5918
v 2.1068 4.6447 0.0866
v 2.0748 4.6630 -0.1294
v 2.0671 4.7185 -0.3185
v 2.2084 4.7339 0.5118
v 2.1539 4.6691 0.3089
v 2.4659 5.1646 0.8659
v 2.0913 4.8110 -0.4610
v 2.7985 5.5244 0.1831
v 2.7629 5.5202 -0.0459
v 2.2624 4.8233 0.6703
v 2.5622 5.3925 -0.4183
v 2.6787 5.4740 -0.2531
v 2.7297 5.4395 0.5868
v 2.3590 5.0038 0.8342
v 2.3116 4.9162 0.7742
v 2.4097 5.0862 0.8627
v 2.5276 5.2384 0.8441
v 2.6618 5.3750 0.7146
v 3.0297 5.0194 0.5543
v 2.3853 4.4301 0.2677
v 2.4659 4.5956 -0.4671
v 2.4435 4.4816 0.4512
v 2.5084 4.5507 0.5980
v 2.9070 4.9312 -0.3760
v 2.3942 4.5206 -0.3852
v 3.0801 5.0459 -0.0438
v 3.0096 4.9993 -0.2320
v 2.7885 4.8503 -0.4698
v 3.1070 5.0641 0.1702
v 3.0865 5.0538 0.3806
v 2.7500 4.8107 0.7988
v 2.6663 4.7632 -0.5116
v 2.3454 4.4559 -0.2668
v 2.8867 4.9224 0.7465
v 2.3317 4.4181 -0.1104
v 2.3456 4.4083 0.0727
v 2.6279 4.6876 0.7564
v 2.5551 4.6755 -0.5103
v 2.5699 4.6213 0.6966
v 2.6871 4.7504 0.7889
v 2.8168 4.8682 0.7856
v 2.9588 4.9731 0.6738
v 2.8653 4.1896 -0.3673
v 2.7783 4.1408 -0.2954
v 2.9642 4.2473 -0.4055
v 3.4349 4.6668 0.2179
v 3.4221 4.6238 0.0204
v 3.3708 4.5566 -0.1531
v 3.1897 4.3929 -0.3703
v 2.6726 4.0845 -0.0563
v 2.7452 4.1720 0.4470
v 2.6662 4.0885 0.1047
v 2.8127 4.2387 0.5826
v 3.0754 4.4793 0.7761
v 3.4066 4.6783 0.4107
v 2.7089 4.1024 -0.1925
v 3.2118 4.5815 0.7375
v 3.0762 4.3164 -0.4068
v 2.6920 4.1181 0.2795
v 3.3491 4.6605 0.5683
v 3.2902 4.4758 -0.2851
v 2.9452 4.3653 0.7311
v 2.8805 4.3044 0.6745
v 3.0095 4.4233 0.7632
v 3.1432 4.5324 0.7686
v 3.2810 4.6253 0.6748
v 3.2345 3.7389 -0.0846
v 3.1432 3.7206 0.0028
v 3.5438 3.8812 -0.1671
v 3.6445 3.9586 -0.1299
v 3.7998 4.3050 0.3998
v 3.2831 4.0623 0.8212
v 3.1511 3.9241 0.6888
v 3.0901 3.8482 0.5669
v 3.5540 4.2788 0.8337
v 3.0507 3.7829 0.4168
v 3.4165 4.1815 0.8621
v 3.3350 3.7713 -0.1438
v 3.7822 4.1502 0.0721
v 3.0790 3.7208 0.1205
v 3.8088 4.2392 0.2275
v 3.0462 3.7403 0.2617
v 3.6926 4.3385 0.6954
v 3.7569 4.3387 0.5639
v 3.7252 4.0519 -0.0493
v 3.4377 3.8181 -0.1717
v 3.2175 3.9965 0.7711
v 3.3490 4.1239 0.8498
v 3.4852 4.2336 0.8577
v 3.6229 4.3152 0.7830
v 3.4147 3.5337 0.8374
v 3.4630 3.6215 0.9406
v 4.0072 4.0269 0.9472
v 3.7194 3.9021 1.0834
v 3.3934 3.4557 0.7097
v 3.6455 3.3668 0.2796
v 3.8602 3.9911 1.0596
v 3.5854 3.7770 1.0510
v 3.9594 3.4888 0.2149
v 4.0537 3.5647 0.2483
v 3.4621 3.3713 0.4548
v 4.1708 3.8723 0.5615
v 4.1640 3.7693 0.4283
v 4.1231 3.6619 0.3213
v 3.5432 3.3600 0.3536
v 4.1418 3.9564 0.7055
v 3.4095 3.4017 0.5765
v 3.7524 3.3896 0.2304
v 3.8566 3.4300 0.2089
v 4.0823 4.0093 0.8403
v 3.5225 3.7038 1.0096
v 3.6510 3.8432 1.0740
v 3.7896 3.9519 1.0793
v 3.9319 4.0177 1.0183
v 3.9023 3.4395 1.4253
v 4.0070 2.9978 0.7499
v 4.2189 3.0562 0.6800
v 3.8228 3.0093 0.9137
v 3.7664 3.0445 1.0248
v 4.4702 3.5681 1.1142
v 4.5111 3.4779 0.9905
v 4.5155 3.3750 0.8741
v 4.4165 3.1820 0.7119
v 4.3192 3.6580 1.3223
v 3.9044 2.9941 0.8192
v 4.3220 3.1113 0.6830
v 4.4824 3.2725 0.7782
v 4.0291 3.5631 1.4459
v 3.7938 3.2775 1.3384
v 3.7439 3.1035 1.1434
v 3.7556 3.1855 1.2530
v 4.1678 3.6410 1.4213
v 4.4008 3.6294 1.2299
v 4.1140 3.0185 0.7023
v 3.8453 3.3637 1.3938
v 3.9636 3.5062 1.4412
v 4.0977 3.6084 1.4400
v 4.2405 3.6590 1.3845
v 0.9843 4.9074 1.6206
v 1.1621 4.8793 1.5173
v 0.6367 4.9373 1.7008
v 0.8160 4.9254 1.6741
v 0.4556 4.9442 1.7061
v 0.3715 4.9299 1.6847
v 1.2663 4.8352 1.4784
v 0.8287 4.8901 1.6229
v 0.4655 4.9609 1.7514
v 0.4590 4.7763 1.7489
v 0.6341 4.7682 1.7297
v 0.8290 4.9437 1.7184
v 0.8061 4.7549 1.6954
v 0.9718 4.7365 1.6424
v 1.1318 4.7127 1.5693
v 1.2831 4.6848 1.4752
v 1.3279 4.8612 1.4603
v 0.3094 4.7813 1.7503
v 0.3302 4.9543 1.7134
v 0.6487 4.9553 1.7456
v 1.0023 4.9248 1.6643
v 1.1708 4.8974 1.5792
v 1.1386 4.8713 1.5586
v 0.4945 4.9175 1.6770
v -0.9142 6.7219 0.4848
v -0.7614 6.9279 0.0142
v -0.6226 6.9697 -0.1707
v -0.8473 6.8472 0.2204
v -0.4436 6.9910 -0.3077
v -0.9216 6.6313 0.6438
v -0.2306 6.9815 -0.3878
v -0.8828 6.2867 0.8721
v -0.2492 4.7595 1.7541
v -0.7414 6.0009 1.1004
v -0.1545 4.5105 1.7753
v -0.5951 5.7266 1.2975
v -0.0800 4.2565 1.7721
v -0.0286 4.0125 1.7597
v 0.0021 3.7846 1.7478
v -1.0641 6.5708 0.6154
v -0.4023 5.2305 1.6055
v -0.4920 5.4715 1.4689
v 0.0020 3.9306 1.7446
v -0.5523 6.0039 1.0856
v -0.4483 5.7280 1.2680
v -0.1654 4.7452 1.7285
v -0.6659 6.2951 0.8822
v -0.7268 6.7923 0.4996
v -0.7066 6.9211 0.2914
v -0.2101 7.0730 -0.3253
v -0.6540 7.0087 0.0880
v -0.5517 7.0551 -0.1020
v -0.4002 7.0725 -0.2431
v -0.8028 6.5715 0.6540
v -0.0331 4.2063 1.7539
v -0.0919 4.4828 1.7538
v -0.3596 5.4703 1.4344
v -0.2866 5.2261 1.5718
v 0.0152 3.6628 1.7347
v -0.3606 5.7180 1.2398
v -0.2359 5.2108 1.5428
v -0.4471 5.9976 1.0661
v -0.3927 7.0399 -0.2277
v -0.5352 7.0293 -0.0798
v -0.6777 6.9002 0.3115
v -0.6856 6.7654 0.5028
v -0.2075 7.0294 -0.3222
v -0.2956 5.4559 1.4051
v -0.8587 6.8296 -0.0666
v -0.6894 6.8618 -0.2420
v -0.6268 5.4654 1.4949
v -0.2495 6.8319 -0.4699
v -1.1204 6.6181 0.5624
v -0.9268 6.0033 1.1007
v -0.7496 5.7213 1.3183
v -0.4830 6.8737 -0.3779
v -0.5224 5.2273 1.6301
v -0.3404 4.7701 1.7711
v -0.2348 4.5340 1.7887
v -0.1499 4.2994 1.7848
v -0.0807 4.0812 1.7707
v -0.1410 4.7267 1.7040
v -0.0884 4.4518 1.7314
v -0.0543 4.1450 1.7310
v -0.0245 3.4478 1.7183
v -1.1140 6.2980 0.8433
v -0.5444 6.2943 0.8783
v -0.6327 6.9884 0.1039
v -0.9758 6.7671 0.1429
v -0.6637 6.6065 0.6525
v -1.3863 6.5748 0.5639
v -2.6130 5.7194 0.4194
v -2.4568 5.5119 0.8062
v -2.3343 5.3305 0.9223
v -2.1437 4.9336 0.7378
v -2.0970 4.8360 0.5781
v -2.0477 4.7658 0.3555
v -1.9358 6.3583 0.4673
v -1.8467 6.0383 0.8786
v -1.7829 5.7772 1.0479
v -1.7097 5.1425 1.0279
v -1.7442 4.9639 0.8133
v -2.5698 5.6560 0.5928
v -1.9150 6.2628 0.6435
v -1.6997 6.2082 -0.5105
v -1.7997 6.3439 -0.2784
v -1.8810 6.4137 -0.0200
v -1.9277 6.4156 0.2379
v -1.6020 6.0208 -0.6958
v -1.5228 5.8015 -0.8216
v -1.4867 4.9274 -0.5672
v -1.5981 4.8049 -0.2524
v -1.7180 4.7926 0.1169
v -2.3743 5.6089 -0.4327
v -2.4893 5.7014 -0.2543
v -2.5763 5.7520 -0.0377
v -2.6193 5.7566 0.1971
v -2.2510 5.4839 -0.5621
v -2.1364 5.3382 -0.6352
v -1.9310 4.8154 -0.3412
v -1.9548 4.7525 -0.1321
v -1.9983 4.7369 0.1080
v -1.7687 4.8474 0.4778
v -1.4692 5.5702 -0.8765
v -2.0434 5.1886 -0.6477
v -2.9139 5.2931 0.3835
v -2.7394 5.1429 0.7402
v -2.6005 5.0041 0.8305
v -2.3626 4.6999 0.6284
v -2.3042 4.6246 0.4831
v -2.2484 4.5688 0.2896
v -2.8638 5.2495 0.5487
v -2.7101 5.1823 -0.3964
v -2.8172 5.2562 -0.2430
v -2.8937 5.3016 -0.0478
v -2.9276 5.3135 0.1713
v -2.5879 5.0885 -0.5001
v -2.4658 4.9835 -0.5517
v -2.1775 4.6052 -0.2873
v -2.1765 4.5571 -0.1168
v -2.2032 4.5451 0.0810
v -2.3580 4.8768 -0.5526
v -3.2264 4.8776 0.3814
v -3.0439 4.7680 0.7053
v -2.8999 4.6534 0.7734
v -2.6445 4.4004 0.5666
v -2.5813 4.3360 0.4369
v -2.5261 4.2856 0.2677
v -3.1732 4.8523 0.5340
v -3.0788 4.7127 -0.3308
v -3.1677 4.7863 -0.1938
v -3.2263 4.8431 -0.0162
v -3.2470 4.8752 0.1851
v -2.9701 4.6319 -0.4200
v -2.8531 4.5509 -0.4616
v -2.5073 4.2912 -0.2286
v -2.4828 4.2622 -0.0836
v -2.4907 4.2599 0.0867
v -2.7409 4.4739 -0.4592
v -3.5827 4.5020 0.4613
v -3.3882 4.4240 0.7396
v -3.2422 4.3212 0.7948
v -2.9779 4.0737 0.6065
v -2.9152 4.0063 0.4909
v -2.8688 3.9490 0.3392
v -3.5237 4.4929 0.5936
v -3.5077 4.2538 -0.1711
v -3.5750 4.3426 -0.0480
v -3.6120 4.4207 0.1104
v -3.6150 4.4770 0.2890
v -3.4166 4.1668 -0.2517
v -3.3112 4.0895 -0.2900
v -2.9235 3.9081 -0.0966
v -2.8712 3.9000 0.0287
v -2.8525 3.9130 0.1778
v -3.2024 4.0251 -0.2903
v -3.9293 4.1617 0.6762
v -3.7130 4.1197 0.9050
v -3.5634 4.0273 0.9493
v -3.3083 3.7617 0.7869
v -3.2552 3.6838 0.6870
v -3.2261 3.6138 0.5543
v -3.8600 4.1695 0.7851
v -3.9365 3.8370 0.1303
v -3.9829 3.9401 0.2437
v -3.9967 4.0373 0.3819
v -3.9784 4.1155 0.5327
v -3.8611 3.7424 0.0533
v -3.7660 3.6648 0.0172
v -3.3528 3.5288 0.1801
v -3.2774 3.5368 0.2858
v -3.2333 3.5643 0.4138
v -3.6617 3.6056 0.0172
v -4.2381 3.8318 0.9989
v -4.0066 3.8226 1.1950
v -3.8565 3.7405 1.2369
v -3.6187 3.4577 1.1091
v -3.5756 3.3716 1.0242
v -3.5596 3.2929 0.9085
v -4.1607 3.8529 1.0912
v -4.2995 3.4717 0.5324
v -4.3355 3.5777 0.6295
v -4.3348 3.6823 0.7487
v -4.3004 3.7718 0.8776
v -4.2304 3.3778 0.4667
v -4.1382 3.3026 0.4344
v -3.7182 3.1847 0.5738
v -3.6350 3.1997 0.6693
v -3.5800 3.2350 0.7841
v -4.0345 3.2468 0.4318
v -4.6495 3.3486 1.5871
v -4.4104 3.3672 1.7622
v -4.2623 3.2996 1.8036
v -4.0445 3.0240 1.7055
v -4.0114 2.9362 1.6339
v -4.0052 2.8537 1.5321
v -4.5667 3.3783 1.6690
v -4.7461 2.9984 1.1665
v -4.7740 3.0968 1.2567
v -4.7639 3.1960 1.3649
v -4.7200 3.2843 1.4796
v -4.6830 2.9107 1.1045
v -4.5938 2.8385 1.0746
v -4.1748 2.7278 1.2176
v -4.0909 2.7483 1.3101
v -4.0325 2.7901 1.4183
v -4.4909 2.7837 1.0742
v -4.8752 3.0634 1.9647
v -4.6374 3.0930 2.1347
v -4.4908 3.0343 2.1740
v -4.2775 2.7751 2.0737
v -4.2469 2.6899 2.0037
v -4.2449 2.6060 1.9076
v -4.7922 3.0955 2.0443
v -4.9831 2.7317 1.5512
v -5.0054 2.8250 1.6394
v -4.9921 2.9174 1.7466
v -4.9465 3.0004 1.8597
v -4.9269 2.6454 1.4915
v -4.8432 2.5717 1.4638
v -4.4253 2.4628 1.6090
v -4.3384 2.4892 1.6982
v -4.2765 2.5374 1.8010
v -4.7435 2.5148 1.4652
v -5.0466 2.8555 2.2345
v -4.8207 2.9137 2.4110
v -4.6585 2.8680 2.4579
v -4.4177 2.5970 2.3383
v -4.4242 2.5126 2.2664
v -4.4351 2.4293 2.1711
v -4.9655 2.8876 2.3143
v -5.1638 2.5411 1.8265
v -5.1801 2.6302 1.9138
v -5.1635 2.7185 2.0195
v -5.1173 2.7983 2.1307
v -5.1149 2.4563 1.7673
v -5.0375 2.3812 1.7395
v -4.6190 2.2754 1.8791
v -4.5270 2.3072 1.9662
v -4.4640 2.3597 2.0668
v -4.9417 2.3222 1.7403
v -1.7316 5.4799 1.1125
v -2.2281 5.1292 0.8935
v -2.4712 4.8493 0.7847
v -2.7631 4.5248 0.7155
v -4.4574 2.7331 2.4200
v -1.4409 5.3378 -0.8550
v -1.9771 5.0476 -0.6029
v -2.2723 4.7754 -0.5078
v -2.6428 4.4036 -0.4181
v -3.0982 3.9735 -0.2573
v -3.5550 3.5636 0.0461
v -3.9272 3.2089 0.4547
v -4.3837 2.7467 1.0986
v -4.6373 2.4767 1.4908
v -4.8366 2.2835 1.7648
v -1.4400 5.1195 -0.7587
v -1.9383 4.9193 -0.5012
v -2.2105 4.6820 -0.4194
v -2.5628 4.3410 -0.3411
v -3.0027 3.9338 -0.1927
v -3.4495 3.5380 0.1003
v -3.8195 3.1881 0.5018
v -4.2759 2.7276 1.1463
v -4.5286 2.4587 1.5388
v -4.7264 2.2672 1.8111
v -4.1400 3.1763 1.7784
v -4.3706 2.9188 2.1483
v -3.7269 3.6107 1.2005
v -3.4275 3.9014 0.9004
v -3.1029 4.1986 0.7394
v -1.4854 3.0823 0.6939
v -1.1038 3.7392 1.4372
v -1.4082 3.0824 -0.1169
v -1.4877 3.0797 0.1495
v -1.5134 3.0797 0.4262
v -2.2546 6.0194 0.6359
v -1.8464 4.8336 0.1324
v -1.7299 4.9271 -0.4140
v -1.7830 4.8486 -0.1592
v -2.1649 5.8322 0.8632
v -2.2859 6.1003 0.4587
v -1.9549 5.0906 0.8571
v -1.9270 5.7973 -0.6343
v -2.0735 5.6043 1.0023
v -1.8323 5.6088 -0.7328
v -2.0378 5.9589 -0.4736
v -2.1481 6.0781 -0.2639
v -1.9303 4.9630 0.6847
v -2.2836 6.1478 0.2294
v -2.2359 6.1425 -0.0217
v -1.7082 5.0625 -0.6036
v -1.7211 5.2311 -0.7176
v -2.0029 5.3480 0.9989
v -1.8970 4.8726 0.4277
v -1.7630 5.4150 -0.7602
v -1.1002 3.4097 1.3969
v -1.4138 3.0874 0.9366
v -0.9025 6.7080 -0.2428
v -1.1351 6.6326 -0.2701
v -1.3760 6.5433 -0.2871
v -1.6495 6.4194 -0.2850
v -1.5531 6.2854 -0.5215
v -1.2825 6.4147 -0.5311
v -1.0382 6.5131 -0.5137
v -0.7945 6.6006 -0.4764
v -0.5118 5.6105 -0.9803
v -0.7733 5.5479 -1.0158
v -1.0300 5.4821 -1.0080
v -1.3025 5.3956 -0.9205
v -1.2973 5.1744 -0.8740
v -1.0127 5.2523 -1.0208
v -0.7510 5.3109 -1.0502
v -0.4898 5.3654 -1.0264
v -1.5837 5.5434 1.1669
v -1.2908 5.6234 1.2522
v -1.0179 5.6505 1.2870
v -0.7635 5.6611 1.2908
v -1.0036 6.5779 0.4834
v -1.2375 6.5468 0.4662
v -1.4908 6.5066 0.4524
v -1.7793 6.4216 0.4587
v -1.7726 6.4834 0.2325
v -1.4885 6.5809 0.2306
v -1.2417 6.6374 0.2454
v -1.0125 6.6825 0.2622
v -1.7281 6.4854 -0.0244
v -1.4498 6.5971 -0.0239
v -1.2079 6.6710 -0.0077
v -0.9801 6.7311 0.0119
v -0.9705 6.4438 0.6545
v -1.2093 6.4244 0.6373
v -1.4680 6.3966 0.6245
v -1.7587 6.3211 0.6324
v -0.8942 6.1782 0.8886
v -1.1381 6.1695 0.8772
v -1.4025 6.1534 0.8658
v -1.6936 6.0907 0.8695
v -0.8258 5.9166 1.0993
v -1.0724 5.9099 1.0942
v -1.3399 5.8939 1.0776
v -1.6308 5.8302 1.0576
v -1.3064 4.9710 -0.7887
v -1.0078 5.0399 -1.0075
v -0.7395 5.0928 -1.0634
v -0.4777 5.1415 -1.0532
v -0.6859 6.4081 -0.6679
v -0.9419 6.3171 -0.7129
v -1.1911 6.2194 -0.7300
v -1.4591 6.0948 -0.7124
v -1.3814 5.8677 -0.8470
v -1.1161 5.9810 -0.8733
v -0.8640 6.0696 -0.8583
v -0.6015 6.1538 -0.8106
v -0.5462 5.8782 -0.9116
v -0.8089 5.8051 -0.9560
v -1.0624 5.7286 -0.9639
v -1.3282 5.6286 -0.9173
v -1.5486 5.2463 1.2041
v -1.2522 5.3565 1.3856
v -0.9705 5.3955 1.4462
v -0.7116 5.4118 1.4547
v -1.3253 3.0931 1.1151
v -1.1161 3.1018 1.3825
v -0.8656 3.1067 1.5288
v -0.5849 3.1113 1.6188
v -1.2965 3.0848 -0.3545
v -1.1839 3.0898 -0.5266
v -0.9508 3.1003 -0.7769
v -0.7164 3.1092 -0.9015
v -0.4716 3.1160 -0.9723
v -1.1154 4.0570 1.4903
v -1.1303 4.3511 1.5339
v -1.1479 4.6150 1.5476
v -1.2110 5.1001 1.4731
v -1.4976 3.3574 0.1480
v -1.5177 3.6166 0.1430
v -1.5408 3.8690 0.1370
v -1.5679 4.1099 0.1341
v -1.6052 4.3413 0.1324
v -1.6603 4.6218 0.1313
v -1.6825 4.6685 0.4798
v -1.6198 4.3760 0.4695
v -1.5879 4.1357 0.4560
v -1.5581 3.8862 0.4415
v -1.5363 3.6257 0.4309
v -1.5199 3.3591 0.4286
v -1.4850 3.3663 0.7002
v -1.4951 3.6450 0.7152
v -1.5130 3.9179 0.7418
v -1.5450 4.1803 0.7700
v -1.5823 4.4336 0.7930
v -1.6736 4.7734 0.7997
v -1.5695 4.6217 -0.2088
v -1.5215 4.3305 -0.1870
v -1.4880 4.1032 -0.1683
v -1.4626 3.8664 -0.1498
v -1.4387 3.6174 -0.1344
v -1.4177 3.3610 -0.1224
v -0.9309 5.1464 1.5551
v -0.8896 4.6651 1.6654
v -0.8802 4.3975 1.6648
v -0.8685 4.0951 1.6256
v -0.8569 3.7646 1.5753
v -0.8519 3.4197 1.5406
v -1.4069 3.3777 0.9454
v -1.4139 3.6705 0.9734
v -1.4302 3.9549 1.0117
v -1.4575 4.2208 1.0483
v -1.4907 4.4637 1.0744
v -1.6060 4.9040 1.0666
v -1.4874 4.9892 1.2409
v -1.3878 4.5226 1.2713
v -1.3581 4.2703 1.2464
v -1.3350 3.9931 1.2061
v -1.3202 3.6965 1.1613
v -1.3144 3.3908 1.1269
v -0.6704 5.1686 1.5768
v -0.6301 4.6922 1.7129
v -0.6195 4.4232 1.7191
v -0.6051 4.1171 1.6870
v -0.5889 3.7812 1.6461
v -0.5780 3.4297 1.6262
v -0.4712 3.4218 -0.9765
v -0.4679 3.7146 -0.9955
v -0.4644 3.9921 -1.0196
v -0.4623 4.2501 -1.0448
v -0.4624 4.4762 -1.0666
v -0.4660 4.8332 -1.0755
v -0.7283 4.7863 -1.0656
v -0.7175 4.4304 -1.0373
v -0.7150 4.2100 -1.0045
v -0.7138 3.9599 -0.9681
v -0.7143 3.6920 -0.9350
v -0.7150 3.4089 -0.9092
v -0.9507 3.3931 -0.7870
v -0.9550 3.6658 -0.8153
v -0.9604 3.9243 -0.8521
v -0.9679 4.1673 -0.8935
v -0.9752 4.3833 -0.9324
v -0.9979 4.7372 -0.9764
v -1.2862 4.6829 -0.7042
v -1.2478 4.3396 -0.6599
v -1.2332 4.1266 -0.6255
v -1.2164 3.8887 -0.5905
v -1.2012 3.6377 -0.5601
v -1.1885 3.3746 -0.5369
v -1.4252 4.6559 -0.4997
v -1.3815 4.3228 -0.4631
v -1.3633 4.1105 -0.4348
v -1.3420 3.8739 -0.4065
v -1.3214 3.6252 -0.3822
v -1.3039 3.3657 -0.3638
v -1.9298 -0.1163 0.8769
v -1.7485 0.5673 0.8366
v -1.4231 2.4434 0.9011
v -1.4271 2.7853 0.9307
v -1.3411 2.7866 1.1074
v -1.3468 2.4437 1.0757
v -1.6261 0.5645 1.0157
v -1.7820 -0.1181 1.0536
v -2.0142 -0.1125 0.1109
v -1.8412 0.5766 0.0760
v -1.5038 2.1634 0.1193
v -1.4775 2.4645 0.1421
v -1.4896 2.7895 0.1498
v -1.5178 2.7871 0.4277
v -1.4966 2.4524 0.4095
v -1.5296 2.1267 0.3643
v -1.8737 0.5740 0.3480
v -2.0515 -0.1132 0.3875
v -0.7727 -0.1187 1.5557
v -0.7211 0.5543 1.5641
v -0.6219 2.4334 1.6114
v -0.5922 2.7885 1.6206
v -0.2425 -0.0378 1.6280
v -1.0790 -0.1272 1.4582
v -1.0249 0.5576 1.4473
v -0.8915 2.4403 1.5174
v -0.8798 2.7898 1.5234
v -0.4597 2.8068 -0.9870
v -0.4119 2.4769 -1.0211
v -0.3637 2.1685 -1.0618
v -0.3277 0.5766 -1.1713
v -0.3640 -0.1141 -1.1668
v -1.9186 -0.1121 -0.1622
v -1.7554 0.5779 -0.1997
v -1.4457 2.1809 -0.1262
v -1.4124 2.4721 -0.1180
v -1.4082 2.7921 -0.1205
v -1.2196 -0.1108 -0.9927
v -1.1200 0.5824 -1.0226
v -0.9833 2.1762 -0.8415
v -0.9620 2.4769 -0.8074
v -0.9514 2.8008 -0.7903
v -1.1847 2.7957 -0.5373
v -1.2063 2.4755 -0.5343
v -1.2490 2.1791 -0.5471
v -1.4768 0.5791 -0.6881
v -1.6059 -0.1106 -0.6486
v -0.7871 -0.1140 -1.1402
v -0.7160 0.5821 -1.1555
v -0.6727 2.1750 -0.9918
v -0.6920 2.4774 -0.9478
v -0.7121 2.8044 -0.9157
v -1.4923 2.7822 0.6956
v -1.4697 2.4451 0.6691
v -1.8357 0.5703 0.6060
v -2.0258 -0.1144 0.6488
v -1.4251 -0.1239 1.3157
v -1.3377 0.5604 1.2879
v -1.1471 2.4436 1.3537
v -1.1338 2.7888 1.3734
v -1.2958 2.7931 -0.3626
v -1.3147 2.4749 -0.3539
v -1.3585 2.1829 -0.3575
v -1.6286 0.5782 -0.4664
v -1.7763 -0.1118 -0.4242
v -0.5210 -0.0936 1.6097
v -0.4567 0.5263 1.6248
v -0.4097 2.1189 1.6957
v -0.3817 2.4519 1.6930
v -0.3562 2.7954 1.6847
v -0.3501 3.1164 1.6706
v -0.3427 3.4416 1.6732
v -0.3535 3.7909 1.6819
v -0.3721 4.1261 1.7069
v -0.3933 4.4332 1.7277
v -0.4163 4.7043 1.7158
v -1.8890 0.1578 0.8704
v -1.7492 0.1568 1.0463
v -1.9645 0.1633 0.1023
v -2.0014 0.1616 0.3804
v -0.7565 0.1590 1.5527
v -0.1833 0.1863 1.6262
v -1.0663 0.1506 1.4480
v -0.3481 0.1653 -1.1676
v -1.8697 0.1646 -0.1720
v -1.1868 0.1702 -1.0106
v -1.5662 0.1677 -0.6667
v -0.7610 0.1684 -1.1509
v -1.9798 0.1597 0.6415
v -1.4053 0.1530 1.3060
v -1.7311 0.1658 -0.4389
v -0.4922 0.1661 1.6119
v -1.6198 1.0699 0.8182
v -1.5164 1.0637 1.0033
v -1.6934 1.0687 0.0568
v -1.7259 1.0715 0.3303
v -0.6801 1.0393 1.5964
v -0.9717 1.0525 1.4698
v -0.3091 1.0484 -1.1685
v -1.6159 1.0673 -0.2213
v -1.0410 1.0665 -1.0102
v -1.3685 1.0632 -0.6928
v -0.6674 1.0660 -1.1432
v -1.6964 1.0731 0.5870
v -1.2654 1.0572 1.2946
v -1.5050 1.0645 -0.4825
v -0.4204 0.9884 1.6556
v -0.3801 6.5512 -0.5980
v -0.8087 6.8146 0.0415
v -0.6528 5.9380 1.0867
v -0.7298 6.2093 0.8868
v -0.8469 6.7510 0.2784
v -0.8141 6.4897 0.6578
v -0.4804 5.1825 1.5693
v -0.5277 5.4242 1.4381
v -0.7145 6.8150 -0.1914
v -0.8434 6.6340 0.4917
v -0.5825 5.6761 1.2711
v -0.5600 6.7392 -0.4069
v -0.2131 5.9525 -0.8556
v -0.2579 6.2598 -0.7478
v -0.1952 5.6739 -0.9323
v -0.1814 5.4249 -0.9875
v -0.1699 4.5019 -1.0643
v -0.1693 4.8822 -1.0598
v -0.1700 4.2767 -1.0531
v -0.1744 5.1990 -1.0240
v -0.0051 0.1653 -1.1542
v -0.0101 -0.0992 -1.1559
v -0.0095 0.5573 -1.1619
v -0.0904 2.1571 -1.1008
v -0.0232 1.0300 -1.1713
v -0.1662 2.8085 -1.0276
v -0.1760 3.1206 -1.0137
v -0.1757 3.4303 -1.0130
v -0.1239 2.4754 -1.0573
v -0.1738 3.7299 -1.0242
v -0.1715 4.0139 -1.0388
v 0.0480 -0.0856 -1.1537
v 0.0458 0.5614 -1.1657
v 0.0570 0.1723 -1.1514
v 0.0221 1.0414 -1.1738
v -0.0545 3.1289 1.7150
v -0.0581 2.7979 1.7274
v -0.0946 2.4640 1.7397
v -0.0895 2.1440 1.7450
v -0.1146 0.9894 1.6691
v -0.1381 0.5336 1.6381
v -0.0346 3.8172 1.7238
v -1.0856 6.6741 0.4581
v -0.2407 6.8946 -0.4365
v -0.6578 6.9129 -0.2088
v -0.9948 6.6945 0.4729
v -0.9119 6.8063 0.1795
v -0.8113 6.8772 -0.0283
v -0.4644 6.9271 -0.3449
v -1.0181 6.6224 0.6062
v -0.0270 3.8812 1.7585
v -0.6872 6.7872 0.5045
v -0.6782 6.9190 0.3056
v -0.0038 3.8769 1.7344
v -0.3962 5.7244 1.2529
v -0.4903 6.0028 1.0753
v -0.1453 4.7365 1.7155
v -0.5943 6.2980 0.8807
v 0.0023 3.5713 1.7263
v -0.3928 7.0704 -0.2339
v -0.7212 6.5811 0.6635
v -0.2531 5.2192 1.5557
v -0.3192 5.4641 1.4181
v -0.0816 4.4680 1.7423
v -0.0315 4.1771 1.7427
v -0.6346 7.0087 0.1014
v -0.5390 7.0553 -0.0898
v -0.2066 7.0687 -0.3173
v -0.1974 4.5210 1.7818
v -0.5609 5.4670 1.4817
v -0.4648 5.2274 1.6174
v -0.1173 4.2778 1.7787
v -0.0550 4.0476 1.7656
v -0.6729 5.7230 1.3081
v -0.8375 6.0003 1.1013
v -0.2977 4.7636 1.7620
v -1.0002 6.2890 0.8587
v -1.2217 6.5694 0.5930
v -0.0123 3.8338 1.7532
v -0.2597 6.7746 -0.5028
v -0.7236 6.8050 -0.2753
v -0.9087 6.7754 -0.1050
v -1.1948 6.6508 0.4376
v -1.0423 6.7209 0.1060
v -0.5043 6.8166 -0.4096
v -1.2265 6.6261 0.5148
v 0.0024 7.0234 -0.3566
v -2.0868 6.1608 0.6450
v -2.0101 5.9526 0.8771
v -2.1117 6.2501 0.4677
v -1.9321 5.7051 1.0298
v -1.8425 4.9799 0.7396
v -1.8269 4.8788 0.4568
v -1.7772 4.8341 0.1328
v -1.6208 4.9405 -0.4698
v -1.6963 4.8485 -0.1894
v -1.7637 5.9213 -0.6692
v -1.6786 5.7146 -0.7805
v -1.8670 6.0990 -0.4945
v -1.9722 6.2292 -0.2716
v -2.1055 6.3029 0.2372
v -2.0574 6.2983 -0.0193
v -1.5835 5.1008 -0.6700
v -1.5862 5.2949 -0.7828
v -1.8750 5.4213 1.0482
v -1.6190 5.5013 -0.8184
v -1.8474 5.1267 0.9229
v -4.8198 2.1844 1.9301
v -4.9298 2.1996 1.8853
v -5.2438 2.4552 1.9517
v -4.5236 2.3528 2.2848
v -5.0457 2.7932 2.4325
v -4.9032 2.8227 2.5313
v -4.7414 2.7803 2.5791
v -4.5109 2.4345 2.3799
v -4.5025 2.5163 2.4531
v -5.1243 2.7602 2.3527
v -4.5405 2.6486 2.5391
v -5.2566 2.5417 2.0380
v -5.2384 2.6269 2.1416
v -5.1928 2.7040 2.2506
v -5.1261 2.2970 1.8634
v -5.1993 2.3717 1.8924
v -5.0334 2.2380 1.8626
v -4.5539 2.2828 2.1818
v -4.7114 2.1945 1.9968
v -4.6180 2.2286 2.0826
v -0.0076 3.9744 1.7528
v -0.5177 5.7292 1.2844
v -0.6404 6.0030 1.0954
v -0.2001 4.7541 1.7431
v -0.7630 6.2901 0.8805
v 0.0130 3.7302 1.7418
v -0.2175 7.0546 -0.3446
v -0.5810 7.0306 -0.1290
v -0.7011 6.9828 0.0577
v -0.0490 4.2322 1.7636
v -0.1149 4.4977 1.7656
v -0.8160 6.7652 0.4918
v -0.7723 6.8952 0.2612
v -0.4168 7.0524 -0.2662
v -0.8347 6.6354 0.6631
v -0.3386 5.2313 1.5906
v -0.4197 5.4739 1.4532
v -0.2047 0.9799 1.6675
v -0.1720 2.4633 1.7390
v -0.7261 6.8469 0.2978
v -0.5832 6.9499 -0.1215
v -0.1309 3.4657 1.7069
v -0.5101 5.9753 1.0727
v -0.4295 5.7022 1.2501
v -0.6001 6.2626 0.8820
v -0.2249 4.7188 1.7097
v -0.3686 5.4440 1.4167
v -0.4307 6.9268 -0.3012
v -0.3264 -0.0563 1.6252
v -0.1866 4.4451 1.7318
v -0.2195 6.8530 -0.4418
v -0.7289 6.7180 0.4968
v -0.6815 6.9269 0.0801
v -0.1441 3.1241 1.7047
v -0.7018 6.5650 0.6535
v -0.1570 4.1381 1.7229
v -0.0025 6.8535 -0.4658
v -0.1373 3.8071 1.7118
v -0.2779 0.1738 1.6240
v -0.3129 5.2006 1.5537
v -0.2364 0.5239 1.6366
v -0.1525 2.7979 1.7215
v -0.1877 2.1401 1.7454
v -1.9020 0.0092 -0.1649
v -0.3565 0.0085 -1.1658
v -1.2071 0.0128 -1.0011
v -1.9201 0.0041 0.8765
v -0.7762 0.0102 -1.1446
v -1.7751 0.0029 1.0525
v -1.5920 0.0116 -0.6558
v -1.4221 -0.0019 1.3123
v -1.9981 0.0084 0.1087
v 0.0537 0.0275 -1.1505
v -0.0064 0.0181 -1.1537
v -2.0134 0.0059 0.6484
v -2.0369 0.0073 0.3863
v -0.2124 0.0610 1.6262
v -0.7666 0.0058 1.5532
v -1.7606 0.0100 -0.4285
v -0.5075 0.0236 1.6099
v -1.0755 -0.0046 1.4528
v -0.3021 0.0461 1.6237
v -1.9286 -0.2191 0.8743
v -1.7793 -0.2217 1.0518
v -2.0218 -0.2154 0.1111
v -2.0556 -0.2158 0.3860
v -0.7769 -0.2285 1.5570
v -0.2737 -0.1233 1.6298
v -1.0794 -0.2323 1.4601
v -0.3713 -0.2183 -1.1671
v -1.9274 -0.2154 -0.1604
v -1.2281 -0.2165 -0.9855
v -1.6144 -0.2149 -0.6427
v -0.7957 -0.2201 -1.1365
v -2.0272 -0.2170 0.6464
v -1.4216 -0.2284 1.3165
v -1.7855 -0.2155 -0.4209
v -0.5336 -0.1969 1.6091
v -0.0159 -0.1985 -1.1582
v 0.0401 -0.1804 -1.1571
v -0.3511 -0.1481 1.6263
v 0.0233 2.4752 -1.0592
v -0.0014 3.7327 -1.0281
v 0.0016 3.4320 -1.0183
v -0.0011 4.0178 -1.0411
v -0.0013 5.2045 -1.0190
v -0.0015 5.4208 -0.9838
v -0.0013 4.8876 -1.0566
v -0.0009 4.2816 -1.0536
v -0.0007 3.1215 -1.0199
v -0.0023 5.6714 -0.9324
v -0.0061 6.4988 -0.6535
v -0.0038 5.9441 -0.8579
v -0.0009 4.5073 -1.0632
v 0.0023 2.8089 -1.0324
v -0.0052 6.2261 -0.7638
v -1.5516 1.3154 -0.2143
v -0.3176 1.2920 -1.1581
v -0.6580 1.3118 -1.1233
v -1.4695 1.3215 1.0014
v -1.3222 1.3103 -0.6782
v -1.5606 1.3276 0.8139
v -1.0130 1.3127 -0.9907
v -1.6511 1.3222 0.3269
v -0.0537 1.2701 -1.1737
v -1.4499 1.3122 -0.4711
v -1.6270 1.3278 0.5937
v -1.6207 1.3181 0.0582
v -0.1117 1.2349 1.6883
v -0.1946 1.2257 1.6858
v -0.4090 1.2395 1.6731
v 0.0024 1.2827 -1.1783
v -0.9526 1.3107 1.4795
v -0.6669 1.2898 1.6119
v -1.2361 1.3160 1.2985
v -1.0984 4.1463 -0.7820
v -1.6246 6.5385 0.2292
v -1.1092 4.3605 -0.8203
v -1.0865 3.9061 -0.7423
v -1.1507 5.2167 -0.9641
v -1.1627 5.4422 -0.9743
v -1.3831 0.1694 -0.8616
v -1.2103 3.4018 1.2801
v -1.0684 3.3840 -0.6806
v -1.0766 3.6517 -0.7074
v -1.6084 6.3663 0.6257
v -1.5852 0.1553 1.1933
v -1.5442 6.1291 0.8654
v -1.4343 5.5910 1.2153
v -1.2119 1.0642 -0.8724
v -1.2244 3.0981 1.2662
v -1.3968 1.0595 1.1644
v -1.0665 3.0952 -0.6700
v -1.5829 6.5469 -0.0262
v -1.2418 2.7878 1.2571
v -1.3055 0.5808 -0.8782
v -1.4189 -0.1101 -0.8425
v -1.4847 0.5623 1.1671
v -1.6103 -0.1206 1.2015
v -1.3990 5.3128 1.3122
v -1.2536 2.4438 1.2287
v -1.1922 5.6824 -0.9467
v -1.2455 5.9283 -0.8643
v -1.3211 6.1612 -0.7246
v -1.1521 5.0081 -0.9230
v -1.3510 5.0547 1.3788
v -1.5071 6.4865 -0.2883
v -1.4822 5.8692 1.0673
v -1.0677 2.7984 -0.6825
v -1.2280 4.0283 1.3691
v -1.2468 4.3151 1.4121
v -1.0870 2.4762 -0.6883
v -1.2705 4.5745 1.4324
v -1.4128 6.3546 -0.5291
v -1.1224 2.1769 -0.7115
v -1.2148 3.7201 1.3189
v -1.6294 6.4711 0.4529
v -1.1397 4.7107 -0.8671
v -1.4059 0.0128 -0.8511
v -1.6057 0.0010 1.1994
v -1.4273 -0.2151 -0.8351
v -1.6073 -0.2249 1.2012
v -1.3598 1.3177 1.1653
v -1.1746 1.3106 -0.8551
v -0.9245 6.7123 0.2699
v -0.1603 1.0308 -1.1677
v -0.8892 6.7680 0.0255
v -0.8871 6.4615 0.6584
v -0.4649 3.1135 1.6464
v -0.5463 1.0091 1.6348
v -0.8082 6.1901 0.8882
v -0.4992 2.4408 1.6497
v -0.4712 2.7925 1.6512
v -0.4582 3.4340 1.6503
v -0.7363 5.9248 1.0934
v -0.6397 -0.1090 1.5889
v -0.5834 0.5464 1.6047
v -0.5324 2.0992 1.6437
v -0.3296 3.7244 -1.0132
v -0.3262 4.0061 -1.0320
v -0.1698 0.1626 -1.1595
v -0.1798 -0.1083 -1.1613
v -0.2245 2.1623 -1.0826
v -0.3439 5.3886 -1.0070
v -0.6702 5.6669 1.2815
v -0.1624 0.5563 -1.1629
v -0.9181 6.6013 0.4887
v -0.3329 3.1189 -0.9967
v -0.2696 2.4762 -1.0435
v -0.3241 4.8531 -1.0685
v -0.8008 6.7562 -0.2190
v -0.6172 5.4169 1.4469
v -0.3202 2.8080 -1.0116
v -0.3238 4.4961 -1.0671
v -0.3647 5.6379 -0.9556
v -0.3328 3.4273 -0.9984
v -0.6643 6.6617 -0.4463
v -0.3239 4.2676 -1.0511
v -0.5210 4.6979 1.7155
v -0.5043 4.4279 1.7240
v -0.4868 4.1212 1.6969
v -0.4694 3.7852 1.6634
v -0.5260 6.4681 -0.6366
v -0.3928 5.9140 -0.8817
v -0.4374 6.2016 -0.7783
v -0.5732 5.1749 1.5741
v -0.3338 5.1617 -1.0395
v -0.6180 0.1627 1.5901
v -0.1744 0.0120 -1.1591
v -0.6303 0.0127 1.5884
v -0.6474 -0.2164 1.5887
v -0.1862 -0.2104 -1.1626
v -0.1761 1.2738 -1.1648
v -0.5337 1.2617 1.6519
v -1.1190 6.5619 0.4755
v -0.8889 5.6562 1.2914
v -1.0931 6.7017 0.0024
v -1.0882 6.4333 0.6465
v -1.0142 6.1731 0.8837
v -0.9472 5.9127 1.0983
v -0.5510 0.1666 -1.1683
v -0.9091 0.1528 1.5013
v -0.6207 5.3381 -1.0417
v -0.5872 2.8058 -0.9549
v -0.4848 1.0599 -1.1628
v -0.8240 1.0474 1.5348
v -0.7562 2.4372 1.5698
v -0.7379 2.7895 1.5754
v -0.7269 3.1088 1.5775
v -0.7240 3.7735 1.6157
v -0.7164 3.4242 1.5874
v -0.5952 3.1129 -0.9405
v -1.1258 6.6600 0.2545
v -0.7376 4.1075 1.6619
v -0.7502 4.4122 1.6976
v -0.7592 4.6805 1.6937
v -0.7983 5.1590 1.5692
v -0.5723 -0.1149 -1.1622
v -0.8390 5.4048 1.4539
v -0.5181 0.5799 -1.1710
v -0.9232 -0.1249 1.5094
v -0.8711 0.5560 1.5069
v -0.5522 2.4773 -0.9891
v -0.5165 2.1728 -1.0321
v -0.6787 5.8415 -0.9368
v -0.6084 5.1174 -1.0625
v -1.0185 6.6711 -0.2571
v -0.5898 3.9765 -0.9984
v -0.5942 3.4157 -0.9466
v -0.5890 4.2305 -1.0297
v -0.7342 6.1116 -0.8374
v -0.5920 3.7037 -0.9694
v -0.9169 6.5574 -0.4969
v -0.5968 4.8100 -1.0760
v -0.5901 4.4537 -1.0574
v -0.6433 5.5790 -1.0011
v -0.8150 6.3627 -0.6931
v -0.9185 -0.0018 1.5046
v -0.5629 0.0088 -1.1640
v -0.5805 -0.2204 -1.1607
v -0.9252 -0.2316 1.5109
v -0.8083 1.3030 1.5475
v -0.4843 1.3051 -1.1465
v -1.3610 6.5298 0.4576
v -1.2296 0.1508 1.3867
v -1.3619 6.6122 0.2367
v -0.8335 3.4015 -0.8596
v -0.8807 5.2829 -1.0465
v -1.0132 2.7896 1.4592
v -1.3357 6.4137 0.6291
v -0.9808 3.4152 1.4805
v -0.9762 0.1698 -1.1047
v -1.2674 6.1646 0.8706
v -1.2033 5.9053 1.0873
v -1.0245 2.4425 1.4485
v -1.2438 -0.1268 1.3974
v -1.1520 5.6413 1.2755
v -1.1822 0.5590 1.3778
v -0.8560 1.0682 -1.0984
v -1.1213 1.0556 1.3934
v -0.9965 3.1045 1.4671
v -1.3260 6.6372 -0.0171
v -0.8347 3.1051 -0.8505
v -0.9200 0.5830 -1.1124
v -1.0061 -0.1125 -1.0899
v -0.8308 2.1760 -0.9326
v -0.8335 2.8028 -0.8644
v -0.8296 2.4773 -0.8910
v -1.1084 5.3814 1.4270
v -1.0201 4.6445 1.6211
v -1.0693 5.1286 1.5276
v -0.9904 6.0270 -0.8713
v -0.9360 5.7684 -0.9665
v -0.9953 4.0789 1.5723
v -1.0077 4.3780 1.6145
v -0.9845 3.7537 1.5194
v -1.2534 6.5910 -0.2808
v -0.8715 5.0675 -1.0494
v -0.8407 4.1889 -0.9634
v -0.8368 3.9425 -0.9234
v -0.9014 5.5164 -1.0203
v -0.8348 3.6793 -0.8874
v -0.8452 4.4069 -1.0002
v -1.1591 6.4666 -0.5258
v -1.0662 6.2703 -0.7260
v -0.8612 4.7622 -1.0374
v -0.9942 0.0117 -1.0966
v -1.2410 -0.0046 1.3926
v -1.2423 -0.2313 1.3990
v -1.0148 -0.2186 -1.0841
v -1.0977 1.3147 1.4002
v -0.8374 1.3143 -1.0773
v 0.0038 1.5153 -1.1810
v -0.4060 1.4857 1.6872
v -0.9387 1.5822 1.4860
v -0.6605 1.5549 1.6174
v -1.2128 1.5861 1.2979
v -1.5039 1.5544 -0.1977
v -0.3316 1.5306 -1.1397
v -0.6562 1.5510 -1.0922
v -1.4388 1.6072 0.9994
v -1.2891 1.5498 -0.6494
v -1.5300 1.6408 0.8195
v -0.9955 1.5517 -0.9554
v -1.6003 1.5585 0.3300
v -0.0745 1.5051 -1.1709
v -1.4098 1.5521 -0.4488
v -1.5789 1.5651 0.5798
v -1.5705 1.5562 0.0672
v -0.1113 1.4789 1.7080
v -0.1904 1.4722 1.7046
v -1.1493 1.5498 -0.8219
v -1.3323 1.5911 1.1619
v -0.5291 1.5046 1.6610
v -0.1958 1.5092 -1.1583
v -0.4903 1.5441 -1.1210
v -0.7984 1.5717 1.5546
v -0.8278 1.5534 -1.0426
v -1.0792 1.5863 1.4040
v -1.3819 1.7772 -0.4065
v -1.5463 1.7663 0.5791
v -0.3477 1.7575 -1.1168
v -0.1183 1.7128 1.7244
v -1.2683 1.7752 -0.6025
v -1.5599 1.7700 0.3352
v -0.1937 1.7075 1.7220
v -0.4106 1.7083 1.6928
v -0.6450 1.7113 1.6230
v -1.5079 1.7588 0.8093
v -0.0896 1.7074 -1.1611
v -0.6623 1.7751 -1.0504
v -1.4710 1.7772 -0.1702
v -1.5316 1.7750 0.0825
v -0.9887 1.7762 -0.9039
v -1.1355 1.7748 -0.7716
v -0.2137 1.7398 -1.1445
v -0.5327 1.7118 1.6583
v -0.5019 1.7691 -1.0878
v -0.8277 1.7774 -0.9943
v -0.3066 0.9795 1.6643
v -0.2719 2.4595 1.7263
v -0.2338 3.4523 1.6918
v -0.5026 5.6881 1.2605
v -0.6609 6.2340 0.8849
v -0.7389 6.8690 0.0581
v -0.3795 0.1662 1.6207
v -0.3409 0.5195 1.6333
v -0.2502 2.7971 1.7101
v -0.2950 2.1322 1.7355
v -0.7817 6.7972 0.2860
v -0.6425 6.8756 -0.1568
v -0.5778 5.9552 1.0796
v -0.3177 4.7113 1.7137
v -0.4451 5.4333 1.4279
v -0.4893 6.8225 -0.3578
v -0.4176 -0.0751 1.6203
v -0.2876 4.4390 1.7303
v -0.2747 6.6955 -0.5280
v -0.7816 6.6728 0.4936
v -0.2434 3.1198 1.6898
v -0.7532 6.5245 0.6555
v -0.2623 4.1318 1.7151
v -0.0053 6.6783 -0.5607
v -0.2429 3.7983 1.6978
v -0.3940 5.1911 1.5622
v -0.3988 0.0363 1.6201
v -0.4361 -0.1729 1.6205
v -0.2962 1.2280 1.6819
v -0.2932 1.4759 1.6989
v -0.2969 1.7061 1.7131
v -0.3388 0.3572 -1.1713
v -1.1573 0.3622 -1.0189
v -1.8194 0.3562 -0.1841
v -1.8267 0.3469 0.8558
v -0.7409 0.3613 -1.1558
v -1.6951 0.3454 1.0326
v -1.5269 0.3590 -0.6792
v -1.9104 0.3546 0.0911
v -1.3754 0.3421 1.2969
v -0.0068 0.3461 -1.1572
v 0.0546 0.3521 -1.1576
v -0.1582 0.3438 1.6296
v -1.9110 0.3495 0.6257
v -1.9430 0.3523 0.3663
v -0.4753 0.3336 1.6165
v -0.7411 0.3434 1.5559
v -1.6864 0.3573 -0.4557
v -1.0493 0.3399 1.4454
v -0.2558 0.3331 1.6278
v -1.5380 0.3439 1.1805
v -1.3490 0.3609 -0.8716
v -0.1663 0.3444 -1.1603
v -0.6022 0.3407 1.5948
v -0.5361 0.3594 -1.1718
v -0.8931 0.3406 1.5015
v -1.2100 0.3405 1.3807
v -0.9512 0.3624 -1.1113
v -0.3600 0.3274 1.6245
v -1.0789 0.8207 -1.0173
v -1.6843 0.8188 -0.2156
v -0.3162 0.8090 -1.1707
v -0.6896 0.8202 -1.1498
v -1.5688 0.8090 1.0040
v -1.4212 0.8177 -0.6930
v -1.6834 0.8140 0.8221
v 0.0346 0.7937 -1.1696
v -1.3002 0.8032 1.2874
v -1.5653 0.8179 -0.4783
v -0.0125 0.7891 -1.1652
v -0.4374 0.7471 1.6384
v -1.8022 0.8173 0.3353
v -1.7684 0.8166 0.5916
v -1.7678 0.8186 0.0627
v -0.1232 0.7511 1.6518
v -0.9973 0.7986 1.4564
v -0.6993 0.7890 1.5776
v -0.2192 0.7417 1.6505
v -1.2573 0.8189 -0.8769
v -1.4394 0.8055 1.1609
v -0.1581 0.7884 -1.1647
v -0.5641 0.7685 1.6179
v -0.8465 0.7947 1.5189
v -0.4993 0.8162 -1.1665
v -0.8861 0.8218 -1.1060
v -1.1507 0.8013 1.3829
v -0.3225 0.7393 1.6473
v -1.4863 1.9082 0.8300
v -0.0893 1.9544 -1.1247
v -0.6659 1.9892 -1.0161
v -1.4544 1.9900 -0.1460
v -1.5126 1.9799 0.0986
v -0.9865 1.9904 -0.8662
v -1.3686 1.9930 -0.3761
v -1.5272 1.9454 0.5873
v -0.3535 1.9762 -1.0880
v -0.1009 1.9400 1.7395
v -1.2586 1.9910 -0.5684
v -1.5390 1.9612 0.3464
v -0.1915 1.9341 1.7378
v -0.4133 1.9204 1.6972
v -0.6629 1.9117 1.6055
v -1.1296 1.9900 -0.7349
v -0.5358 1.9099 1.6518
v -0.2176 1.9619 -1.1195
v -0.5070 1.9848 -1.0558
v -0.8288 1.9909 -0.9576
v -0.2986 1.9273 1.7280
v 0.0025 6.9773 -0.4199
v 0.0025 7.0703 -0.3583
v 0.0027 6.8144 -0.5023
v 0.0027 6.8827 -0.4695
v 0.0027 7.0652 -0.3510
v 0.0026 6.7519 -0.5357
v 0.0025 7.0519 -0.3771
v -0.8303 2.3388 -0.9127
v -0.5358 2.3380 -1.0101
v -1.2676 2.2987 1.2157
v 1.2441 2.3392 -0.5234
v -0.5140 2.2888 1.6442
v -0.2489 2.3348 -1.0626
v 0.4358 2.3373 -1.0201
v -1.1034 2.3387 -0.7038
v -0.3631 2.6345 1.6928
v -1.3018 2.6432 -0.3704
v -1.3465 2.6265 1.1015
v -1.4711 2.6211 0.6939
v -0.7050 2.6501 -0.9322
v -1.1409 2.6273 1.3674
v -1.4310 2.6259 0.9264
v -0.8866 2.6263 1.5201
v -0.4411 2.6510 -1.0028
v -0.1494 2.6513 -1.0413
v -0.6017 2.6201 1.6186
v -0.0639 2.6394 1.7351
v -1.4128 2.6422 -0.1262
v -1.4933 2.6386 0.1468
v -0.9540 2.6482 -0.8049
v 0.0127 2.6514 -1.0450
v -1.5194 2.6331 0.4264
v -1.1909 2.6449 -0.5476
v -0.1579 2.6395 1.7331
v -1.0728 2.6467 -0.6952
v -1.2483 2.6269 1.2506
v -0.3004 2.6514 -1.0265
v -0.4794 2.6284 1.6519
v -0.7456 2.6241 1.5730
v -0.5741 2.6506 -0.9711
v -0.8319 2.6493 -0.8804
v -1.0201 2.6273 1.4546
v -0.2563 2.6380 1.7238
v -1.2948 2.9406 -0.3558
v -0.3530 2.9556 1.6759
v -0.7155 2.9575 -0.9051
v -1.1252 2.9465 1.3777
v -1.1832 2.9442 -0.5287
v -0.9509 2.9516 -0.7799
v -0.8727 2.9494 1.5256
v -1.5149 2.9357 0.4265
v -1.4875 2.9366 0.1500
v -0.4684 2.9619 -0.9765
v -0.1740 2.9649 -1.0182
v -0.5880 2.9513 1.6187
v -0.0551 2.9608 1.7200
v -1.4069 2.9390 -0.1168
v -0.0013 2.9656 -1.0240
v -1.4890 2.9354 0.6936
v -1.3333 2.9417 1.1111
v -1.4204 2.9386 0.9336
v -0.1488 2.9590 1.7110
v -1.0663 2.9480 -0.6728
v -1.2332 2.9444 1.2615
v -0.3296 2.9638 -1.0013
v -0.4677 2.9536 1.6480
v -0.7322 2.9504 1.5758
v -0.5932 2.9599 -0.9444
v -0.8345 2.9548 -0.8538
v -1.0050 2.9481 1.4628
v -0.2469 2.9573 1.6973
v -0.3465 3.2784 1.6697
v -0.4720 3.2692 -0.9731
v -0.5814 3.2704 1.6216
v -0.8586 3.2632 1.5339
v -1.3184 3.2425 1.1199
v -1.1075 3.2559 1.3886
v -0.1763 3.2757 -1.0124
v -1.5149 3.2203 0.4271
v -1.4836 3.2252 0.6967
v -0.0472 3.2960 1.7141
v -1.4908 3.2195 0.1488
v -1.2995 3.2261 -0.3580
v -1.1857 3.2329 -0.5302
v -1.4115 3.2226 -0.1192
v -0.7159 3.2595 -0.9037
v 0.0005 3.2769 -1.0181
v -0.9506 3.2473 -0.7801
v -1.4087 3.2332 0.9403
v -0.1381 3.2935 1.7033
v -1.0671 3.2402 -0.6735
v -1.2163 3.2502 1.2720
v -0.3334 3.2733 -0.9964
v -0.4615 3.2735 1.6474
v -0.5951 3.2647 -0.9421
v -0.7216 3.2665 1.5816
v -0.8341 3.2538 -0.8533
v -0.9883 3.2599 1.4729
v -0.2389 3.2851 1.6879
v -0.9527 3.5314 -0.7996
v -1.1944 3.5079 -0.5473
v 0.0045 3.8510 1.7469
v 0.0012 3.7276 1.7304
v -0.0320 3.9393 1.7592
v -1.1001 3.5751 1.4143
v -0.4697 3.5699 -0.9849
v -0.5819 3.6064 1.6333
v -0.8522 3.5930 1.5547
v -0.0116 3.8971 1.7534
v -1.3161 3.5442 1.1419
v -1.4091 3.5246 0.9571
v -1.3119 3.4971 -0.3720
v -0.1749 3.5817 -1.0177
v -1.5071 3.4874 0.1457
v -1.5275 3.4928 0.4292
v 0.0105 3.7963 1.7394
v -1.4277 3.4897 -0.1281
v -0.0522 3.9798 1.7645
v -0.0000 3.5839 -1.0223
v -0.0316 3.6497 1.7216
v -1.4893 3.5060 0.7056
v -0.3467 3.6171 1.6769
v -0.7147 3.5523 -0.9206
v -0.1327 3.6370 1.7096
v -1.2111 3.5616 1.2971
v -1.0722 3.5198 -0.6925
v -0.3314 3.5775 -1.0048
v -0.4624 3.6105 1.6558
v -0.7183 3.5998 1.5983
v -0.5933 3.5615 -0.9567
v -0.9804 3.5852 1.4969
v -0.8341 3.5423 -0.8719
v -0.2370 3.6260 1.6955
v -1.2086 3.7647 -0.5746
v -0.0248 4.1015 1.7586
v -0.9575 3.7969 -0.8330
v -0.0832 4.1604 1.7720
v -0.4660 3.8556 -1.0073
v -0.5967 3.9520 1.6651
v -1.3264 3.8466 1.1833
v -0.0508 4.1324 1.7659
v -1.4207 3.8144 0.9922
v -1.3315 3.7509 -0.3938
v -1.5288 3.7441 0.1398
v -1.1091 3.9003 1.4633
v -0.1726 3.8742 -1.0314
v -1.5462 3.7571 0.4354
v -1.4504 3.7432 -0.1416
v -0.8625 3.9326 1.5999
v -0.0015 3.8776 -1.0346
v -0.0120 4.0676 1.7498
v -0.1131 4.1876 1.7778
v -0.0418 3.9828 1.7278
v -0.0142 4.0272 1.7390
v -1.5030 3.7826 0.7278
v -0.7139 3.8280 -0.9510
v -0.3621 3.9612 1.6921
v -0.1452 3.9747 1.7168
v -1.2205 3.8762 1.3436
v -1.0813 3.7806 -0.7241
v -0.3278 3.8676 -1.0224
v -0.4778 3.9561 1.6794
v -0.7306 3.9434 1.6379
v -0.5908 3.8423 -0.9835
v -0.9896 3.9188 1.5454
v -0.8356 3.8129 -0.9047
v -0.2513 3.9675 1.7044
v -0.0549 4.3246 1.7449
v -1.3527 3.9937 -0.4202
v -0.1559 4.3986 1.7825
v -0.9640 4.0478 -0.8724
v -0.4632 4.1235 -1.0322
v -0.6129 4.2746 1.7064
v -1.2247 4.0093 -0.6076
v -1.4430 4.0907 1.0307
v -1.3457 4.1348 1.2276
v -0.1157 4.3832 1.7760
v -0.1706 4.1484 -1.0460
v -1.5538 3.9910 0.1352
v -1.1225 4.2077 1.5148
v -1.5720 4.0124 0.4486
v -1.4752 3.9864 -0.1589
v -0.0607 4.3453 1.7562
v -0.8746 4.2505 1.6486
v -0.0009 4.1528 -1.0475
v -0.0800 4.3649 1.7668
v -0.1904 4.4155 1.7890
v -0.0705 4.3019 1.7333
v -0.7142 4.0872 -0.9861
v -1.5270 4.0506 0.7563
v -0.3827 4.2839 1.7201
v -0.1712 4.2954 1.7298
v -1.2368 4.1750 1.3926
v -1.0923 4.0280 -0.7617
v -0.3249 4.1393 -1.0416
v -0.4958 4.2790 1.7135
v -0.7444 4.2643 1.6832
v -0.5892 4.1058 -1.0139
v -1.0015 4.2324 1.5966
v -0.8385 4.0678 -0.9431
v -0.2746 4.2894 1.7261
v -0.9717 4.2814 -0.9143
v -0.4049 4.5732 1.7273
v -1.3731 4.2225 -0.4496
v -0.1552 4.6279 1.7581
v -0.4620 4.3702 -1.0569
v -0.2489 4.6433 1.7751
v -1.2410 4.2390 -0.6436
v -1.3721 4.3994 1.2615
v -1.4732 4.3449 1.0634
v -0.6247 4.5622 1.7222
v -0.2019 4.6364 1.7681
v -1.6043 4.2566 0.4632
v -1.1387 4.4867 1.5454
v -1.5012 4.2175 -0.1778
v -0.1698 4.3959 -1.0594
v -1.5829 4.2263 0.1333
v -0.8850 4.5356 1.6710
v -0.1258 4.6165 1.7451
v -0.2896 4.6528 1.7829
v -0.1117 4.5934 1.7223
v -0.0009 4.4011 -1.0591
v -0.7161 4.3268 -1.0223
v -1.5639 4.3076 0.7825
v -0.1107 4.6054 1.7332
v -0.2057 4.5862 1.7254
v -1.2579 4.4481 1.4258
v -1.1041 4.2594 -0.8023
v -0.3235 4.3890 -1.0601
v -0.5126 4.5674 1.7257
v -0.7548 4.5508 1.7019
v -0.5893 4.3489 -1.0449
v -1.0138 4.5152 1.6232
v -0.8429 4.3042 -0.9833
v -0.3028 4.5795 1.7272
v -0.9905 4.6301 -0.9656
v -1.2719 4.5811 -0.6910
v -0.2089 5.0922 1.5980
v -1.4076 4.5594 -0.4886
v -0.4145 5.1117 1.6688
v -0.2954 5.1137 1.6444
v -1.4586 4.8694 1.2535
v -1.5699 4.7900 1.0692
v -0.4608 5.0649 1.6199
v -1.6446 4.5438 0.1319
v -0.3554 5.1138 1.6583
v -1.6585 4.5870 0.4774
v -0.2491 5.1078 1.6263
v -0.1689 4.7714 -1.0660
v -0.0011 4.7769 -1.0633
v -0.4683 5.1125 1.6804
v -0.4642 4.7260 -1.0776
v -1.5564 4.5372 -0.2004
v -1.6405 4.6771 0.7974
v -0.7245 4.6788 -1.0614
v -0.2215 5.1006 1.6108
v -0.2893 5.0824 1.6072
v -1.3280 4.9323 1.4001
v -1.1293 4.6055 -0.8541
v -0.3234 4.7463 -1.0727
v -0.5549 5.0571 1.6225
v -0.5941 4.7026 -1.0751
v -0.8560 4.6547 -1.0298
v -0.3725 5.0733 1.6147
v -1.5180 5.1149 1.2242
v -1.7161 4.8776 0.8014
v -0.9491 5.2697 1.5072
v -0.5757 5.3446 1.5683
v -0.5140 5.3455 1.5550
v -0.6896 5.2892 1.5215
v -1.6460 5.0261 1.0646
v -1.2313 5.2265 1.4352
v -1.6802 4.7064 0.1298
v -0.2640 5.3316 1.4783
v -1.5868 4.7188 -0.2207
v -0.4478 5.3493 1.5424
v -1.7163 4.7562 0.4802
v -0.7331 4.9223 -1.0667
v -1.3009 4.8103 -0.7315
v -0.4703 4.9693 -1.0679
v -1.0041 4.8720 -0.9900
v -0.1713 5.0222 -1.0467
v -0.3227 5.3466 1.5077
v -0.2848 5.3400 1.4913
v -0.3798 5.3510 1.5267
v -1.4462 4.7761 -0.5301
v -0.0013 5.0277 -1.0429
v -0.5025 5.3021 1.5088
v -0.3392 5.3207 1.4900
v -1.3752 5.1814 1.3496
v -1.1489 4.8430 -0.8883
v -0.3273 4.9889 -1.0583
v -0.5937 5.2947 1.5160
v -0.8170 5.2808 1.5177
v -0.6013 4.9460 -1.0723
v -1.0878 5.2536 1.4839
v -0.8663 4.8980 -1.0441
v -0.4180 5.3108 1.5004
v -0.3537 5.5920 1.3367
v -0.3219 5.5851 1.3228
v -4.5050 2.5855 2.5009
v -0.6118 5.5928 1.3985
v -1.8574 5.2764 1.0103
v -4.3211 2.8504 2.1178
v -2.1855 5.0319 0.8337
v -0.4664 5.5987 1.3709
v -3.0403 4.1373 0.6832
v -3.3670 3.8337 0.8525
v -0.6833 5.5907 1.4111
v -4.4214 2.6683 2.3841
v -0.7358 5.5361 1.3773
v -0.9926 5.5230 1.3721
v -1.5632 5.3994 1.1957
v -1.2685 5.4889 1.3251
v -2.4165 4.7750 0.7215
v -0.5390 5.5965 1.3859
v -2.7037 4.4631 0.6530
v -1.9775 5.2205 0.9495
v -3.6711 3.5370 1.1627
v -0.4017 5.5965 1.3529
v -1.7092 5.3213 1.1045
v -4.0894 3.1036 1.7488
v -0.5510 5.5491 1.3566
v -0.3934 5.5715 1.3342
v -1.4131 5.4519 1.2710
v -0.6407 5.5412 1.3674
v -0.8623 5.5305 1.3777
v -1.1282 5.5109 1.3571
v -0.4689 5.5594 1.3455
v -4.6306 2.7131 2.5723
v -0.4025 5.8549 1.1547
v -4.4268 2.9821 2.1686
v -2.2778 5.2302 0.9256
v -3.1706 4.2610 0.7796
v -3.4931 3.9673 0.9353
v -0.8295 5.8583 1.2151
v -1.3139 5.7586 1.1697
v -0.5731 5.8634 1.1932
v -1.6051 5.6882 1.1225
v -4.5477 2.7990 2.4517
v -0.7460 5.8584 1.2095
v -1.0445 5.7790 1.1939
v -0.7939 5.7874 1.1977
v -2.5331 4.9270 0.8239
v -0.6586 5.8609 1.2029
v -2.0349 5.4779 1.0185
v -2.8291 4.5894 0.7589
v -3.7886 3.6803 1.2274
v -0.4985 5.8631 1.1795
v -0.6167 5.8051 1.1811
v -1.9002 5.5665 1.0560
v -1.7571 5.6321 1.0931
v -4.1974 3.2435 1.7985
v -0.4419 5.8607 1.1662
v -0.4686 5.8361 1.1633
v -1.4565 5.7307 1.1482
v -0.7025 5.7941 1.1899
v -0.9174 5.7830 1.1978
v -1.1766 5.7726 1.1852
v -0.5391 5.8194 1.1722
v -4.8303 2.8174 2.5626
v -1.6608 5.9651 0.9717
v -0.4934 6.1449 0.9746
v -2.9725 4.7138 0.7543
v -1.3698 6.0262 0.9757
v -1.0210 6.1518 0.9759
v -0.8586 6.0474 0.9960
v -1.1037 6.0407 0.9882
v -0.7003 6.1459 0.9910
v -0.9200 6.1450 0.9839
v -2.6704 5.0773 0.8008
v -0.8119 6.1436 0.9898
v -3.3154 4.3760 0.7803
v -2.1177 5.7234 0.9477
v -4.3341 3.3407 1.7906
v -2.3952 5.4258 0.8802
v -1.8123 5.9123 0.9742
v -0.6065 6.1485 0.9866
v -4.5619 3.0711 2.1619
v -1.9696 5.8341 0.9671
v -0.6897 6.0733 0.9882
v -3.6373 4.0782 0.9380
v -4.7475 2.9068 2.4416
v -3.9298 3.7878 1.2250
v -0.5401 6.1493 0.9805
v -0.5530 6.1181 0.9790
v -1.5119 6.0027 0.9721
v -0.7708 6.0572 0.9925
v -0.9792 6.0433 0.9932
v -1.2339 6.0366 0.9820
v -0.6175 6.0941 0.9836
v -1.1742 6.2979 0.7669
v -0.9322 6.3104 0.7818
v -0.8394 6.4298 0.7618
v -3.1103 4.8138 0.6344
v -3.7870 4.1513 0.8559
v -1.7279 6.2099 0.7620
v -1.4365 6.2777 0.7551
v -4.9741 2.8080 2.4897
v -2.0501 6.0602 0.7724
v -0.9684 6.4290 0.7457
v -1.1062 6.4294 0.7262
v -2.8033 5.1989 0.6590
v -2.5151 5.5866 0.7130
v -1.8824 6.1544 0.7716
v -3.4572 4.4636 0.6797
v -4.4872 3.3806 1.7232
v -0.6178 6.4463 0.7710
v -0.7347 6.4385 0.7676
v -4.7133 3.1018 2.0969
v -1.2464 6.4362 0.7018
v -0.7747 6.3476 0.7829
v -4.8923 2.9008 2.3706
v -4.0833 3.8455 1.1519
v -2.2113 5.9292 0.7619
v -0.6578 6.4455 0.7706
v -0.6565 6.4116 0.7760
v -1.5778 6.2512 0.7561
v -0.8491 6.3245 0.7838
v -1.0514 6.3033 0.7749
v -1.3024 6.2910 0.7594
v -0.7112 6.3772 0.7801
v -1.8225 5.0014 -0.5487
v -2.4092 5.9587 -0.0283
v -1.8294 4.8832 -0.3734
v -1.8666 4.8136 -0.1421
v -1.9693 4.8318 0.3925
v -1.9190 4.7983 0.1226
v -2.0125 4.9113 0.6310
v -1.8482 5.1489 -0.6575
v -2.4160 5.8484 0.6170
v -1.9838 5.4837 -0.6828
v -2.0498 5.0226 0.7967
v -2.4534 5.9210 0.4409
v -2.3140 5.6820 0.8383
v -2.0892 5.6516 -0.5971
v -2.1172 5.2478 0.9478
v -2.2063 5.4767 0.9657
v -1.9023 5.3113 -0.7021
v -2.4552 5.9636 0.2146
v -2.3207 5.9012 -0.2578
v -2.2070 5.7953 -0.4519
v -2.0828 5.1358 0.8918
v -2.1583 5.3631 0.9747
v -2.2592 5.5842 0.9176
v -2.3666 5.7682 0.7406
v -2.1171 4.9239 -0.5531
v -2.1943 5.0444 -0.5981
v -2.7648 5.5077 0.3990
v -2.5976 5.3307 0.7718
v -2.4165 5.2952 -0.5308
v -2.2962 5.1714 -0.5921
v -2.0916 4.6525 0.0930
v -2.0564 4.6671 -0.1247
v -2.0454 4.7232 -0.3131
v -2.1930 4.7401 0.5278
v -2.1396 4.6780 0.3201
v -2.4648 5.1727 0.8757
v -2.0661 4.8136 -0.4582
v -2.7752 5.5373 0.1815
v -2.7363 5.5303 -0.0454
v -2.2465 4.8257 0.6806
v -2.5410 5.4028 -0.4154
v -2.6536 5.4840 -0.2506
v -2.7176 5.4542 0.5686
v -2.3449 4.9965 0.8379
v -2.2953 4.9115 0.7758
v -2.4017 5.0849 0.8739
v -2.5313 5.2559 0.8396
v -2.6594 5.3950 0.6841
v -3.0135 5.0457 0.5364
v -2.3774 4.4376 0.2694
v -2.4460 4.6010 -0.4655
v -2.4337 4.4893 0.4497
v -2.4951 4.5572 0.5873
v -2.8862 4.9508 -0.3710
v -2.3751 4.5237 -0.3829
v -3.0539 5.0694 -0.0399
v -2.9853 5.0213 -0.2265
v -2.7698 4.8664 -0.4661
v -3.0820 5.0894 0.1711
v -3.0652 5.0797 0.3765
v -2.7440 4.8282 0.7940
v -2.6493 4.7758 -0.5112
v -2.3309 4.4604 -0.2615
v -2.8861 4.9522 0.7175
v -2.3184 4.4214 -0.1052
v -2.3363 4.4138 0.0768
v -2.6097 4.6901 0.7408
v -2.5384 4.6858 -0.5092
v -2.5521 4.6241 0.6775
v -2.6743 4.7593 0.7826
v -2.8157 4.8935 0.7710
v -2.9515 5.0020 0.6421
v -2.8632 4.1892 -0.3525
v -2.7746 4.1396 -0.2816
v -2.9652 4.2482 -0.3898
v -3.4281 4.6708 0.2213
v -3.4157 4.6262 0.0306
v -3.3673 4.5586 -0.1378
v -3.1882 4.3945 -0.3519
v -2.6687 4.0842 -0.0421
v -2.7438 4.1720 0.4493
v -2.6644 4.0890 0.1177
v -2.8075 4.2366 0.5721
v -3.0696 4.4830 0.7707
v -3.4023 4.6850 0.4066
v -2.7068 4.1027 -0.1772
v -3.2149 4.5912 0.7092
v -3.0764 4.3169 -0.3913
v -2.6917 4.1190 0.2888
v -3.3466 4.6679 0.5499
v -3.2886 4.4776 -0.2676
v -2.9303 4.3590 0.7136
v -2.8689 4.2986 0.6540
v -2.9978 4.4216 0.7557
v -3.1428 4.5402 0.7541
v -3.2823 4.6339 0.6436
v -3.2326 3.7315 -0.0644
v -3.1434 3.7152 0.0232
v -3.5459 3.8711 -0.1585
v -3.6454 3.9489 -0.1211
v -3.8007 4.2942 0.3941
v -3.2701 4.0474 0.8016
v -3.1471 3.9159 0.6779
v -3.0885 3.8435 0.5699
v -3.5556 4.2689 0.8051
v -3.0503 3.7799 0.4274
v -3.4080 4.1711 0.8543
v -3.3339 3.7632 -0.1244
v -3.7836 4.1377 0.0805
v -3.0783 3.7162 0.1380
v -3.8083 4.2263 0.2295
v -3.0459 3.7370 0.2763
v -3.6965 4.3290 0.6726
v -3.7603 4.3299 0.5520
v -3.7278 4.0406 -0.0401
v -3.4397 3.8094 -0.1571
v -3.2082 3.9833 0.7493
v -3.3370 4.1112 0.8395
v -3.4815 4.2239 0.8417
v -3.6270 4.3048 0.7508
v -3.4135 3.5284 0.8378
v -3.4607 3.6121 0.9289
v -4.0115 4.0147 0.9234
v -3.7079 3.8889 1.0740
v -3.3930 3.4522 0.7156
v -3.6436 3.3564 0.2926
v -3.8590 3.9758 1.0326
v -3.5746 3.7602 1.0309
v -3.9614 3.4753 0.2247
v -4.0540 3.5525 0.2585
v -3.4615 3.3643 0.4659
v -4.1706 3.8581 0.5556
v -4.1651 3.7549 0.4288
v -4.1249 3.6483 0.3270
v -3.5430 3.3515 0.3669
v -4.1430 3.9440 0.6943
v -3.4095 3.3969 0.5854
v -3.7510 3.3785 0.2444
v -3.8580 3.4177 0.2214
v -4.0860 3.9989 0.8247
v -3.5162 3.6888 0.9880
v -3.6385 3.8285 1.0619
v -3.7821 3.9379 1.0631
v -3.9353 4.0027 0.9877
v -3.9179 3.4183 1.4450
v -4.0286 2.9839 0.7792
v -4.2439 3.0408 0.7088
v -3.8457 2.9981 0.9454
v -3.7904 3.0351 1.0580
v -4.4948 3.5545 1.1334
v -4.5349 3.4641 1.0129
v -4.5408 3.3607 0.9000
v -4.4407 3.1676 0.7424
v -4.3476 3.6434 1.3338
v -3.9281 2.9817 0.8508
v -4.3483 3.0950 0.7108
v -4.5083 3.2580 0.8066
v -4.0430 3.5469 1.4742
v -3.8169 3.2632 1.3645
v -3.7677 3.0949 1.1779
v -3.7790 3.1755 1.2867
v -4.1922 3.6225 1.4322
v -4.4278 3.6177 1.2469
v -4.1362 3.0039 0.7320
v -3.8652 3.3438 1.4123
v -3.9769 3.4879 1.4675
v -4.1156 3.5916 1.4614
v -4.2691 3.6408 1.3912
v -1.1922 4.9773 1.5009
v -1.0533 5.0067 1.5602
v -0.9161 5.0258 1.5921
v -0.7832 5.0396 1.6103
v -0.6533 5.0503 1.6223
v 1.2883 4.4972 -0.6915
v 1.2809 4.4222 -0.6821
v 0.0052 4.9672 1.6281
v -0.0348 4.8467 1.6769
v 1.4340 4.4773 -0.4679
v 1.4261 4.4038 -0.4602
v 0.2020 4.9871 1.6837
v 0.1504 4.8716 1.7250
v 1.4102 4.7396 1.2335
v 1.3866 4.6626 1.2393
v 1.6527 4.5233 0.4407
v 1.6391 4.4567 0.4426
v 0.0489 4.9826 1.6518
v 0.0047 4.8634 1.6991
v -0.0010 4.6853 -1.0656
v -0.0009 4.5997 -1.0654
v 0.2549 4.9868 1.6935
v 0.2003 4.8730 1.7331
v 1.5506 4.4672 -0.1918
v 1.5425 4.4037 -0.1869
v 0.7253 4.5938 -1.0450
v 0.7232 4.5169 -1.0377
v 0.0851 4.9557 1.6367
v 0.0434 4.8377 1.6816
v 1.2947 4.7825 1.4030
v 1.2800 4.7227 1.4022
v 1.1366 4.5273 -0.8542
v 1.1295 4.4405 -0.8424
v 0.3164 4.6696 -1.0733
v 0.3164 4.5753 -1.0713
v 0.3176 4.9095 1.6860
v 0.2985 4.8213 1.7122
v 0.5941 4.6177 -1.0727
v 0.5930 4.5407 -1.0672
v 0.8575 4.5699 -1.0073
v 0.8542 4.4931 -0.9985
v 0.1663 4.9437 1.6506
v 0.1283 4.8288 1.6913
v 0.9862 4.4694 -0.9494
v 0.9908 4.5461 -0.9595
v 0.0471 4.8691 1.7100
v 0.0942 4.9871 1.6643
v 1.5040 4.5935 1.0289
v 1.5285 4.6707 1.0220
v 0.2197 4.8224 1.7029
v 0.2492 4.9262 1.6681
v 1.6164 4.4185 0.1214
v 1.6268 4.4825 0.1187
v 0.0965 4.8725 1.7192
v 0.1463 4.9892 1.6754
v 0.1587 4.5898 -1.0674
v 0.1587 4.6771 -1.0682
v 0.4590 4.5636 -1.0729
v 0.4594 4.6408 -1.0764
v 1.5977 4.5178 0.7540
v 1.6162 4.5892 0.7508
v -0.0203 4.8555 1.6879
v 0.0217 4.9755 1.6397
v 0.4818 4.8996 1.7546
v 0.4766 4.8383 1.7549
v 0.8308 4.8809 1.7158
v 0.8188 4.8179 1.7093
v 1.3025 4.8024 1.4716
v 1.2944 4.7423 1.4769
v 0.3247 4.9003 1.7290
v 0.3146 4.8418 1.7450
v 0.6574 4.8931 1.7448
v 0.6482 4.8307 1.7406
v 0.9970 4.8620 1.6621
v 0.9842 4.7991 1.6561
v 1.1442 4.7737 1.5790
v 1.1563 4.8358 1.5814
v -1.2617 4.4987 -0.6819
v -1.2543 4.4236 -0.6724
v -0.1791 4.9738 1.6411
v -0.1620 4.8528 1.6770
v -1.3963 4.4799 -0.4814
v -1.3887 4.4062 -0.4735
v -0.3750 4.9968 1.7101
v -0.3391 4.8813 1.7410
v -1.4284 4.7584 1.2699
v -1.4063 4.6414 1.2743
v -1.6445 4.5191 0.4775
v -1.6324 4.4529 0.4739
v -0.2186 4.9889 1.6698
v -0.1948 4.8690 1.7038
v -0.4248 4.9991 1.7211
v -0.3856 4.8854 1.7510
v -1.5454 4.4670 -0.1973
v -1.5357 4.4035 -0.1925
v -0.7216 4.5932 -1.0555
v -0.7194 4.5163 -1.0480
v -0.2623 4.9644 1.6495
v -0.2429 4.8441 1.6841
v -1.3022 4.8151 1.4214
v -1.2850 4.6960 1.4310
v -1.1208 4.5212 -0.8442
v -1.1144 4.4451 -0.8339
v -0.3237 4.6610 -1.0732
v -0.3240 4.5837 -1.0713
v -0.5404 4.9400 1.6622
v -0.5300 4.8212 1.6934
v -0.5924 4.6171 -1.0715
v -0.5912 4.5401 -1.0659
v -0.8515 4.5691 -1.0219
v -0.8480 4.4923 -1.0127
v -0.3490 4.9556 1.6560
v -0.3323 4.8359 1.6895
v -0.9792 4.4683 -0.9460
v -0.9841 4.5449 -0.9562
v -0.2347 4.8762 1.7200
v -0.2634 4.9949 1.6872
v -1.5115 4.5786 1.0799
v -1.5379 4.6922 1.0791
v -0.4277 4.8282 1.6927
v -0.4414 4.9474 1.6604
v -1.6219 4.4153 0.1325
v -1.6341 4.4789 0.1326
v -0.2874 4.8794 1.7321
v -0.3209 4.9966 1.7001
v -0.1698 4.5941 -1.0672
v -0.1694 4.6797 -1.0679
v -0.4629 4.5633 -1.0729
v -0.4634 4.6406 -1.0764
v -1.5983 4.5154 0.7989
v -1.6137 4.5865 0.8031
v -0.1704 4.8615 1.6894
v -0.1908 4.9820 1.6544
v -1.1715 4.8578 1.5255
v -1.1585 4.7379 1.5407
v -1.0372 4.8874 1.5882
v -1.0275 4.7676 1.6087
v -0.9031 4.9075 1.6236
v -0.8952 4.7881 1.6485
v -0.7722 4.9220 1.6455
v -0.7648 4.8032 1.6737
v -0.6371 4.8150 1.6913
v -0.6443 4.9335 1.6612
v 0.9585 4.7603 1.6196
v 0.9638 4.7539 1.6243
v 0.9667 4.7481 1.6300
v 0.9694 4.7422 1.6360
v 0.8277 4.9414 1.7098
v 0.8253 4.9392 1.7013
v 0.8235 4.9374 1.6923
v 0.8226 4.9354 1.6839
v 0.6400 4.9451 1.7121
v 0.6406 4.9478 1.7205
v 0.6431 4.9501 1.7290
v 0.6462 4.9527 1.7374
v 1.2795 4.6924 1.4688
v 1.2741 4.7006 1.4656
v 1.2679 4.7091 1.4657
v 1.2417 4.7156 1.4729
v 1.2717 4.8335 1.4757
v 1.3019 4.8380 1.4633
v 1.3141 4.8487 1.4560
v 1.3219 4.8558 1.4561
v 0.8037 4.7605 1.6890
v 0.8011 4.7661 1.6827
v 0.7985 4.7716 1.6764
v 0.7963 4.7773 1.6704
v 0.6315 4.7739 1.7233
v 0.6288 4.7795 1.7169
v 0.6261 4.7852 1.7105
v 0.6253 4.7887 1.7037
v 1.1078 4.7390 1.5536
v 1.1210 4.7325 1.5543
v 1.1252 4.7257 1.5580
v 1.1290 4.7191 1.5630
v 0.3282 4.9247 1.7029
v 0.3311 4.9352 1.7040
v 0.3318 4.9432 1.7061
v 0.3311 4.9489 1.7093
v 0.4616 4.9579 1.7438
v 0.4579 4.9548 1.7361
v 0.4545 4.9517 1.7286
v 0.4540 4.9483 1.7208
v 0.4563 4.7822 1.7426
v 0.4535 4.7881 1.7365
v 0.4508 4.7940 1.7305
v 0.4518 4.7934 1.7228
v 1.0009 4.9221 1.6558
v 0.9985 4.9193 1.6477
v 0.9959 4.9164 1.6401
v 0.9915 4.9136 1.6331
v 0.3232 4.8056 1.7237
v 0.3015 4.8039 1.7294
v 0.3043 4.7954 1.7362
v 0.3069 4.7878 1.7432
v 1.1424 4.8807 1.5631
v 1.1569 4.8841 1.5637
v 1.1634 4.8897 1.5665
v 1.1677 4.8938 1.5721
v 0.3185 4.8965 1.6976
v 0.3189 4.8973 1.7055
v 0.3209 4.8988 1.7135
v 0.3228 4.8996 1.7213
v 0.3062 4.8522 1.7126
v 0.3083 4.8497 1.7211
v 0.3104 4.8472 1.7290
v 0.3125 4.8445 1.7369
v 1.2751 4.7526 1.4558
v 1.2804 4.7534 1.4616
v 1.2855 4.7496 1.4642
v 1.2904 4.7458 1.4693
v 1.2825 4.7926 1.4562
v 1.2866 4.7965 1.4602
v 1.2915 4.7988 1.4617
v 1.2974 4.8009 1.4654
v 0.7579 6.6297 0.6225
v 0.9357 6.5580 0.6045
v 0.7041 6.6145 0.6158
v -0.7637 6.6279 0.6656
v -0.9144 6.5596 0.6467
v -0.7100 6.6165 0.6630
v 0.6580 4.9048 1.6600
v 0.9977 4.8743 1.5805
v 0.9897 4.8991 1.6235
v 1.1648 4.8575 1.5326
v 0.6441 4.9291 1.6967
v 0.8226 4.9189 1.6709
v 0.4644 4.9327 1.7045
v 0.3513 4.9703 1.6841
v 1.3269 4.8667 1.4495
v 0.8315 4.9344 1.6244
v 1.1711 4.9116 1.5483
v 0.5118 4.9638 1.6754
v 0.6610 4.9492 1.6607
v 1.0014 4.9197 1.5826
v 1.0033 4.9429 1.6213
v 1.1703 4.9051 1.5352
v 0.6516 4.9739 1.6955
v 0.8296 4.9633 1.6698
v 0.4751 4.9788 1.7040
v 0.3631 5.0171 1.6821
v 1.3345 4.9049 1.4463
v 0.8370 4.9730 1.6233
v 1.1759 4.9552 1.5458
v 0.5236 5.0027 1.6723
v 0.6725 4.9881 1.6586
v 1.0031 4.9580 1.5816
v 1.0076 4.9891 1.6188
v 1.1703 4.9432 1.5335
v 0.6609 5.0209 1.6923
v 0.8358 5.0103 1.6667
v 0.4869 5.0257 1.7009
v 0.3693 5.0491 1.6807
v 1.3382 4.9239 1.4445
v 0.8412 4.9925 1.6233
v 1.1799 4.9821 1.5443
v 0.5297 5.0221 1.6708
v 0.6786 5.0076 1.6586
v 1.0050 4.9780 1.5813
v 1.0122 5.0200 1.6172
v 1.1700 4.9641 1.5327
v 0.6670 5.0536 1.6907
v 0.8414 5.0430 1.6650
v 0.4931 5.0578 1.6993
v 0.1294 1.0637 -1.2283
v 0.1361 0.2235 -1.1814
v 0.1517 -0.0619 -1.1822
v 0.1360 0.6073 -1.2007
v 0.1612 -0.1804 -1.1876
v 0.1428 0.0687 -1.1790
v 0.1142 1.2947 -1.2166
v 0.1010 1.4983 -1.1900
v 0.1345 0.4038 -1.1892
v 0.1361 0.8297 -1.2156
v 0.1026 1.6639 -1.1627
v 0.9158 6.6129 0.6204
v -0.3234 3.7845 1.8191
v 1.0678 6.5630 0.5840
v 0.8110 6.5791 0.5871
v -0.3275 3.6509 1.8111
v 0.5495 5.4568 1.4494
v 1.1001 6.6293 0.5463
v 0.8991 5.9954 1.0761
v 0.7231 5.7168 1.2813
v 0.3909 5.2143 1.5853
v 0.1389 4.7563 1.7596
v 0.0291 4.5234 1.8108
v -0.1140 4.2936 1.8370
v -0.2415 4.0801 1.8417
v -0.3223 3.4306 1.7766
v 1.1087 6.2917 0.8325
v 0.6713 6.6007 0.6097
v 1.3781 6.5780 0.5509
v -0.3073 -0.0272 1.6702
v -0.3463 0.2197 1.7014
v -0.0781 -0.0437 -1.2362
v -0.0746 0.6038 -1.2413
v -0.0900 0.2291 -1.2276
v -0.0678 1.0503 -1.2584
v -0.3265 3.1181 1.7793
v -0.3294 2.7913 1.7877
v -0.3188 2.4678 1.7955
v -0.3131 2.1391 1.8093
v -0.3371 0.9982 1.7632
v -0.3505 0.5610 1.7469
v 1.0027 6.6202 0.5880
v -0.2969 3.8835 1.8342
v -0.3272 3.5549 1.7857
v 0.7264 6.5883 0.5907
v 1.2181 6.5621 0.5732
v -0.3129 3.8358 1.8269
v 0.2585 6.7709 -0.5048
v 0.7214 6.7953 -0.2867
v 0.9101 6.7601 -0.1165
v 1.1891 6.6506 0.4314
v 1.0436 6.7084 0.0968
v 0.5017 6.8098 -0.4185
v 1.2207 6.6243 0.5084
v 4.8499 2.2130 1.7729
v 4.9593 2.2278 1.7277
v 5.2647 2.4760 1.7935
v 4.5501 2.3801 2.1231
v 5.0640 2.8197 2.2771
v 4.9140 2.8501 2.3738
v 4.7860 2.8136 2.4019
v 4.5488 2.4618 2.2177
v 4.5752 2.5449 2.2939
v 5.1449 2.7812 2.1926
v 4.6701 2.6830 2.3802
v 5.2775 2.5609 1.8784
v 5.2606 2.6448 1.9807
v 5.2146 2.7208 2.0897
v 5.1490 2.3224 1.7089
v 5.2238 2.3952 1.7340
v 5.0589 2.2651 1.7071
v 4.5846 2.3100 2.0206
v 4.7410 2.2225 1.8377
v 4.6505 2.2567 1.9222
v -0.3259 3.7216 1.8140
v 0.8134 6.6241 0.6247
v -0.0867 0.0807 -1.2290
v -0.3304 0.0857 1.6839
v 1.8880 -0.2324 0.9509
v 1.6838 -0.2436 1.1666
v 1.9663 -0.2155 0.1400
v 2.0300 -0.2175 0.4057
v 0.3158 -0.2647 1.6012
v -0.2808 -0.1294 1.6659
v 0.7350 -0.2703 1.5170
v 0.4610 -0.2052 -1.1236
v 1.8474 -0.2155 -0.1249
v 1.2129 -0.2175 -0.9059
v 1.5540 -0.2157 -0.5874
v 0.8420 -0.2170 -1.0485
v 2.0100 -0.2231 0.6703
v 1.2195 -0.2630 1.4168
v 1.7042 -0.2157 -0.3716
v 0.0229 -0.2227 1.6291
v 0.0573 -0.1715 -1.2212
v -0.0678 -0.1560 -1.2459
v -0.1878 -0.1597 1.6520
v -0.3283 1.2371 1.7808
v -0.0583 1.2760 -1.2392
v 1.3887 -0.2142 -0.7657
v 1.4590 -0.2540 1.3243
v 0.1563 -0.2458 1.6158
v 0.2585 -0.1909 -1.1430
v 0.6552 -0.2146 -1.1003
v 0.5181 -0.2689 1.5647
v 0.9722 -0.2688 1.4595
v 1.0279 -0.2179 -0.9837
v -0.0706 1.5051 -1.2055
v -0.3180 1.4874 1.7960
v -0.3080 1.7221 1.8073
v -0.0885 -0.1907 1.6408
v -0.0849 0.4039 -1.2321
v -0.3525 0.3779 1.7236
v -0.0671 0.8226 -1.2523
v -0.3451 0.7696 1.7551
v -0.3023 1.9438 1.8133
v -0.3254 2.6257 1.7922
v -0.3284 2.9577 1.7831
v -0.3225 3.2758 1.7769
v -0.2751 3.9804 1.8388
v -0.1897 4.1843 1.8417
v -0.0409 4.4072 1.8270
v 0.0885 4.6403 1.7877
v 0.3172 5.0983 1.6403
v 0.4683 5.3336 1.5216
v 4.6185 2.6192 2.3472
v 0.6346 5.5845 1.3695
v 4.7264 2.7520 2.3975
v 0.8114 5.8530 1.1834
v 4.8483 2.8464 2.3943
v 0.9961 6.1431 0.9598
v 4.9854 2.8369 2.3366
v 1.2384 6.4389 0.6943
v -0.9167 6.6151 0.6480
v -0.0002 3.7847 1.7412
v -1.0549 6.5645 0.6106
v -0.7930 6.5923 0.6358
v 0.0126 3.6626 1.7411
v -0.6273 5.4622 1.4892
v -1.1021 6.6255 0.5539
v -0.9267 5.9998 1.0951
v -0.7498 5.7179 1.3126
v -0.5230 5.2244 1.6242
v -0.3413 4.7687 1.7646
v -0.2357 4.5332 1.7820
v -0.1508 4.2991 1.7779
v -0.0817 4.0813 1.7637
v -0.0238 3.4479 1.7113
v -1.1137 6.2942 0.8378
v -0.6712 6.6011 0.6569
v -1.3855 6.5685 0.5557
v -0.2422 -0.0381 1.6214
v -0.1832 0.1861 1.6197
v 0.0481 -0.0863 -1.1471
v 0.0464 0.5610 -1.1594
v 0.0571 0.1722 -1.1451
v 0.0228 1.0413 -1.1673
v -0.0539 3.1288 1.7079
v -0.0578 2.7976 1.7203
v -0.0756 2.4602 1.7359
v -0.0895 2.1441 1.7379
v -0.1145 0.9898 1.6624
v -0.1380 0.5336 1.6315
v -1.0036 6.6189 0.6031
v -0.0289 3.8811 1.7517
v 0.0033 3.5714 1.7192
v -0.7154 6.6018 0.6437
v -1.2177 6.5611 0.5842
v -0.0140 3.8339 1.7464
v -0.2585 6.7723 -0.4970
v -0.7200 6.8008 -0.2715
v -0.9049 6.7707 -0.1030
v -1.1932 6.6453 0.4361
v -1.0392 6.7154 0.1067
v -0.5017 6.8134 -0.4042
v -1.2253 6.6205 0.5124
v -4.8209 2.1897 1.9337
v -4.9295 2.2045 1.8897
v -5.2384 2.4545 1.9555
v -4.5286 2.3561 2.2827
v -5.0427 2.7882 2.4299
v -4.9024 2.8177 2.5270
v -4.7431 2.7765 2.5738
v -4.5162 2.4363 2.3764
v -4.5079 2.5165 2.4487
v -5.1202 2.7556 2.3514
v -4.5448 2.6470 2.5340
v -5.2510 2.5396 2.0404
v -5.2330 2.6237 2.1428
v -5.1879 2.7000 2.2505
v -5.1229 2.2998 1.8686
v -5.1947 2.3729 1.8972
v -5.0316 2.2421 1.8676
v -4.5583 2.2872 2.1811
v -4.7138 2.2000 1.9991
v -4.6216 2.2338 2.0834
v 0.0069 3.7299 1.7401
v -0.8163 6.6235 0.6643
v 0.0538 0.0268 -1.1438
v -0.2122 0.0608 1.6196
v -1.9222 -0.2192 0.8717
v -1.7735 -0.2218 1.0482
v -2.0151 -0.2159 0.1120
v -2.0488 -0.2162 0.3858
v -0.7750 -0.2286 1.5508
v -0.2733 -0.1235 1.6232
v -1.0767 -0.2324 1.4541
v -0.3708 -0.2188 -1.1606
v -1.9211 -0.2160 -0.1585
v -1.2245 -0.2169 -0.9800
v -1.6091 -0.2154 -0.6389
v -0.7939 -0.2206 -1.1303
v -2.0199 -0.2172 0.6449
v -1.4177 -0.2285 1.3113
v -1.7797 -0.2161 -0.4181
v -0.5325 -0.1969 1.6027
v -0.0157 -0.1990 -1.1517
v 0.0404 -0.1810 -1.1507
v -0.3507 -0.1482 1.6198
v -0.1115 1.2354 1.6815
v 0.0032 1.2828 -1.1717
v -1.4228 -0.2155 -0.8304
v -1.6021 -0.2250 1.1966
v -0.6459 -0.2165 1.5824
v -0.1859 -0.2109 -1.1562
v -0.5794 -0.2209 -1.1543
v -0.9229 -0.2317 1.5048
v -1.2391 -0.2314 1.3934
v -1.0121 -0.2190 -1.0781
v 0.0047 1.5155 -1.1742
v -0.0737 1.5053 -1.1642
v -0.1111 1.4794 1.7011
v -0.1077 1.7136 1.7196
v -0.0927 1.7200 -1.1543
v -0.4354 -0.1729 1.6141
v 0.0550 0.3518 -1.1513
v -0.1581 0.3437 1.6231
v 0.0354 0.7933 -1.1632
v -0.1232 0.7513 1.6451
v -0.1008 1.9404 1.7324
v 0.0026 6.7500 -0.5296
v -0.0637 2.6391 1.7280
v -0.0545 2.9605 1.7130
v -0.0466 3.2960 1.7070
v -0.0535 3.9798 1.7576
v -0.1141 4.1876 1.7708
v -0.1913 4.4150 1.7822
v -0.2899 4.6517 1.7763
v -0.4688 5.1100 1.6744
v -0.5762 5.3415 1.5625
v -4.5100 2.5847 2.4960
v -0.6836 5.5874 1.4054
v -4.6337 2.7108 2.5669
v -0.8288 5.8549 1.2094
v -4.8307 2.8126 2.5579
v -1.0207 6.1481 0.9704
v -4.9721 2.8031 2.4861
v -1.2463 6.4337 0.6981
v 0.2559 4.9843 1.6871
v 0.2012 4.8707 1.7265
v -0.4255 4.9969 1.7149
v -0.3864 4.8836 1.7447
v 0.7207 6.6283 0.6099
v 0.9313 6.5689 0.5891
v 0.6778 6.6142 0.6027
v -0.7264 6.6287 0.6584
v -0.9085 6.5763 0.6312
v -0.6824 6.6192 0.6586
v 0.1588 -0.1812 -1.1817
v -0.0975 3.6578 1.7755
v -0.2125 3.7748 1.7760
v -0.0134 3.8556 1.7689
v -0.0152 3.6908 1.7726
v -0.1792 3.6926 1.7769
v -0.1778 3.8563 1.7732
v 0.0194 3.7723 1.7698
v -0.0951 3.8904 1.7703
v -0.0976 3.6548 1.8161
v -0.2125 3.7719 1.8209
v -0.0135 3.8519 1.8241
v -0.0152 3.6879 1.8175
v -0.1793 3.6895 1.8175
v -0.1777 3.8535 1.8242
v 0.0196 3.7695 1.8208
v -0.0953 3.8866 1.8256
v -0.0974 3.6756 1.8170
v -0.1916 3.7717 1.8209
v -0.0285 3.8372 1.8235
v -0.0298 3.7028 1.8181
v -0.1644 3.7042 1.8181
v -0.1630 3.8386 1.8236
v -0.0013 3.7697 1.8208
v -0.0955 3.8658 1.8247
v -0.0966 3.7508 1.8200
v -0.1164 3.7709 1.8208
v -0.0822 3.7847 1.8214
v -0.0825 3.7565 1.8203
v -0.1107 3.7567 1.8203
v -0.1104 3.7849 1.8214
v -0.0765 3.7705 1.8208
v -0.0962 3.7906 1.8216
v -0.0964 3.7707 1.8208
v -0.0972 3.6907 1.8176
v -0.0971 3.7057 1.8182
v -0.0969 3.7207 1.8188
v -0.0968 3.7357 1.8194
v -0.0719 3.7457 1.8198
v -0.0614 3.7350 1.8194
v -0.0509 3.7243 1.8189
v -0.0404 3.7135 1.8185
v -0.0956 3.8507 1.8241
v -0.0958 3.8357 1.8235
v -0.0959 3.8207 1.8229
v -0.0961 3.8057 1.8223
v -0.1209 3.7957 1.8219
v -0.1314 3.8064 1.8223
v -0.1420 3.8171 1.8227
v -0.1525 3.8279 1.8232
v -0.0163 3.7699 1.8208
v -0.0314 3.7700 1.8208
v -0.0464 3.7702 1.8208
v -0.0614 3.7703 1.8208
v -0.1214 3.7462 1.8198
v -0.1322 3.7357 1.8194
v -0.1429 3.7252 1.8190
v -0.1536 3.7147 1.8186
v -0.0392 3.8267 1.8231
v -0.0500 3.8162 1.8227
v -0.0607 3.8057 1.8223
v -0.0714 3.7952 1.8218
v -0.1765 3.7715 1.8209
v -0.1615 3.7714 1.8209
v -0.1465 3.7712 1.8209
v -0.1314 3.7711 1.8209
v -0.1031 2.8166 1.7625
v -0.2116 2.9266 1.7582
v -0.0241 3.0024 1.7478
v -0.0255 2.8475 1.7582
v -0.1803 2.8494 1.7625
v -0.1790 3.0031 1.7522
v 0.0070 2.9240 1.7522
v -0.1011 3.0352 1.7478
v -0.1033 2.8164 1.8032
v -0.2116 2.9267 1.8032
v -0.0243 3.0021 1.8032
v -0.0256 2.8476 1.8032
v -0.1804 2.8492 1.8032
v -0.1788 3.0036 1.8032
v 0.0071 2.9245 1.8032
v -0.1013 3.0348 1.8032
v -0.1031 2.8361 1.8032
v -0.1919 2.9265 1.8032
v -0.0384 2.9883 1.8032
v -0.0394 2.8617 1.8032
v -0.1663 2.8629 1.8032
v -0.1651 2.9896 1.8032
v -0.0126 2.9247 1.8032
v -0.1015 3.0152 1.8032
v -0.1025 2.9068 1.8032
v -0.1211 2.9258 1.8032
v -0.0889 2.9388 1.8032
v -0.0892 2.9122 1.8032
v -0.1158 2.9125 1.8032
v -0.1155 2.9390 1.8032
v -0.0836 2.9254 1.8032
v -0.1022 2.9444 1.8032
v -0.1024 2.9256 1.8032
v -0.1030 2.8502 1.8032
v -0.1029 2.8644 1.8032
v -0.1028 2.8785 1.8032
v -0.1027 2.8927 1.8032
v -0.0792 2.9021 1.8032
v -0.0693 2.8920 1.8032
v -0.0593 2.8819 1.8032
v -0.0494 2.8718 1.8032
v -0.1016 3.0010 1.8032
v -0.1018 2.9869 1.8032
v -0.1019 2.9727 1.8032
v -0.1020 2.9586 1.8032
v -0.1254 2.9491 1.8032
v -0.1353 2.9593 1.8032
v -0.1452 2.9694 1.8032
v -0.1552 2.9795 1.8032
v -0.0268 2.9249 1.8032
v -0.0410 2.9250 1.8032
v -0.0552 2.9252 1.8032
v -0.0694 2.9253 1.8032
v -0.1259 2.9026 1.8032
v -0.1360 2.8927 1.8032
v -0.1461 2.8828 1.8032
v -0.1562 2.8729 1.8032
v -0.0485 2.9784 1.8032
v -0.0586 2.9685 1.8032
v -0.0687 2.9586 1.8032
v -0.0788 2.9487 1.8032
v -0.1778 2.9264 1.8032
v -0.1636 2.9262 1.8032
v -0.1495 2.9261 1.8032
v -0.1353 2.9260 1.8032
v -0.1083 2.0079 1.7116
v -0.2249 2.1265 1.7143
v -0.0244 2.2073 1.6973
v -0.0253 2.0425 1.7045
v -0.1910 2.0439 1.7156
v -0.1904 2.2080 1.7084
v 0.0093 2.1241 1.6987
v -0.1071 2.2421 1.7014
v -0.1058 2.0055 1.7522
v -0.2220 2.1242 1.7592
v -0.0214 2.2044 1.7526
v -0.0225 2.0402 1.7495
v -0.1884 2.0414 1.7562
v -0.1871 2.2059 1.7593
v 0.0124 2.1220 1.7496
v -0.1041 2.2391 1.7566
v -0.1056 2.0273 1.7526
v -0.2009 2.1240 1.7583
v -0.0364 2.1898 1.7529
v -0.0374 2.0552 1.7504
v -0.1734 2.0564 1.7559
v -0.1723 2.1910 1.7585
v -0.0087 2.1222 1.7505
v -0.1042 2.2182 1.7562
v -0.1051 2.1032 1.7540
v -0.1251 2.1233 1.7552
v -0.0905 2.1371 1.7541
v -0.0908 2.1089 1.7536
v -0.1193 2.1092 1.7547
v -0.1191 2.1374 1.7553
v -0.0847 2.1229 1.7536
v -0.1048 2.1431 1.7548
v -0.1049 2.1231 1.7544
v -0.1055 2.0428 1.7529
v -0.1054 2.0580 1.7532
v -0.1053 2.0731 1.7535
v -0.1052 2.0881 1.7538
v -0.0801 2.0982 1.7529
v -0.0694 2.0874 1.7523
v -0.0587 2.0767 1.7517
v -0.0481 2.0660 1.7510
v -0.1043 2.2032 1.7559
v -0.1044 2.1882 1.7556
v -0.1045 2.1731 1.7554
v -0.1047 2.1581 1.7551
v -0.1297 2.1481 1.7559
v -0.1404 2.1588 1.7565
v -0.1510 2.1696 1.7572
v -0.1617 2.1803 1.7578
v -0.0239 2.1224 1.7511
v -0.0391 2.1225 1.7517
v -0.0543 2.1227 1.7524
v -0.0695 2.1228 1.7530
v -0.1301 2.0986 1.7550
v -0.1409 2.0881 1.7552
v -0.1517 2.0776 1.7554
v -0.1625 2.0670 1.7557
v -0.0473 2.1792 1.7532
v -0.0581 2.1687 1.7534
v -0.0689 2.1582 1.7536
v -0.0797 2.1476 1.7539
v -0.1858 2.1239 1.7577
v -0.1706 2.1237 1.7571
v -0.1554 2.1236 1.7565
v -0.1402 2.1235 1.7559
v 0.3304 2.0203 1.7377
v 0.4750 2.0207 1.6864
v 0.6243 2.0226 1.6249
v 0.7793 2.0269 1.5476
v 0.9345 2.0313 1.4447
v 1.0849 2.0275 1.3111
v 1.2317 2.0100 1.1489
v 1.3698 1.9684 0.9652
v 1.4894 2.1204 0.6900
v -0.6547 2.0400 1.6161
v -0.7875 2.0463 1.5643
v -0.9211 2.0513 1.5050
v -1.0531 2.0566 1.4314
v -1.1757 2.0599 1.3331
v -1.2828 2.0555 1.2037
v -1.3766 2.0392 1.0439
v -1.4523 2.0024 0.8617
v -1.4804 2.1264 0.6187
v -0.1773 2.3198 1.7438
v -0.1084 2.3324 -1.0788
v -0.6833 2.3386 -0.9697
v -1.4959 2.3264 0.1311
v -0.3933 2.3045 1.6960
v -1.3363 2.3402 -0.3609
v -1.5172 2.3035 0.3904
v -0.9719 2.3387 -0.8267
v -0.0799 2.3217 1.7433
v -1.2266 2.3391 -0.5456
v -0.3896 2.3368 -1.0408
v -1.4313 2.3380 -0.1250
v -1.1609 2.2983 1.3411
v -0.0767 2.1960 1.7833
v 0.8373 2.3387 -0.8684
v 0.5696 2.3381 -0.9852
v -1.4365 2.2986 0.8878
v 0.1688 2.2725 1.7608
v 0.2947 2.3338 -1.0515
v 1.1078 2.3364 -0.6819
v -0.1778 2.2951 1.7919
v 0.1637 2.3350 -1.0682
v 0.7031 2.3385 -0.9310
v 1.5214 2.3244 0.1717
v 0.0208 2.2773 1.7706
v 0.0325 2.3325 -1.0811
v 1.3671 2.3398 -0.3250
v 1.5253 2.3003 0.4425
v 0.9723 2.3388 -0.7974
v -0.3079 2.3092 1.8061
v 1.3601 2.2903 0.9650
v 1.4726 2.2919 0.7136
v -1.4743 2.2987 0.6517
v -0.7699 2.2891 1.5599
v -0.6362 2.2817 1.6034
v 1.2222 2.2829 1.1579
v 1.0746 2.2772 1.3252
v 0.9230 2.2730 1.4618
v 0.7655 2.2699 1.5656
v 0.6063 2.2672 1.6415
v -0.9050 2.2940 1.5063
v -1.0381 2.2971 1.4365
v 0.6287 1.5978 1.6572
v 0.6373 1.4620 1.6896
v 0.3556 1.6100 1.7955
v 0.3521 1.4568 1.8368
v 0.9664 1.5976 1.4711
v 0.9926 1.4691 1.5019
v 1.2933 1.6132 1.1967
v 1.3365 1.4893 1.2305
v 1.1356 1.6041 1.3436
v 1.1718 1.4774 1.3758
v 0.4841 1.6027 1.7291
v 0.4867 1.4595 1.7656
v 0.7925 1.5954 1.5735
v 0.8087 1.4647 1.6038
v 1.4810 1.5047 1.0698
v 1.2398 1.7372 1.1602
v 1.4363 1.6244 1.0372
v 1.1013 1.7406 1.3128
v 0.4861 1.7643 1.6915
v 0.7925 1.7499 1.5531
v 1.3647 1.7358 0.9957
v 0.6340 1.7566 1.6317
v 0.3477 1.7743 1.7381
v 0.9516 1.7447 1.4470
v -0.9384 1.6080 1.5577
v -0.9494 1.4649 1.5865
v -0.6897 1.6108 1.6802
v -0.6954 1.4679 1.7086
v -1.2054 1.5963 1.3691
v -1.2292 1.4627 1.4020
v -1.4395 1.5948 1.0768
v -1.4950 1.4632 1.1034
v -1.3292 1.5927 1.2349
v -1.3671 1.4625 1.2687
v -0.8121 1.6106 1.6258
v -0.8208 1.4663 1.6550
v -1.0719 1.6030 1.4748
v -1.0871 1.4637 1.5047
v -1.5981 1.4650 0.9085
v -1.4027 1.7423 1.0528
v -1.5292 1.6069 0.9016
v -1.3066 1.7477 1.2064
v -0.8069 1.7727 1.5842
v -1.0709 1.7630 1.4446
v -1.4856 1.7422 0.8879
v -0.9377 1.7688 1.5231
v -0.6810 1.7761 1.6348
v -1.1965 1.7553 1.3397
v 0.3511 1.9419 1.7467
v 0.4858 1.9432 1.6998
v 0.6293 1.9421 1.6409
v 0.7822 1.9389 1.5642
v 0.9353 1.9323 1.4610
v 1.0798 1.9219 1.3303
v 1.2141 1.9082 1.1810
v 1.3360 1.8899 1.0209
v -0.6781 1.9469 1.6295
v -0.7992 1.9547 1.5808
v -0.9260 1.9576 1.5227
v -1.0559 1.9564 1.4481
v -1.1781 1.9499 1.3480
v -1.2832 1.9387 1.2201
v -1.3719 1.9242 1.0725
v -1.4434 1.9057 0.9140
v -1.0528 2.0313 1.4439
v -1.1748 2.0327 1.3451
v -1.2811 2.0256 1.2169
v -1.0863 1.5148 1.4512
v -1.3729 2.0078 1.0634
v -0.6824 1.5152 1.6548
v -1.5169 1.6816 0.8358
v -1.5560 1.5799 0.8619
v -1.2199 1.5127 1.3411
v -1.4476 1.9720 0.8938
v -1.4777 1.8201 0.8334
v -1.4536 1.5381 1.0356
v -1.3419 1.5187 1.1999
v -0.9476 1.5165 1.5334
v -0.8123 1.5156 1.5983
v -0.6722 2.0080 1.6257
v -0.7954 2.0189 1.5759
v -0.9231 2.0259 1.5177
v -0.6629 1.6554 1.6584
v -0.6621 1.8391 1.6240
v 0.6277 1.9985 1.6361
v 0.7803 2.0026 1.5597
v 0.9336 2.0053 1.4573
v 1.0804 1.9998 1.3260
v 1.3492 1.9460 1.0026
v 1.2202 1.9827 1.1719
v 1.3871 1.8075 0.9459
v 0.3231 1.6469 1.7497
v 0.6410 1.5011 1.6328
v 0.8136 1.5046 1.5520
v 1.3103 1.5572 1.1504
v 0.3329 1.8336 1.7286
v 0.3284 1.4928 1.7343
v 0.4802 1.4972 1.6916
v 1.4500 1.5998 0.9991
v 1.4140 1.6873 0.9538
v 0.4837 1.9953 1.6955
v 0.3473 1.9918 1.7437
v 0.9892 1.5113 1.4396
v 1.1564 1.5287 1.3004
v -0.0766 2.0073 1.7862
v -0.0753 2.0988 1.7871
v -0.0964 2.1991 1.7858
v -0.0867 2.2114 1.7848
v -0.0909 2.0988 1.7879
v -0.0870 1.9953 1.7872
v -0.0901 2.0348 1.7879
v -0.0831 2.1721 1.7868
v -0.0833 2.0342 1.7888
v -0.0822 2.0982 1.7900
v -0.0899 2.1723 1.7856
v 1.3286 2.5673 -0.3319
v 1.2052 2.5243 1.1887
v 1.4488 2.5382 0.7402
v 0.4467 2.5723 -0.9959
v 0.1657 2.5719 -1.0400
v -0.2921 2.5401 1.7958
v 1.5050 2.5494 0.4586
v 1.2080 2.5684 -0.5260
v -0.2017 2.5159 1.7875
v 1.0827 2.5693 -0.6761
v 1.0604 2.5178 1.3565
v 0.3104 2.5719 -1.0219
v 0.1536 2.5085 1.7667
v 0.4382 2.5077 1.7204
v 0.5776 2.5724 -0.9627
v 0.8314 2.5716 -0.8526
v 0.7556 2.5098 1.5950
v -0.0866 2.4802 1.7792
v 0.0315 2.5018 1.7718
v 0.7048 2.5721 -0.9114
v 0.9115 2.5130 1.4928
v 1.3405 2.5322 0.9950
v 0.5959 2.5082 1.6675
v 0.2825 2.5084 1.7572
v 1.4314 2.5651 -0.0961
v 1.4963 2.5592 0.1728
v 0.9572 2.5709 -0.7861
v 0.0166 2.5721 -1.0500
v -1.3098 2.5676 -0.3574
v -1.3468 2.5436 1.0872
v -1.4754 2.5436 0.6798
v -0.4272 2.5726 -1.0107
v -0.1362 2.5722 -1.0477
v -0.0911 2.5610 1.7368
v -1.5030 2.5512 0.4180
v -1.2002 2.5687 -0.5362
v -0.1670 2.5606 1.7365
v -1.0816 2.5699 -0.6877
v -1.2516 2.5442 1.2392
v -0.2849 2.5725 -1.0338
v -0.4896 2.5435 1.6517
v -0.7506 2.5394 1.5728
v -0.5639 2.5725 -0.9789
v -0.8317 2.5718 -0.8837
v -1.0215 2.5436 1.4542
v -0.2646 2.5581 1.7243
v -0.3731 2.5522 1.6928
v -0.6993 2.5723 -0.9385
v -1.1442 2.5443 1.3620
v -1.4257 2.5429 0.9122
v -0.8879 2.5419 1.5214
v -0.6132 2.5364 1.6142
v -1.4132 2.5655 -0.1190
v -1.4827 2.5600 0.1456
v -0.9594 2.5710 -0.8031
v -0.3171 2.5462 1.7941
v -0.0710 2.5608 1.7322
v 0.1828 1.5019 1.4174
v 1.9741 -0.1251 0.5653
v 1.7588 0.8036 0.5328
v 0.0639 -0.0494 0.6787
v 0.0561 -0.0161 -0.0096
v 0.3765 0.8276 -1.1035
v 0.1622 0.2471 -0.5603
v 0.4899 -0.3597 -0.5378
v 0.3437 1.8077 -0.8857
v 0.1469 1.8009 -0.8030
v 0.0578 -0.0654 0.3572
v 0.4768 0.7080 1.3060
v 0.4251 1.5194 1.3546
v 0.7023 0.8652 -1.1048
v 0.7596 -0.3109 -0.7072
v 0.6337 1.8178 -0.8894
v 1.0033 0.8490 -1.0068
v 1.0522 -0.2633 -0.7307
v 0.8971 1.8158 -0.8033
v 1.2411 0.8443 -0.8044
v 1.3245 -0.2196 -0.6286
v 1.1041 1.8076 -0.6031
v 1.5845 0.8182 -0.3342
v 1.7562 -0.1512 -0.2654
v 1.3790 1.7673 -0.1767
v 0.6985 -0.3528 1.1709
v 0.2747 -0.4464 0.6670
v 0.2134 -0.4584 0.3556
v 0.1978 0.7533 1.3646
v 0.9018 0.8084 1.3045
v 0.8177 1.5521 1.3204
v 1.0657 -0.2933 1.2984
v 0.9584 1.5497 1.2462
v 1.1684 1.5800 1.1585
v 1.4764 1.6536 0.8033
v 1.0495 0.8698 1.2437
v 0.4298 -0.4018 0.9674
v 1.2934 -0.2492 1.2886
v 1.2823 0.8794 1.1573
v 1.5221 -0.2041 1.2079
v 1.8804 -0.1396 0.8343
v 1.6412 0.9023 0.8010
v 0.2191 -0.4447 0.0501
v 0.4038 0.2966 -0.8912
v 2.0133 -0.3754 0.5767
v 1.3527 -0.4980 1.3074
v 0.2760 -0.6892 0.0701
v 1.7920 -0.4098 -0.2403
v 1.3510 -0.4864 -0.5877
v 1.0798 -0.5344 -0.6811
v 0.7900 -0.5857 -0.6556
v 0.3489 -0.6703 -0.2051
v 0.3477 -0.6802 0.6528
v 0.2766 -0.6925 0.3519
v 1.5748 -0.4520 1.2229
v 0.7769 -0.6033 1.1733
v 0.5086 -0.6476 0.9484
v 1.0937 -0.5493 1.3068
v 1.9242 -0.3892 0.8443
v 0.5251 -0.6346 -0.4811
v 1.8609 0.3578 0.5286
v 1.1528 0.2452 1.2392
v 0.1614 0.8233 -0.9666
v 0.7229 0.3214 -0.9944
v 1.0368 0.3423 -0.9514
v 1.2924 0.3587 -0.7844
v 1.6636 0.3683 -0.3163
v 1.3930 0.2811 1.1729
v 0.9772 0.2305 1.2735
v 0.5243 0.1848 1.2179
v 1.7573 0.3399 0.8002
v 0.2307 0.1567 1.1597
v 0.3032 -0.4053 -0.2568
v 1.2202 0.0028 1.2536
v 1.4527 0.0438 1.1823
v 1.0264 -0.0290 1.2806
v 0.6147 -0.0877 1.1774
v 0.4582 -0.0440 -0.6588
v 1.9160 0.1249 0.5459
v 0.1410 -0.2386 0.3533
v 0.7429 0.0004 -0.8176
v 1.0399 0.0377 -0.8240
v 1.3060 0.0700 -0.7001
v 1.7109 0.1160 -0.2903
v 0.1892 -0.2206 0.6812
v 0.1526 -0.2039 0.0123
v 1.8179 0.1097 0.8156
v 0.3434 -0.1386 1.0146
v 0.2519 -0.1051 -0.3581
v 1.4240 0.8309 -0.5540
v 1.2552 1.7858 -0.3856
v 1.5645 -0.1814 -0.4616
v 1.5941 -0.4440 -0.4312
v 1.5001 0.3669 -0.5435
v 1.5318 0.0962 -0.5090
v 1.3335 1.6143 1.0084
v 1.7178 -0.1669 1.0527
v 1.7678 -0.4153 1.0649
v 1.4651 0.9170 1.0109
v 1.5902 0.3164 1.0274
v 1.6497 0.0805 1.0306
v 1.5416 1.6938 0.5509
v 2.2621 -3.3991 0.3713
v 1.7781 -3.5062 0.9234
v 0.9100 -3.6538 -0.0431
v 2.1186 -3.4208 -0.3021
v 1.7659 -3.4822 -0.5895
v 1.5477 -3.5222 -0.6588
v 1.3150 -3.5662 -0.6334
v 0.9651 -3.6391 -0.2595
v 0.9728 -3.6486 0.4207
v 0.9118 -3.6573 0.1823
v 1.9446 -3.4684 0.8726
v 1.3333 -3.5909 0.8090
v 1.1173 -3.6256 0.6473
v 1.5696 -3.5499 0.9199
v 2.1909 -3.4140 0.5878
v 1.1035 -3.6085 -0.4861
v 1.9612 -3.4476 -0.4622
v 2.0779 -3.4378 0.7584
v 1.9333 -1.9095 -0.2591
v 1.7641 -1.9427 -0.4356
v 0.6653 -2.1610 0.5753
v 0.8258 -2.1316 0.8477
v 1.5548 -1.9838 -0.5805
v 1.3179 -2.0303 -0.6667
v 0.5926 -2.1733 0.0282
v 0.5946 -2.1743 0.2866
v 1.9219 -1.9154 0.9360
v 2.0504 -1.8900 0.7432
v 1.0584 -2.0804 -0.6418
v 2.1217 -1.8755 0.4973
v 0.8159 -2.1272 -0.4758
v 0.6562 -2.1593 -0.2185
v 1.7654 -1.9494 1.0724
v 1.5772 -1.9923 1.1462
v 1.0756 -2.0899 1.0465
v 1.3193 -2.0449 1.1446
v 1.8676 -5.5622 -0.6019
v 1.6639 -5.5769 -0.5814
v 1.3059 -5.6272 0.1600
v 1.3634 -5.6301 0.3780
v 2.4360 -5.5583 0.5362
v 2.4985 -5.5484 0.3385
v 1.4765 -5.5943 -0.4489
v 1.3535 -5.6100 -0.2433
v 1.3045 -5.6203 -0.0458
v 2.3609 -5.5389 -0.2735
v 2.0720 -5.5958 0.8411
v 2.2203 -5.5824 0.7955
v 2.2259 -5.5436 -0.4177
v 2.0574 -5.5514 -0.5341
v 1.4998 -5.6278 0.5856
v 1.6881 -5.6203 0.7351
v 1.8518 -5.6153 0.8348
v 2.3381 -5.5699 0.6918
v 1.9912 -7.5578 -0.5785
v 1.5644 -7.5000 0.2590
v 2.4521 -7.4321 0.6588
v 1.6966 -7.5532 -0.4091
v 2.1792 -7.4122 0.9994
v 2.2706 -7.5309 -0.3827
v 1.7024 -7.4504 0.7723
v 2.0270 -7.4154 1.0268
v 1.8361 -7.5609 -0.5523
v 1.6070 -7.4764 0.5149
v 2.4938 -7.4504 0.4418
v 1.6039 -7.5378 -0.1916
v 1.5632 -7.5201 0.0304
v 2.3787 -7.5133 -0.2239
v 2.2984 -7.4121 0.9465
v 2.1385 -7.5464 -0.5080
v 1.8512 -7.4308 0.9342
v 2.3879 -7.4191 0.8302
v 1.9110 -1.6589 -0.2494
v 1.8884 -1.4082 -0.2385
v 1.8663 -1.1574 -0.2288
v 1.8445 -0.9075 -0.2244
v 1.8213 -0.6594 -0.2275
v 1.7372 -1.6926 -0.4285
v 1.7094 -1.4425 -0.4199
v 1.6817 -1.1921 -0.4123
v 1.6541 -0.9422 -0.4099
v 1.6256 -0.6942 -0.4151
v 0.7731 -1.8832 0.8975
v 0.7216 -1.6350 0.9311
v 0.6724 -1.3866 0.9491
v 0.6228 -1.1380 0.9502
v 0.5704 -0.8912 0.9436
v 1.2787 -1.7817 -0.6631
v 1.2393 -1.5328 -0.6577
v 1.1997 -1.2835 -0.6532
v 1.1589 -1.0340 -0.6531
v 1.1180 -0.7859 -0.6609
v 0.5388 -1.9269 0.3071
v 0.4858 -1.6790 0.3286
v 0.4355 -1.4312 0.3380
v 0.3847 -1.1833 0.3448
v 0.3323 -0.9360 0.3485
v 2.0311 -1.6382 0.7673
v 2.0107 -1.3869 0.7905
v 1.9905 -1.1358 0.8122
v 1.9719 -0.8853 0.8294
v 1.9518 -0.6369 0.8401
v 1.0125 -1.8326 -0.6381
v 0.9671 -1.5843 -0.6327
v 0.9228 -1.3356 -0.6281
v 0.8776 -1.0866 -0.6278
v 0.8319 -0.8381 -0.6348
v 2.1044 -1.6238 0.5177
v 2.0869 -1.3724 0.5377
v 2.0694 -1.1212 0.5562
v 2.0529 -0.8712 0.5697
v 2.0365 -0.6233 0.5770
v 0.6016 -1.9122 -0.2092
v 0.5492 -1.6646 -0.1990
v 0.4996 -1.4167 -0.1901
v 0.4495 -1.1686 -0.1851
v 0.3985 -0.9203 -0.1873
v 1.0278 -1.8413 1.1000
v 0.9795 -1.5932 1.1445
v 0.9329 -1.3446 1.1714
v 0.8861 -1.0954 1.1803
v 0.8367 -0.8487 1.1817
v 0.4069 -0.9218 0.6434
v 0.4593 -1.1689 0.6501
v 0.5094 -1.4170 0.6438
v 0.5589 -1.6651 0.6336
v 0.6110 -1.9132 0.6050
v 1.3854 -0.7373 -0.5692
v 1.4203 -0.9853 -0.5622
v 1.4549 -1.2351 -0.5631
v 1.4888 -1.4850 -0.5688
v 1.5222 -1.7345 -0.5755
v 0.3300 -0.9351 0.0756
v 0.3824 -1.1827 0.0737
v 0.4333 -1.4306 0.0658
v 0.4836 -1.6784 0.0541
v 0.5367 -1.9260 0.0410
v 1.8016 -0.6625 1.0564
v 1.8274 -0.9110 1.0396
v 1.8503 -1.1618 1.0173
v 1.8748 -1.4127 0.9963
v 1.8992 -1.6638 0.9658
v 0.5701 -0.8869 -0.4597
v 0.6188 -1.1354 -0.4544
v 0.6671 -1.3838 -0.4566
v 0.7148 -1.6320 -0.4627
v 0.7646 -1.8799 -0.4699
v 1.6128 -0.6987 1.2136
v 1.6443 -0.9469 1.1961
v 1.6742 -1.1974 1.1707
v 1.7052 -1.4478 1.1490
v 1.7362 -1.6983 1.1102
v 1.3948 -0.7449 1.3042
v 1.4314 -0.9932 1.2905
v 1.4676 -1.2435 1.2662
v 1.5044 -1.4932 1.2388
v 1.5416 -1.7423 1.1909
v 1.1224 -0.7990 1.3081
v 1.1559 -1.0479 1.3007
v 1.1935 -1.2984 1.2868
v 1.2340 -1.5476 1.2532
v 1.2770 -1.7959 1.2020
v 0.7199 -2.4083 0.5374
v 0.7744 -2.6553 0.5150
v 0.8272 -2.9026 0.4973
v 0.8782 -3.1512 0.4739
v 0.9271 -3.4006 0.4470
v 1.5868 -2.2330 -0.5814
v 1.6191 -2.4820 -0.5776
v 1.6518 -2.7308 -0.5707
v 1.6859 -2.9809 -0.5695
v 1.7226 -3.2318 -0.5752
v 0.6491 -2.4196 0.0164
v 0.7056 -2.6655 0.0077
v 0.7603 -2.9116 0.0011
v 0.8129 -3.1590 -0.0113
v 0.8632 -3.4072 -0.0271
v 1.9431 -2.1677 0.9063
v 1.9661 -2.4202 0.8793
v 1.9920 -2.6727 0.8556
v 2.0200 -2.9267 0.8259
v 2.0495 -3.1819 0.7918
v 0.8668 -2.3737 -0.4783
v 0.9172 -2.6198 -0.4765
v 0.9661 -2.8660 -0.4723
v 1.0135 -3.1134 -0.4738
v 1.0598 -3.3616 -0.4790
v 1.7934 -2.2011 1.0347
v 1.8221 -2.4530 1.0029
v 1.8519 -2.7050 0.9773
v 1.8825 -2.9584 0.9453
v 1.9140 -3.2132 0.9085
v 1.6111 -2.2431 1.0954
v 1.6448 -2.4942 1.0583
v 1.6782 -2.7454 1.0317
v 1.7115 -2.9982 0.9984
v 1.7452 -3.2522 0.9604
v 1.3609 -2.2945 1.0913
v 1.4017 -2.5445 1.0474
v 1.4419 -2.7946 1.0200
v 1.4839 -3.0459 0.9889
v 1.5270 -3.2982 0.9538
v 2.0718 -3.1676 -0.2846
v 2.0353 -2.9145 -0.2740
v 2.0047 -2.6625 -0.2689
v 1.9774 -2.4115 -0.2693
v 1.9541 -2.1605 -0.2662
v 1.9154 -3.1959 -0.4446
v 1.8790 -2.9439 -0.4364
v 1.8467 -2.6929 -0.4347
v 1.8171 -2.4429 -0.4387
v 1.7899 -2.1928 -0.4394
v 1.0736 -3.3763 0.6786
v 1.0270 -3.1257 0.7108
v 0.9788 -2.8760 0.7395
v 0.9288 -2.6278 0.7626
v 0.8775 -2.3798 0.7989
v 1.5067 -3.2730 -0.6506
v 1.4683 -3.0231 -0.6486
v 1.4312 -2.7741 -0.6516
v 1.3942 -2.5263 -0.6602
v 1.3562 -2.2784 -0.6659
v 0.8650 -3.4103 0.2033
v 0.8147 -3.1617 0.2245
v 0.7622 -2.9138 0.2423
v 0.7075 -2.6672 0.2544
v 0.6511 -2.4210 0.2684
v 2.1637 -3.1578 0.6174
v 2.1359 -2.9023 0.6475
v 2.1099 -2.6482 0.6733
v 2.0866 -2.3953 0.6936
v 2.0673 -2.1425 0.7173
v 1.2742 -3.3183 -0.6277
v 1.2321 -3.0693 -0.6260
v 1.1902 -2.8213 -0.6283
v 1.1473 -2.5744 -0.6361
v 1.1032 -2.3276 -0.6414
v 2.2310 -3.1429 0.3960
v 2.2027 -2.8876 0.4210
v 2.1773 -2.6336 0.4417
v 2.1549 -2.3808 0.4572
v 2.1368 -2.1280 0.4760
v 0.9191 -3.3927 -0.2484
v 0.8700 -3.1446 -0.2378
v 0.8189 -2.8973 -0.2307
v 0.7658 -2.6514 -0.2293
v 0.7111 -2.4056 -0.2258
v 1.2937 -3.3400 0.8438
v 1.2520 -3.0882 0.8797
v 1.2096 -2.8374 0.9119
v 1.1659 -2.5881 0.9433
v 1.1211 -2.3389 0.9908
v 1.6210 -5.3169 -0.5889
v 1.5723 -5.0546 -0.5986
v 1.5223 -4.7960 -0.6118
v 1.4746 -4.5432 -0.6218
v 1.4322 -4.2971 -0.6350
v 1.3917 -4.0537 -0.6413
v 1.3533 -3.8105 -0.6405
v 1.3132 -5.3752 0.3701
v 1.2573 -5.1184 0.3660
v 1.1998 -4.8649 0.3659
v 1.1441 -4.6163 0.3714
v 1.0945 -4.3733 0.3781
v 1.0532 -4.1326 0.3859
v 1.0138 -3.8916 0.4005
v 2.4686 -5.2680 0.3303
v 2.4368 -4.9832 0.3249
v 2.4066 -4.7034 0.3232
v 2.3815 -4.4321 0.3269
v 2.3592 -4.1705 0.3313
v 2.3292 -3.9127 0.3380
v 2.2955 -3.6556 0.3519
v 1.3037 -5.3562 -0.2506
v 1.2485 -5.1008 -0.2560
v 1.1916 -4.8487 -0.2602
v 1.1365 -4.6014 -0.2629
v 1.0872 -4.3597 -0.2685
v 1.0458 -4.1203 -0.2710
v 1.0062 -3.8806 -0.2672
v 1.2538 -5.3674 -0.0533
v 1.1977 -5.1128 -0.0583
v 1.1400 -4.8614 -0.0611
v 1.0840 -4.6147 -0.0607
v 1.0340 -4.3735 -0.0615
v 0.9920 -4.1345 -0.0615
v 0.9519 -3.8951 -0.0547
v 2.3345 -5.2627 -0.2854
v 2.3126 -4.9825 -0.3004
v 2.2953 -4.7068 -0.3195
v 2.2790 -4.4390 -0.3326
v 2.2549 -4.1807 -0.3419
v 2.2194 -3.9265 -0.3383
v 2.1712 -3.6735 -0.3236
v 2.1856 -5.3078 0.7867
v 2.1466 -5.0294 0.7823
v 2.1071 -4.7555 0.7838
v 2.0693 -4.4890 0.7936
v 2.0343 -4.2312 0.8068
v 2.0042 -3.9766 0.8217
v 1.9743 -3.7225 0.8440
v 2.0258 -5.2825 -0.5475
v 1.9942 -5.0102 -0.5666
v 1.9664 -4.7420 -0.5894
v 1.9336 -4.4807 -0.6085
v 1.9000 -4.2278 -0.6215
v 1.8594 -3.9787 -0.6216
v 1.8154 -3.7306 -0.6077
v 1.6437 -5.3586 0.7265
v 1.5930 -5.0943 0.7225
v 1.5397 -4.8335 0.7241
v 1.4876 -4.5784 0.7336
v 1.4412 -4.3300 0.7463
v 1.4041 -4.0841 0.7604
v 1.3693 -3.8381 0.7816
v 2.3052 -5.2925 0.6831
v 2.2682 -5.0109 0.6784
v 2.2308 -4.7342 0.6791
v 2.1954 -4.4652 0.6875
v 2.1634 -4.2054 0.6987
v 2.1342 -3.9490 0.7116
v 2.1057 -3.6933 0.7320
v 1.5885 -3.7686 -0.6694
v 1.6292 -4.0144 -0.6767
v 1.6701 -4.2606 -0.6719
v 1.7081 -4.5101 -0.6589
v 1.7486 -4.7671 -0.6427
v 1.7900 -5.0305 -0.6253
v 1.8304 -5.2978 -0.6116
v 0.9536 -3.8991 0.1665
v 0.9936 -4.1389 0.1559
v 1.0357 -4.3783 0.1521
v 1.0857 -4.6200 0.1493
v 1.1417 -4.8670 0.1464
v 1.1994 -5.1189 0.1478
v 1.2554 -5.3739 0.1523
v 2.2179 -3.6703 0.5645
v 2.2467 -3.9271 0.5471
v 2.2761 -4.1845 0.5370
v 2.3031 -4.4456 0.5287
v 2.3344 -4.7162 0.5224
v 2.3696 -4.9950 0.5228
v 2.4048 -5.2788 0.5278
v 1.1432 -3.8511 -0.4913
v 1.1814 -4.0921 -0.4930
v 1.2214 -4.3329 -0.4878
v 1.2688 -4.5762 -0.4774
v 1.3217 -4.8255 -0.4704
v 1.3763 -5.0801 -0.4631
v 1.4292 -5.3382 -0.4560
v 1.8095 -3.7584 0.8939
v 1.8405 -4.0102 0.8709
v 1.8721 -4.2623 0.8552
v 1.9099 -4.5175 0.8409
v 1.9512 -4.7807 0.8303
v 1.9938 -5.0507 0.8283
v 2.0354 -5.3250 0.8323
v 2.0132 -3.6980 -0.4849
v 2.0631 -3.9486 -0.5036
v 2.1010 -4.2005 -0.5061
v 2.1309 -4.4564 -0.4947
v 2.1522 -4.7215 -0.4748
v 2.1730 -4.9939 -0.4509
v 2.1980 -5.2707 -0.4316
v 1.1566 -3.8704 0.6229
v 1.1945 -4.1136 0.6044
v 1.2346 -4.3567 0.5929
v 1.2841 -4.6020 0.5827
v 1.3396 -4.8534 0.5748
v 1.3966 -5.1101 0.5737
v 1.4514 -5.3700 0.5776
v 1.6094 -3.7990 0.8936
v 1.6472 -4.0473 0.8732
v 1.6829 -4.2962 0.8591
v 1.7189 -4.5489 0.8443
v 1.7549 -4.8096 0.8319
v 1.7891 -5.0768 0.8270
v 1.8217 -5.3479 0.8281
v 1.8320 -7.4153 -0.6107
v 1.8287 -7.1461 -0.6183
v 1.8137 -6.8206 -0.5791
v 1.7918 -6.5687 -0.5700
v 1.7636 -6.3236 -0.5803
v 1.7310 -6.0733 -0.5894
v 1.6980 -5.8260 -0.5763
v 1.6023 -7.3351 0.4694
v 1.5975 -7.1035 0.4323
v 1.5701 -6.8323 0.4012
v 1.5342 -6.5857 0.4166
v 1.4914 -6.3470 0.4091
v 1.4460 -6.1116 0.3926
v 1.4038 -5.8746 0.3878
v 2.5053 -7.3071 0.4146
v 2.5056 -7.0735 0.3810
v 2.5194 -6.7980 0.3534
v 2.5314 -6.5474 0.3702
v 2.5376 -6.3035 0.3632
v 2.5350 -6.0591 0.3486
v 2.5217 -5.8101 0.3474
v 1.5908 -7.3929 -0.2311
v 1.5838 -7.1374 -0.2521
v 1.5567 -6.8306 -0.2560
v 1.5211 -6.5815 -0.2266
v 1.4792 -6.3397 -0.2305
v 1.4348 -6.0963 -0.2426
v 1.3936 -5.8547 -0.2364
v 1.5507 -7.3762 -0.0074
v 1.5453 -7.1282 -0.0333
v 1.5163 -6.8327 -0.0470
v 1.4784 -6.5846 -0.0221
v 1.4343 -6.3444 -0.0271
v 1.3880 -6.1038 -0.0408
v 1.3454 -5.8642 -0.0381
v 2.3876 -7.3680 -0.2691
v 2.3877 -7.1103 -0.2891
v 2.3968 -6.8002 -0.2903
v 2.4032 -6.5476 -0.2599
v 2.4043 -6.3019 -0.2631
v 2.3977 -6.0505 -0.2734
v 2.3826 -5.7985 -0.2649
v 2.3009 -7.2711 0.9322
v 2.2982 -7.0555 0.8837
v 2.2978 -6.8073 0.8393
v 2.2934 -6.5600 0.8461
v 2.2839 -6.3175 0.8362
v 2.2686 -6.0814 0.8178
v 2.2473 -5.8394 0.8071
v 2.1416 -7.4003 -0.5586
v 2.1407 -7.1326 -0.5745
v 2.1397 -6.8087 -0.5629
v 2.1343 -6.5559 -0.5268
v 2.1229 -6.3097 -0.5288
v 2.1050 -6.0572 -0.5378
v 2.0826 -5.8064 -0.5259
v 1.8538 -7.2916 0.8930
v 1.8659 -7.0741 0.8211
v 1.8492 -6.8233 0.7785
v 1.8252 -6.5774 0.7865
v 1.7942 -6.3385 0.7768
v 1.7587 -6.1056 0.7579
v 1.7234 -5.8688 0.7468
v 2.3922 -7.2775 0.8139
v 2.3899 -7.0581 0.7695
v 2.3943 -6.8037 0.7287
v 2.3956 -6.5553 0.7378
v 2.3918 -6.3119 0.7286
v 2.3815 -6.0734 0.7110
v 2.3636 -5.8291 0.7027
v 1.8971 -5.8143 -0.5958
v 1.9247 -6.0638 -0.6093
v 1.9497 -6.3159 -0.6006
v 1.9692 -6.5617 -0.5960
v 1.9824 -6.8143 -0.6170
v 1.9900 -7.1414 -0.6469
v 1.9915 -7.4119 -0.6349
v 1.3468 -5.8709 0.1687
v 1.3894 -6.1090 0.1697
v 1.4357 -6.3470 0.1848
v 1.4798 -6.5862 0.1910
v 1.5176 -6.8334 0.1707
v 1.5465 -7.1171 0.1934
v 1.5520 -7.3573 0.2244
v 2.4601 -5.8192 0.5462
v 2.4749 -6.0658 0.5513
v 2.4797 -6.3071 0.5675
v 2.4767 -6.5510 0.5758
v 2.4686 -6.8005 0.5633
v 2.4586 -7.0644 0.5985
v 2.4596 -7.2897 0.6379
v 1.5143 -5.8407 -0.4432
v 1.5523 -6.0851 -0.4535
v 1.5918 -6.3322 -0.4432
v 1.6282 -6.5759 -0.4399
v 1.6584 -6.8264 -0.4605
v 1.6806 -7.1447 -0.4791
v 1.6855 -7.4082 -0.4614
v 2.1009 -5.8501 0.8530
v 2.1259 -6.0900 0.8650
v 2.1467 -6.3244 0.8840
v 2.1621 -6.5653 0.8942
v 2.1720 -6.8119 0.8887
v 2.1771 -7.0571 0.9349
v 2.1801 -7.2716 0.9850
v 2.2484 -5.8012 -0.4084
v 2.2664 -6.0528 -0.4186
v 2.2780 -6.3051 -0.4090
v 2.2824 -6.5512 -0.4065
v 2.2811 -6.8039 -0.4402
v 2.2766 -7.1217 -0.4461
v 2.2768 -7.3849 -0.4289
v 1.5384 -5.8740 0.5964
v 1.5785 -6.1104 0.6048
v 1.6206 -6.3438 0.6226
v 1.6591 -6.5826 0.6314
v 1.6903 -6.8286 0.6204
v 1.7134 -7.0879 0.6588
v 1.7003 -7.3102 0.7318
v 1.8782 -5.8673 0.8463
v 1.9035 -6.1058 0.8588
v 1.9295 -6.3389 0.8784
v 1.9550 -6.5732 0.8902
v 1.9802 -6.8190 0.8880
v 1.9987 -7.0633 0.9371
v 2.0115 -7.2782 0.9966
v 2.0644 -1.1214 0.2734
v 1.9881 -1.1348 0.0067
v 2.0446 -1.8880 -0.0322
v 2.0622 -2.1396 -0.0437
v 1.9651 -0.1220 0.2674
v 1.9004 0.1313 0.2487
v 2.2683 -3.3964 0.1315
v 2.2305 -3.1407 0.1513
v 2.5381 -6.3014 0.1375
v 2.5358 -6.0540 0.1245
v 2.2144 -3.4046 -0.0974
v 2.1709 -3.1501 -0.0799
v 2.5317 -6.5457 0.1430
v 2.5056 -7.0853 0.1399
v 2.5197 -6.7971 0.1213
v 2.0830 -2.3914 -0.0515
v 2.1500 -2.3800 0.1954
v 1.4461 1.7387 0.0635
v 1.5227 1.7140 0.2983
v 2.1159 -1.8754 0.2249
v 2.0471 -0.8708 0.2835
v 2.0071 -0.3739 0.2826
v 1.9249 -0.3879 0.0046
v 2.0985 -1.6238 0.2414
v 2.0815 -1.3726 0.2582
v 2.1313 -2.1276 0.2086
v 2.1370 -2.8960 -0.0655
v 2.1997 -2.8859 0.1706
v 2.0301 -0.6223 0.2871
v 1.9512 -0.6369 0.0136
v 2.1082 -2.6432 -0.0558
v 2.1731 -2.6324 0.1856
v 2.4516 -7.4933 -0.0244
v 2.4608 -7.3487 -0.0646
v 1.9700 -0.8850 0.0136
v 2.5229 -5.8035 0.1273
v 2.2646 -3.6593 -0.1139
v 2.3108 -3.9142 -0.1262
v 2.3428 -4.1702 -0.1300
v 2.4226 -4.6981 0.1008
v 2.3781 -4.7000 -0.1174
v 1.7191 0.8677 0.2412
v 1.8440 0.3757 0.2273
v 2.3645 -4.4303 -0.1242
v 1.6609 0.7893 -0.0447
v 2.4024 -4.4272 0.0999
v 2.4442 -4.9774 0.1049
v 2.3963 -4.9776 -0.1076
v 2.4719 -5.2616 0.1110
v 2.4203 -5.2602 -0.0981
v 1.8263 0.1240 -0.0342
v 2.3512 -3.9087 0.1037
v 2.5005 -5.5416 0.1193
v 2.3822 -4.1660 0.0988
v 2.0254 -1.6368 -0.0193
v 2.3134 -3.6523 0.1155
v 2.5053 -7.3278 0.1682
v 2.4698 -5.7996 -0.0807
v 2.4834 -6.0513 -0.0868
v 2.0066 -1.3859 -0.0056
v 1.8847 -0.1330 -0.0154
v 2.4939 -7.4718 0.2032
v 1.7602 0.3640 -0.0516
v 2.4609 -7.0980 -0.0880
v 2.4871 -6.3009 -0.0753
v 2.4828 -6.5460 -0.0710
v 2.4730 -6.7981 -0.0974
v 2.4479 -5.5386 -0.0887
v 0.8345 1.5516 1.2982
v 1.5986 -3.5416 0.9106
v 1.0986 -0.2851 1.2863
v 1.8173 -5.0717 0.8173
v 0.9198 0.8164 1.2833
v 1.8517 -5.3433 0.8189
v 1.7814 -4.8039 0.8216
v 1.7444 -4.5428 0.8337
v 1.3986 -2.2849 1.0807
v 1.4379 -2.5350 1.0391
v 1.5169 -3.0369 0.9807
v 1.6731 -4.0402 0.8629
v 1.4767 -2.7853 1.0122
v 1.7079 -4.2897 0.8484
v 1.6367 -3.7912 0.8837
v 1.5581 -3.2895 0.9451
v 0.9998 0.2332 1.2569
v 1.8832 -5.6113 0.8260
v 1.2759 -1.5374 1.2421
v 1.2361 -1.2881 1.2738
v 1.3177 -1.7859 1.1909
v 1.1649 -0.7889 1.2954
v 2.0451 -7.4164 1.0037
v 1.1988 -1.0377 1.2863
v 1.9353 -6.1026 0.8499
v 1.3586 -2.0350 1.1334
v 1.9101 -5.8638 0.8376
v 2.0327 -7.2784 0.9780
v 2.0212 -7.0629 0.9251
v 1.1331 -0.5398 1.2974
v 2.0054 -6.8176 0.8776
v 1.9601 -6.3361 0.8694
v 1.0526 -0.0231 1.2650
v 1.9835 -6.5720 0.8808
v 1.1112 -1.0574 1.2683
v 1.0746 -0.8089 1.2733
v 1.2361 -1.8050 1.1739
v 1.1505 -1.3077 1.2570
v 1.1921 -1.5568 1.2232
v 1.5310 -3.5580 0.8876
v 0.8282 0.7864 1.2976
v 0.7494 1.5456 1.3199
v 1.9894 -7.2825 0.9581
v 0.8984 0.2214 1.2529
v 1.4041 -2.8031 0.9883
v 1.5702 -3.8067 0.8611
v 1.8267 -5.6160 0.8048
v 1.6433 -4.3028 0.8264
v 1.9996 -7.4200 0.9938
v 1.9614 -6.8190 0.8555
v 1.6074 -4.0545 0.8405
v 1.3217 -2.3034 1.0600
v 1.9364 -6.5737 0.8593
v 1.6813 -4.5546 0.8121
v 1.3632 -2.5531 1.0159
v 1.9797 -7.0655 0.9024
v 1.4461 -3.0543 0.9569
v 1.7203 -4.8141 0.8003
v 1.4890 -3.3065 0.9217
v 1.2794 -2.0539 1.1155
v 1.9098 -6.3390 0.8480
v 1.8820 -6.1057 0.8286
v 1.8548 -5.8674 0.8165
v 1.0028 -0.3052 1.2647
v 1.0401 -0.5601 1.2706
v 0.9554 -0.0407 1.2513
v 1.7939 -5.3498 0.7978
v 1.7580 -5.0800 0.7961
v 1.5842 -3.5458 0.9153
v 1.8033 -5.0743 0.8221
v 1.8368 -5.3456 0.8235
v 1.7682 -4.8068 0.8268
v 1.7317 -4.5459 0.8390
v 1.3799 -2.2897 1.0860
v 1.4199 -2.5397 1.0435
v 1.5005 -3.0414 0.9848
v 1.6602 -4.0438 0.8681
v 1.4594 -2.7900 1.0161
v 1.6955 -4.2929 0.8538
v 1.6231 -3.7951 0.8887
v 1.5426 -3.2939 0.9494
v 0.9886 0.2318 1.2655
v 1.8676 -5.6133 0.8304
v 1.2551 -1.5425 1.2477
v 1.2150 -1.2933 1.2809
v 1.2975 -1.7909 1.1964
v 1.1438 -0.7939 1.3017
v 2.0360 -7.4158 1.0158
v 1.1775 -1.0428 1.2935
v 1.9195 -6.1042 0.8543
v 1.3391 -2.0400 1.1390
v 1.8943 -5.8656 0.8420
v 2.0222 -7.2783 0.9871
v 2.0100 -7.0630 0.9313
v 1.1135 -0.5445 1.3023
v 1.9929 -6.8181 0.8828
v 1.9449 -6.3375 0.8739
v 1.0396 -0.0261 1.2728
v 1.9693 -6.5726 0.8855
v 0.8261 1.5519 1.3093
v 1.0823 -0.2892 1.2924
v 0.9106 0.8146 1.2938
v 1.1338 -1.0526 1.2857
v 1.0988 -0.8039 1.2913
v 1.2568 -1.8005 1.1879
v 1.1722 -1.3030 1.2720
v 1.2133 -1.5522 1.2383
v 1.5505 -3.5540 0.9038
v 0.8657 0.7951 1.3020
v 0.7840 1.5489 1.3202
v 2.0000 -7.2803 0.9789
v 1.5900 -3.8028 0.8773
v 1.8394 -5.6157 0.8198
v 1.6633 -4.2995 0.8428
v 1.9709 -6.8191 0.8718
v 1.6275 -4.0509 0.8569
v 1.9458 -6.5734 0.8747
v 1.7003 -4.5518 0.8282
v 1.9893 -7.0645 0.9198
v 1.7378 -4.8119 0.8161
v 1.2995 -2.0494 1.1313
v 1.9197 -6.3389 0.8631
v 1.8929 -6.1057 0.8437
v 1.8666 -5.8673 0.8314
v 1.0346 -0.2992 1.2822
v 1.0672 -0.5547 1.2888
v 1.8079 -5.3489 0.8129
v 1.7737 -5.0784 0.8115
v 0.9384 0.2259 1.2629
v 1.4232 -2.7989 1.0042
v 2.0134 -7.4175 1.0112
v 1.3415 -2.2990 1.0756
v 1.3826 -2.5488 1.0317
v 1.4652 -3.0501 0.9729
v 1.5082 -3.3023 0.9377
v 0.9914 -0.0348 1.2660
v 2.5174 -7.2984 0.4136
v 2.4745 -7.2807 0.6420
v 1.5986 -7.4809 0.5210
v 1.5890 -7.3204 0.4828
v 2.5005 -7.4600 0.4378
v 1.5399 -7.3422 0.2306
v 2.4618 -7.4416 0.6588
v 1.5968 -7.5427 -0.2107
v 1.5813 -7.3792 -0.2554
v 1.6910 -7.5572 -0.4185
v 1.6788 -7.3933 -0.4734
v 1.5544 -7.5246 0.0212
v 1.5384 -7.3618 -0.0163
v 1.8235 -7.4002 -0.6143
v 1.9862 -7.3981 -0.6462
v 2.1445 -7.3886 -0.5816
v 2.3061 -7.2610 0.9420
v 2.4040 -7.2677 0.8256
v 2.0204 -7.4217 1.0460
v 2.0055 -7.2648 1.0291
v 2.3975 -7.3574 -0.2769
v 2.2850 -7.3743 -0.4507
v 1.6925 -7.4570 0.7658
v 1.6846 -7.2971 0.7365
v 1.8294 -7.5644 -0.5532
v 1.5560 -7.5041 0.2616
v 1.9876 -7.2667 1.0143
v 2.1853 -7.4199 1.0014
v 2.3012 -7.4211 0.9491
v 1.9858 -7.5625 -0.5857
v 2.3960 -7.4281 0.8366
v 2.2750 -7.5384 -0.4001
v 2.3840 -7.5209 -0.2309
v 1.9509 -7.4282 1.0045
v 1.8325 -7.4393 0.9213
v 1.8263 -7.2805 0.8963
v 2.1388 -7.5530 -0.5258
v 2.4604 -7.5014 -0.0270
v 2.1855 -7.2604 0.9954
v 2.0377 -7.4212 1.0429
v 2.0248 -7.2641 1.0270
v 2.5011 -7.4806 0.2014
v 2.4760 -7.3386 -0.0670
v 2.5184 -7.3184 0.1688
v 2.0815 -7.4208 1.0286
v 2.0731 -7.2630 1.0164
v 1.9428 -7.2711 0.9769
v 2.0006 -7.4236 1.0353
v 1.5845 -7.3690 -0.2466
v 1.6818 -7.3836 -0.4702
v 2.3030 -7.2489 0.9399
v 1.5959 -7.3106 0.4753
v 1.8397 -7.2684 0.9013
v 1.6925 -7.2862 0.7374
v 2.1430 -7.3776 -0.5743
v 2.2812 -7.3628 -0.4440
v 2.5127 -7.2858 0.4144
v 2.4689 -7.2682 0.6405
v 2.3987 -7.2555 0.8204
v 1.5444 -7.3326 0.2255
v 1.9643 -7.2592 0.9716
v 1.9956 -7.2560 0.9999
v 1.5421 -7.3519 -0.0138
v 2.0072 -7.2543 1.0150
v 1.9885 -7.3881 -0.6453
v 2.5131 -7.3062 0.1675
v 2.0186 -7.2539 1.0107
v 2.4699 -7.3268 -0.0690
v 2.3931 -7.3459 -0.2767
v 2.0525 -7.2530 1.0009
v 1.8271 -7.3908 -0.6167
v 2.1790 -7.2489 0.9941
v 2.1409 -7.3771 -0.5557
v 1.8584 -7.2727 0.8771
v 2.3883 -7.2586 0.7993
v 2.2984 -7.2527 0.9158
v 1.5573 -7.3545 -0.0116
v 1.5953 -7.3705 -0.2324
v 2.0110 -7.2605 0.9777
v 2.4547 -7.2702 0.6255
v 2.4998 -7.2869 0.4051
v 1.6900 -7.3851 -0.4596
v 2.1791 -7.2533 0.9683
v 1.8345 -7.3918 -0.6059
v 1.7075 -7.2911 0.7138
v 1.6081 -7.3149 0.4585
v 1.5585 -7.3363 0.2171
v 2.3837 -7.3456 -0.2697
v 1.9926 -7.3883 -0.6303
v 2.2745 -7.3621 -0.4275
v 2.4560 -7.3269 -0.0679
v 2.4998 -7.3069 0.1618
v 2.0319 -7.2603 0.9622
v 1.9896 -7.2642 0.9420
v 2.0216 -7.2604 0.9698
v 2.0002 -7.2623 0.9603
v 1.5906 -7.4481 0.5198
v 1.5870 -7.4033 0.5128
v 1.5871 -7.3584 0.4970
v 2.5071 -7.4282 0.4333
v 2.5115 -7.3832 0.4271
v 2.5155 -7.3376 0.4196
v 2.4675 -7.4099 0.6577
v 2.4707 -7.3651 0.6534
v 2.4736 -7.3197 0.6476
v 1.5901 -7.5096 -0.2241
v 1.5863 -7.4640 -0.2358
v 1.5829 -7.4181 -0.2480
v 1.6856 -7.5239 -0.4336
v 1.6825 -7.4782 -0.4476
v 1.6799 -7.4321 -0.4623
v 1.5476 -7.4915 0.0121
v 1.5436 -7.4462 0.0026
v 1.5401 -7.4004 -0.0079
v 2.0154 -7.3902 1.0487
v 2.0109 -7.3464 1.0449
v 2.0072 -7.3022 1.0385
v 1.6853 -7.4246 0.7639
v 1.6823 -7.3800 0.7579
v 1.6818 -7.3351 0.7470
v 1.8260 -7.5310 -0.5687
v 1.8245 -7.4852 -0.5841
v 1.8234 -7.4390 -0.6004
v 2.4005 -7.3963 0.8390
v 2.4024 -7.3516 0.8363
v 2.4041 -7.3064 0.8316
v 2.1409 -7.5201 -0.5427
v 2.1425 -7.4743 -0.5570
v 2.1440 -7.4279 -0.5718
v 1.8261 -7.4076 0.9181
v 1.8235 -7.3633 0.9129
v 1.8230 -7.3186 0.9034
v 2.3894 -7.4884 -0.2421
v 2.3930 -7.4428 -0.2536
v 2.3962 -7.3967 -0.2662
v 1.5490 -7.4711 0.2568
v 1.5449 -7.4261 0.2491
v 1.5414 -7.3806 0.2400
v 1.9849 -7.5294 -0.6020
v 1.9850 -7.4835 -0.6174
v 1.9854 -7.4372 -0.6334
v 2.3037 -7.3893 0.9513
v 2.3048 -7.3447 0.9493
v 2.3060 -7.2995 0.9457
v 2.2792 -7.5058 -0.4150
v 2.2820 -7.4600 -0.4279
v 2.2844 -7.4137 -0.4414
v 2.1862 -7.3881 1.0023
v 2.1862 -7.3437 1.0004
v 2.1863 -7.2987 0.9973
v 2.4670 -7.4692 -0.0357
v 2.4713 -7.4238 -0.0458
v 2.4750 -7.3778 -0.0570
v 2.5080 -7.4486 0.1949
v 2.5126 -7.4034 0.1867
v 2.5167 -7.3577 0.1772
v 2.0814 -7.3002 1.0250
v 2.0837 -7.3446 1.0301
v 2.0854 -7.3887 1.0329
v 1.9360 -7.3087 0.9883
v 1.9356 -7.3527 1.0018
v 1.9398 -7.3967 1.0057
v 2.0274 -7.3014 1.0373
v 2.0305 -7.3456 1.0435
v 2.0345 -7.3894 1.0470
v 1.9868 -7.3039 1.0285
v 1.9903 -7.3481 1.0352
v 1.9947 -7.3919 1.0390
v -0.1828 1.5019 1.4174
v -1.9741 -0.1251 0.5653
v -1.7588 0.8036 0.5328
v -0.0639 -0.0494 0.6787
v -0.0561 -0.0161 -0.0096
v -0.3765 0.8276 -1.1035
v -0.1622 0.2471 -0.5603
v -0.4899 -0.3597 -0.5378
v -0.3437 1.8077 -0.8857
v -0.1469 1.8009 -0.8030
v -0.0578 -0.0654 0.3572
v -0.4768 0.7080 1.3060
v -0.4251 1.5194 1.3546
v -0.7023 0.8652 -1.1048
v -0.7596 -0.3109 -0.7072
v -0.6337 1.8178 -0.8894
v -1.0033 0.8490 -1.0068
v -1.0522 -0.2633 -0.7307
v -0.8971 1.8158 -0.8033
v -1.2411 0.8443 -0.8044
v -1.3245 -0.2196 -0.6286
v -1.1041 1.8076 -0.6031
v -1.5845 0.8182 -0.3342
v -1.7562 -0.1512 -0.2654
v -1.3790 1.7673 -0.1767
v -0.6985 -0.3528 1.1709
v -0.2747 -0.4464 0.6670
v -0.2134 -0.4584 0.3556
v -0.1978 0.7533 1.3646
v -0.9018 0.8084 1.3045
v -0.8177 1.5521 1.3204
v -1.0657 -0.2933 1.2984
v -0.9584 1.5497 1.2462
v -1.1684 1.5800 1.1585
v -1.4764 1.6536 0.8033
v -1.0495 0.8698 1.2437
v -0.4298 -0.4018 0.9674
v -1.2934 -0.2492 1.2886
v -1.2823 0.8794 1.1573
v -1.5221 -0.2041 1.2079
v -1.8804 -0.1396 0.8343
v -1.6412 0.9023 0.8010
v -0.2191 -0.4447 0.0501
v -0.4038 0.2966 -0.8912
v -2.0133 -0.3754 0.5767
v -1.3527 -0.4980 1.3074
v -0.2760 -0.6892 0.0701
v -1.7920 -0.4098 -0.2403
v -1.3510 -0.4864 -0.5877
v -1.0798 -0.5344 -0.6811
v -0.7900 -0.5857 -0.6556
v -0.3489 -0.6703 -0.2051
v -0.3477 -0.6802 0.6528
v -0.2766 -0.6925 0.3519
v -1.5748 -0.4520 1.2229
v -0.7769 -0.6033 1.1733
v -0.5086 -0.6476 0.9484
v -1.0937 -0.5493 1.3068
v -1.9242 -0.3892 0.8443
v -0.5251 -0.6346 -0.4811
v -1.8609 0.3578 0.5286
v -1.1528 0.2452 1.2392
v -0.1614 0.8233 -0.9666
v -0.7229 0.3214 -0.9944
v -1.0368 0.3423 -0.9514
v -1.2924 0.3587 -0.7844
v -1.6636 0.3683 -0.3163
v -1.3930 0.2811 1.1729
v -0.9772 0.2305 1.2735
v -0.5243 0.1848 1.2179
v -1.7573 0.3399 0.8002
v -0.2307 0.1567 1.1597
v -0.3032 -0.4053 -0.2568
v -1.2202 0.0028 1.2536
v -1.4527 0.0438 1.1823
v -1.0264 -0.0290 1.2806
v -0.6147 -0.0877 1.1774
v -0.4582 -0.0440 -0.6588
v -1.9160 0.1249 0.5459
v -0.1410 -0.2386 0.3533
v -0.7429 0.0004 -0.8176
v -1.0399 0.0377 -0.8240
v -1.3060 0.0700 -0.7001
v -1.7109 0.1160 -0.2903
v -0.1892 -0.2206 0.6812
v -0.1526 -0.2039 0.0123
v -1.8179 0.1097 0.8156
v -0.3434 -0.1386 1.0146
v -0.2519 -0.1051 -0.3581
v -1.4240 0.8309 -0.5540
v -1.2552 1.7858 -0.3856
v -1.5645 -0.1814 -0.4616
v -1.5941 -0.4440 -0.4312
v -1.5001 0.3669 -0.5435
v -1.5318 0.0962 -0.5090
v -1.3335 1.6143 1.0084
v -1.7178 -0.1669 1.0527
v -1.7678 -0.4153 1.0649
v -1.4651 0.9170 1.0109
v -1.5902 0.3164 1.0274
v -1.6497 0.0805 1.0306
v -1.5416 1.6938 0.5509
v -2.2621 -3.3991 0.3713
v -1.7781 -3.5062 0.9234
v -0.9100 -3.6538 -0.0431
v -2.1186 -3.4208 -0.3021
v -1.7659 -3.4822 -0.5895
v -1.5477 -3.5222 -0.6588
v -1.3150 -3.5662 -0.6334
v -0.9651 -3.6391 -0.2595
v -0.9728 -3.6486 0.4207
v -0.9118 -3.6573 0.1823
v -1.9446 -3.4684 0.8726
v -1.3333 -3.5909 0.8090
v -1.1173 -3.6256 0.6473
v -1.5696 -3.5499 0.9199
v -2.1909 -3.4140 0.5878
v -1.1035 -3.6085 -0.4861
v -1.9612 -3.4476 -0.4622
v -2.0779 -3.4378 0.7584
v -1.9333 -1.9095 -0.2591
v -1.7641 -1.9427 -0.4356
v -0.6653 -2.1610 0.5753
v -0.8258 -2.1316 0.8477
v -1.5548 -1.9838 -0.5805
v -1.3179 -2.0303 -0.6667
v -0.5926 -2.1733 0.0282
v -0.5946 -2.1743 0.2866
v -1.9219 -1.9154 0.9360
v -2.0504 -1.8900 0.7432
v -1.0584 -2.0804 -0.6418
v -2.1217 -1.8755 0.4973
v -0.8159 -2.1272 -0.4758
v -0.6562 -2.1593 -0.2185
v -1.7654 -1.9494 1.0724
v -1.5772 -1.9923 1.1462
v -1.0756 -2.0899 1.0465
v -1.3193 -2.0449 1.1446
v -1.8676 -5.5622 -0.6019
v -1.6639 -5.5769 -0.5814
v -1.3059 -5.6272 0.1600
v -1.3634 -5.6301 0.3780
v -2.4360 -5.5583 0.5362
v -2.4985 -5.5484 0.3385
v -1.4765 -5.5943 -0.4489
v -1.3535 -5.6100 -0.2433
v -1.3045 -5.6203 -0.0458
v -2.3609 -5.5389 -0.2735
v -2.0720 -5.5958 0.8411
v -2.2203 -5.5824 0.7955
v -2.2259 -5.5436 -0.4177
v -2.0574 -5.5514 -0.5341
v -1.4998 -5.6278 0.5856
v -1.6881 -5.6203 0.7351
v -1.8518 -5.6153 0.8348
v -2.3381 -5.5699 0.6918
v -1.9912 -7.5578 -0.5785
v -1.5644 -7.5000 0.2590
v -2.4521 -7.4321 0.6588
v -1.6966 -7.5532 -0.4091
v -2.1792 -7.4122 0.9994
v -2.2706 -7.5309 -0.3827
v -1.6911 -7.4535 0.7316
v -2.0232 -7.4165 1.0151
v -1.8361 -7.5609 -0.5523
v -1.6051 -7.4772 0.5002
v -2.4938 -7.4504 0.4418
v -1.6039 -7.5378 -0.1916
v -1.5632 -7.5201 0.0304
v -2.3787 -7.5133 -0.2239
v -2.2984 -7.4121 0.9465
v -2.1385 -7.5464 -0.5080
v -1.8404 -7.4338 0.8938
v -2.3879 -7.4191 0.8302
v -1.9110 -1.6589 -0.2494
v -1.8884 -1.4082 -0.2385
v -1.8663 -1.1574 -0.2288
v -1.8445 -0.9075 -0.2244
v -1.8213 -0.6594 -0.2275
v -1.7372 -1.6926 -0.4285
v -1.7094 -1.4425 -0.4199
v -1.6817 -1.1921 -0.4123
v -1.6541 -0.9422 -0.4099
v -1.6256 -0.6942 -0.4151
v -0.7731 -1.8832 0.8975
v -0.7216 -1.6350 0.9311
v -0.6724 -1.3866 0.9491
v -0.6228 -1.1380 0.9502
v -0.5704 -0.8912 0.9436
v -1.2787 -1.7817 -0.6631
v -1.2393 -1.5328 -0.6577
v -1.1997 -1.2835 -0.6532
v -1.1589 -1.0340 -0.6531
v -1.1180 -0.7859 -0.6609
v -0.5388 -1.9269 0.3071
v -0.4858 -1.6790 0.3286
v -0.4355 -1.4312 0.3380
v -0.3847 -1.1833 0.3448
v -0.3323 -0.9360 0.3485
v -2.0311 -1.6382 0.7673
v -2.0107 -1.3869 0.7905
v -1.9905 -1.1358 0.8122
v -1.9719 -0.8853 0.8294
v -1.9518 -0.6369 0.8401
v -1.0125 -1.8326 -0.6381
v -0.9671 -1.5843 -0.6327
v -0.9228 -1.3356 -0.6281
v -0.8776 -1.0866 -0.6278
v -0.8319 -0.8381 -0.6348
v -2.1044 -1.6238 0.5177
v -2.0869 -1.3724 0.5377
v -2.0694 -1.1212 0.5562
v -2.0529 -0.8712 0.5697
v -2.0365 -0.6233 0.5770
v -0.6016 -1.9122 -0.2092
v -0.5492 -1.6646 -0.1990
v -0.4996 -1.4167 -0.1901
v -0.4495 -1.1686 -0.1851
v -0.3985 -0.9203 -0.1873
v -1.0278 -1.8413 1.1000
v -0.9795 -1.5932 1.1445
v -0.9329 -1.3446 1.1714
v -0.8861 -1.0954 1.1803
v -0.8367 -0.8487 1.1817
v -0.4069 -0.9218 0.6434
v -0.4593 -1.1689 0.6501
v -0.5094 -1.4170 0.6438
v -0.5589 -1.6651 0.6336
v -0.6110 -1.9132 0.6050
v -1.3854 -0.7373 -0.5692
v -1.4203 -0.9853 -0.5622
v -1.4549 -1.2351 -0.5631
v -1.4888 -1.4850 -0.5688
v -1.5222 -1.7345 -0.5755
v -0.3300 -0.9351 0.0756
v -0.3824 -1.1827 0.0737
v -0.4333 -1.4306 0.0658
v -0.4836 -1.6784 0.0541
v -0.5367 -1.9260 0.0410
v -1.8016 -0.6625 1.0564
v -1.8274 -0.9110 1.0396
v -1.8503 -1.1618 1.0173
v -1.8748 -1.4127 0.9963
v -1.8992 -1.6638 0.9658
v -0.5701 -0.8869 -0.4597
v -0.6188 -1.1354 -0.4544
v -0.6671 -1.3838 -0.4566
v -0.7148 -1.6320 -0.4627
v -0.7646 -1.8799 -0.4699
v -1.6128 -0.6987 1.2136
v -1.6443 -0.9469 1.1961
v -1.6742 -1.1974 1.1707
v -1.7052 -1.4478 1.1490
v -1.7362 -1.6983 1.1102
v -1.3948 -0.7449 1.3042
v -1.4314 -0.9932 1.2905
v -1.4676 -1.2435 1.2662
v -1.5044 -1.4932 1.2388
v -1.5416 -1.7423 1.1909
v -1.1224 -0.7990 1.3081
v -1.1559 -1.0479 1.3007
v -1.1935 -1.2984 1.2868
v -1.2340 -1.5476 1.2532
v -1.2770 -1.7959 1.2020
v -0.7199 -2.4083 0.5374
v -0.7744 -2.6553 0.5150
v -0.8272 -2.9026 0.4973
v -0.8782 -3.1512 0.4739
v -0.9271 -3.4006 0.4470
v -1.5868 -2.2330 -0.5814
v -1.6191 -2.4820 -0.5776
v -1.6518 -2.7308 -0.5707
v -1.6859 -2.9809 -0.5695
v -1.7226 -3.2318 -0.5752
v -0.6491 -2.4196 0.0164
v -0.7056 -2.6655 0.0077
v -0.7603 -2.9116 0.0011
v -0.8129 -3.1590 -0.0113
v -0.8632 -3.4072 -0.0271
v -1.9431 -2.1677 0.9063
v -1.9661 -2.4202 0.8793
v -1.9920 -2.6727 0.8556
v -2.0200 -2.9267 0.8259
v -2.0495 -3.1819 0.7918
v -0.8668 -2.3737 -0.4783
v -0.9172 -2.6198 -0.4765
v -0.9661 -2.8660 -0.4723
v -1.0135 -3.1134 -0.4738
v -1.0598 -3.3616 -0.4790
v -1.7934 -2.2011 1.0347
v -1.8221 -2.4530 1.0029
v -1.8519 -2.7050 0.9773
v -1.8825 -2.9584 0.9453
v -1.9140 -3.2132 0.9085
v -1.6111 -2.2431 1.0954
v -1.6448 -2.4942 1.0583
v -1.6782 -2.7454 1.0317
v -1.7115 -2.9982 0.9984
v -1.7452 -3.2522 0.9604
v -1.3609 -2.2945 1.0913
v -1.4017 -2.5445 1.0474
v -1.4419 -2.7946 1.0200
v -1.4839 -3.0459 0.9889
v -1.5270 -3.2982 0.9538
v -2.0718 -3.1676 -0.2846
v -2.0353 -2.9145 -0.2740
v -2.0047 -2.6625 -0.2689
v -1.9774 -2.4115 -0.2693
v -1.9541 -2.1605 -0.2662
v -1.9154 -3.1959 -0.4446
v -1.8790 -2.9439 -0.4364
v -1.8467 -2.6929 -0.4347
v -1.8171 -2.4429 -0.4387
v -1.7899 -2.1928 -0.4394
v -1.0736 -3.3763 0.6786
v -1.0270 -3.1257 0.7108
v -0.9788 -2.8760 0.7395
v -0.9288 -2.6278 0.7626
v -0.8775 -2.3798 0.7989
v -1.5067 -3.2730 -0.6506
v -1.4683 -3.0231 -0.6486
v -1.4312 -2.7741 -0.6516
v -1.3942 -2.5263 -0.6602
v -1.3562 -2.2784 -0.6659
v -0.8650 -3.4103 0.2033
v -0.8147 -3.1617 0.2245
v -0.7622 -2.9138 0.2423
v -0.7075 -2.6672 0.2544
v -0.6511 -2.4210 0.2684
v -2.1637 -3.1578 0.6174
v -2.1359 -2.9023 0.6475
v -2.1099 -2.6482 0.6733
v -2.0866 -2.3953 0.6936
v -2.0673 -2.1425 0.7173
v -1.2742 -3.3183 -0.6277
v -1.2321 -3.0693 -0.6260
v -1.1902 -2.8213 -0.6283
v -1.1473 -2.5744 -0.6361
v -1.1032 -2.3276 -0.6414
v -2.2310 -3.1429 0.3960
v -2.2027 -2.8876 0.4210
v -2.1773 -2.6336 0.4417
v -2.1549 -2.3808 0.4572
v -2.1368 -2.1280 0.4760
v -0.9191 -3.3927 -0.2484
v -0.8700 -3.1446 -0.2378
v -0.8189 -2.8973 -0.2307
v -0.7658 -2.6514 -0.2293
v -0.7111 -2.4056 -0.2258
v -1.2937 -3.3400 0.8438
v -1.2520 -3.0882 0.8797
v -1.2096 -2.8374 0.9119
v -1.1659 -2.5881 0.9433
v -1.1211 -2.3389 0.9908
v -1.6210 -5.3169 -0.5889
v -1.5723 -5.0546 -0.5986
v -1.5223 -4.7960 -0.6118
v -1.4746 -4.5432 -0.6218
v -1.4322 -4.2971 -0.6350
v -1.3917 -4.0537 -0.6413
v -1.3533 -3.8105 -0.6405
v -1.3132 -5.3752 0.3701
v -1.2573 -5.1184 0.3660
v -1.1998 -4.8649 0.3659
v -1.1441 -4.6163 0.3714
v -1.0945 -4.3733 0.3781
v -1.0532 -4.1326 0.3859
v -1.0138 -3.8916 0.4005
v -2.4686 -5.2680 0.3303
v -2.4368 -4.9832 0.3249
v -2.4066 -4.7034 0.3232
v -2.3815 -4.4321 0.3269
v -2.3592 -4.1705 0.3313
v -2.3292 -3.9127 0.3380
v -2.2955 -3.6556 0.3519
v -1.3037 -5.3562 -0.2506
v -1.2485 -5.1008 -0.2560
v -1.1916 -4.8487 -0.2602
v -1.1365 -4.6014 -0.2629
v -1.0872 -4.3597 -0.2685
v -1.0458 -4.1203 -0.2710
v -1.0062 -3.8806 -0.2672
v -1.2538 -5.3674 -0.0533
v -1.1977 -5.1128 -0.0583
v -1.1400 -4.8614 -0.0611
v -1.0840 -4.6147 -0.0607
v -1.0340 -4.3735 -0.0615
v -0.9920 -4.1345 -0.0615
v -0.9519 -3.8951 -0.0547
v -2.3345 -5.2627 -0.2854
v -2.3126 -4.9825 -0.3004
v -2.2953 -4.7068 -0.3195
v -2.2790 -4.4390 -0.3326
v -2.2549 -4.1807 -0.3419
v -2.2194 -3.9265 -0.3383
v -2.1712 -3.6735 -0.3236
v -2.1856 -5.3078 0.7867
v -2.1466 -5.0294 0.7823
v -2.1071 -4.7555 0.7838
v -2.0693 -4.4890 0.7936
v -2.0343 -4.2312 0.8068
v -2.0042 -3.9766 0.8217
v -1.9743 -3.7225 0.8440
v -2.0258 -5.2825 -0.5475
v -1.9942 -5.0102 -0.5666
v -1.9664 -4.7420 -0.5894
v -1.9336 -4.4807 -0.6085
v -1.9000 -4.2278 -0.6215
v -1.8594 -3.9787 -0.6216
v -1.8154 -3.7306 -0.6077
v -1.6437 -5.3586 0.7265
v -1.5930 -5.0943 0.7225
v -1.5397 -4.8335 0.7241
v -1.4876 -4.5784 0.7336
v -1.4412 -4.3300 0.7463
v -1.4041 -4.0841 0.7604
v -1.3693 -3.8381 0.7816
v -2.3052 -5.2925 0.6831
v -2.2682 -5.0109 0.6784
v -2.2308 -4.7342 0.6791
v -2.1954 -4.4652 0.6875
v -2.1634 -4.2054 0.6987
v -2.1342 -3.9490 0.7116
v -2.1057 -3.6933 0.7320
v -1.5885 -3.7686 -0.6694
v -1.6292 -4.0144 -0.6767
v -1.6701 -4.2606 -0.6719
v -1.7081 -4.5101 -0.6589
v -1.7486 -4.7671 -0.6427
v -1.7900 -5.0305 -0.6253
v -1.8304 -5.2978 -0.6116
v -0.9536 -3.8991 0.1665
v -0.9936 -4.1389 0.1559
v -1.0357 -4.3783 0.1521
v -1.0857 -4.6200 0.1493
v -1.1417 -4.8670 0.1464
v -1.1994 -5.1189 0.1478
v -1.2554 -5.3739 0.1523
v -2.2179 -3.6703 0.5645
v -2.2467 -3.9271 0.5471
v -2.2761 -4.1845 0.5370
v -2.3031 -4.4456 0.5287
v -2.3344 -4.7162 0.5224
v -2.3696 -4.9950 0.5228
v -2.4048 -5.2788 0.5278
v -1.1432 -3.8511 -0.4913
v -1.1814 -4.0921 -0.4930
v -1.2214 -4.3329 -0.4878
v -1.2688 -4.5762 -0.4774
v -1.3217 -4.8255 -0.4704
v -1.3763 -5.0801 -0.4631
v -1.4292 -5.3382 -0.4560
v -1.8095 -3.7584 0.8939
v -1.8405 -4.0102 0.8709
v -1.8721 -4.2623 0.8552
v -1.9099 -4.5175 0.8409
v -1.9512 -4.7807 0.8303
v -1.9938 -5.0507 0.8283
v -2.0354 -5.3250 0.8323
v -2.0132 -3.6980 -0.4849
v -2.0631 -3.9486 -0.5036
v -2.1010 -4.2005 -0.5061
v -2.1309 -4.4564 -0.4947
v -2.1522 -4.7215 -0.4748
v -2.1730 -4.9939 -0.4509
v -2.1980 -5.2707 -0.4316
v -1.1566 -3.8704 0.6229
v -1.1945 -4.1136 0.6044
v -1.2346 -4.3567 0.5929
v -1.2841 -4.6020 0.5827
v -1.3396 -4.8534 0.5748
v -1.3966 -5.1101 0.5737
v -1.4514 -5.3700 0.5776
v -1.6094 -3.7990 0.8936
v -1.6472 -4.0473 0.8732
v -1.6829 -4.2962 0.8591
v -1.7189 -4.5489 0.8443
v -1.7549 -4.8096 0.8319
v -1.7891 -5.0768 0.8270
v -1.8217 -5.3479 0.8281
v -1.8320 -7.4153 -0.6107
v -1.8287 -7.1461 -0.6183
v -1.8137 -6.8206 -0.5791
v -1.7918 -6.5687 -0.5700
v -1.7636 -6.3236 -0.5803
v -1.7310 -6.0733 -0.5894
v -1.6980 -5.8260 -0.5763
v -1.6008 -7.3351 0.4697
v -1.5975 -7.1035 0.4323
v -1.5701 -6.8323 0.4012
v -1.5342 -6.5857 0.4166
v -1.4914 -6.3470 0.4091
v -1.4460 -6.1116 0.3926
v -1.4038 -5.8746 0.3878
v -2.5053 -7.3071 0.4146
v -2.5056 -7.0735 0.3810
v -2.5194 -6.7980 0.3534
v -2.5314 -6.5474 0.3702
v -2.5376 -6.3035 0.3632
v -2.5350 -6.0591 0.3486
v -2.5217 -5.8101 0.3474
v -1.5908 -7.3929 -0.2311
v -1.5838 -7.1374 -0.2521
v -1.5567 -6.8306 -0.2560
v -1.5211 -6.5815 -0.2266
v -1.4792 -6.3397 -0.2305
v -1.4349 -6.0963 -0.2426
v -1.3936 -5.8547 -0.2364
v -1.5507 -7.3762 -0.0074
v -1.5453 -7.1282 -0.0333
v -1.5163 -6.8327 -0.0470
v -1.4784 -6.5846 -0.0221
v -1.4343 -6.3444 -0.0271
v -1.3880 -6.1038 -0.0408
v -1.3454 -5.8642 -0.0381
v -2.3876 -7.3680 -0.2691
v -2.3877 -7.1103 -0.2891
v -2.3968 -6.8002 -0.2903
v -2.4032 -6.5476 -0.2599
v -2.4043 -6.3019 -0.2631
v -2.3977 -6.0505 -0.2734
v -2.3826 -5.7985 -0.2649
v -2.3009 -7.2711 0.9322
v -2.2982 -7.0555 0.8837
v -2.2978 -6.8073 0.8393
v -2.2934 -6.5600 0.8461
v -2.2839 -6.3175 0.8362
v -2.2686 -6.0814 0.8178
v -2.2473 -5.8394 0.8071
v -2.1416 -7.4003 -0.5586
v -2.1407 -7.1326 -0.5745
v -2.1397 -6.8087 -0.5629
v -2.1343 -6.5559 -0.5268
v -2.1229 -6.3097 -0.5288
v -2.1050 -6.0572 -0.5378
v -2.0826 -5.8064 -0.5259
v -1.8409 -7.2934 0.8725
v -1.8653 -7.0741 0.8214
v -1.8492 -6.8233 0.7785
v -1.8252 -6.5774 0.7865
v -1.7942 -6.3385 0.7768
v -1.7587 -6.1056 0.7579
v -1.7234 -5.8688 0.7468
v -2.3922 -7.2775 0.8139
v -2.3899 -7.0581 0.7695
v -2.3943 -6.8037 0.7287
v -2.3956 -6.5553 0.7378
v -2.3918 -6.3119 0.7286
v -2.3815 -6.0734 0.7110
v -2.3636 -5.8291 0.7027
v -1.8971 -5.8143 -0.5958
v -1.9247 -6.0638 -0.6093
v -1.9497 -6.3159 -0.6006
v -1.9692 -6.5617 -0.5960
v -1.9824 -6.8143 -0.6170
v -1.9900 -7.1414 -0.6469
v -1.9915 -7.4119 -0.6349
v -1.3468 -5.8709 0.1687
v -1.3894 -6.1090 0.1697
v -1.4357 -6.3470 0.1848
v -1.4798 -6.5862 0.1910
v -1.5176 -6.8334 0.1707
v -1.5465 -7.1171 0.1934
v -1.5520 -7.3573 0.2244
v -2.4601 -5.8192 0.5462
v -2.4749 -6.0658 0.5513
v -2.4797 -6.3071 0.5675
v -2.4767 -6.5510 0.5758
v -2.4686 -6.8005 0.5633
v -2.4586 -7.0644 0.5985
v -2.4596 -7.2897 0.6379
v -1.5143 -5.8407 -0.4432
v -1.5523 -6.0851 -0.4535
v -1.5918 -6.3322 -0.4432
v -1.6282 -6.5759 -0.4399
v -1.6584 -6.8264 -0.4605
v -1.6806 -7.1447 -0.4791
v -1.6855 -7.4082 -0.4614
v -2.1009 -5.8501 0.8530
v -2.1259 -6.0900 0.8650
v -2.1467 -6.3244 0.8840
v -2.1621 -6.5653 0.8942
v -2.1720 -6.8119 0.8887
v -2.1771 -7.0571 0.9349
v -2.1801 -7.2716 0.9850
v -2.2484 -5.8012 -0.4084
v -2.2664 -6.0528 -0.4186
v -2.2780 -6.3051 -0.4090
v -2.2824 -6.5512 -0.4065
v -2.2811 -6.8039 -0.4402
v -2.2766 -7.1217 -0.4461
v -2.2768 -7.3849 -0.4289
v -1.5384 -5.8740 0.5964
v -1.5785 -6.1104 0.6048
v -1.6206 -6.3438 0.6226
v -1.6591 -6.5826 0.6314
v -1.6903 -6.8286 0.6204
v -1.7128 -7.0879 0.6591
v -1.6872 -7.3120 0.7101
v -1.8782 -5.8673 0.8463
v -1.9035 -6.1058 0.8588
v -1.9295 -6.3389 0.8784
v -1.9550 -6.5732 0.8902
v -1.9802 -6.8190 0.8880
v -1.9987 -7.0633 0.9371
v -2.0058 -7.2785 0.9961
v 0.0000 1.8147 -0.7656
v 0.0000 0.8755 -0.8797
v 0.0000 0.0945 0.3545
v 0.0000 0.2111 1.0350
v 0.0000 0.1251 0.6530
v 0.0000 0.0618 -0.0261
v 0.0000 0.2535 -0.5540
v 0.0000 0.7350 1.3285
v 0.0000 1.5086 1.4129
v -2.0644 -1.1214 0.2734
v -1.9881 -1.1348 0.0067
v -2.0446 -1.8880 -0.0322
v -2.0622 -2.1396 -0.0437
v -1.9651 -0.1220 0.2674
v -1.9004 0.1313 0.2487
v -2.2683 -3.3964 0.1315
v -2.2305 -3.1407 0.1513
v -2.5381 -6.3014 0.1375
v -2.5358 -6.0540 0.1245
v -2.2144 -3.4046 -0.0974
v -2.1709 -3.1501 -0.0799
v -2.5317 -6.5457 0.1430
v -2.5056 -7.0853 0.1399
v -2.5197 -6.7971 0.1213
v -2.0830 -2.3914 -0.0515
v -2.1500 -2.3800 0.1954
v -1.4461 1.7387 0.0635
v -1.5227 1.7140 0.2983
v -2.1159 -1.8754 0.2249
v -2.0471 -0.8708 0.2835
v -2.0071 -0.3739 0.2826
v -1.9249 -0.3879 0.0046
v -2.0985 -1.6238 0.2414
v -2.0815 -1.3726 0.2582
v -2.1313 -2.1276 0.2086
v -2.1370 -2.8960 -0.0655
v -2.1997 -2.8859 0.1706
v -2.0301 -0.6223 0.2871
v -1.9512 -0.6369 0.0136
v -2.1082 -2.6432 -0.0558
v -2.1731 -2.6324 0.1856
v -2.4516 -7.4933 -0.0244
v -2.4608 -7.3487 -0.0646
v -1.9700 -0.8850 0.0136
v -2.5229 -5.8035 0.1273
v -2.2646 -3.6593 -0.1139
v -2.3108 -3.9142 -0.1262
v -2.3428 -4.1702 -0.1300
v -2.4226 -4.6981 0.1008
v -2.3781 -4.7000 -0.1174
v -1.7191 0.8677 0.2412
v -1.8440 0.3757 0.2273
v -2.3645 -4.4303 -0.1242
v -1.6609 0.7893 -0.0447
v -2.4024 -4.4272 0.0999
v -2.4442 -4.9774 0.1049
v -2.3963 -4.9776 -0.1076
v -2.4719 -5.2616 0.1110
v -2.4203 -5.2602 -0.0981
v -1.8263 0.1240 -0.0342
v -2.3512 -3.9087 0.1037
v -2.5005 -5.5416 0.1193
v -2.3822 -4.1660 0.0988
v -2.0254 -1.6368 -0.0193
v -2.3134 -3.6523 0.1155
v -2.5053 -7.3278 0.1682
v -2.4698 -5.7996 -0.0807
v -2.4834 -6.0513 -0.0868
v -2.0066 -1.3859 -0.0056
v -1.8847 -0.1330 -0.0154
v -2.4939 -7.4718 0.2032
v -1.7602 0.3640 -0.0516
v -2.4609 -7.0980 -0.0880
v -2.4871 -6.3009 -0.0753
v -2.4828 -6.5460 -0.0710
v -2.4730 -6.7981 -0.0974
v -2.4479 -5.5386 -0.0887
v -0.8345 1.5516 1.2982
v -1.5986 -3.5416 0.9106
v -1.0986 -0.2851 1.2863
v -1.8173 -5.0717 0.8173
v -0.9198 0.8164 1.2833
v -1.8517 -5.3433 0.8189
v -1.7814 -4.8039 0.8216
v -1.7444 -4.5428 0.8337
v -1.3986 -2.2849 1.0807
v -1.4379 -2.5350 1.0391
v -1.5169 -3.0369 0.9807
v -1.6731 -4.0402 0.8629
v -1.4767 -2.7853 1.0122
v -1.7079 -4.2897 0.8484
v -1.6367 -3.7912 0.8837
v -1.5581 -3.2895 0.9451
v -0.9998 0.2332 1.2569
v -1.8832 -5.6113 0.8260
v -1.2759 -1.5374 1.2421
v -1.2361 -1.2881 1.2738
v -1.3177 -1.7859 1.1909
v -1.1649 -0.7889 1.2954
v -2.0425 -7.4172 0.9956
v -1.1988 -1.0377 1.2863
v -1.9353 -6.1026 0.8499
v -1.3586 -2.0350 1.1334
v -1.9101 -5.8638 0.8376
v -2.0288 -7.2786 0.9785
v -2.0212 -7.0629 0.9251
v -1.1331 -0.5398 1.2974
v -2.0054 -6.8176 0.8776
v -1.9601 -6.3361 0.8694
v -1.0526 -0.0231 1.2650
v -1.9835 -6.5720 0.8808
v -1.1112 -1.0574 1.2683
v -1.0746 -0.8089 1.2733
v -1.2361 -1.8050 1.1739
v -1.1505 -1.3077 1.2570
v -1.1921 -1.5568 1.2232
v -1.5310 -3.5580 0.8876
v -0.8282 0.7864 1.2976
v -0.7494 1.5456 1.3199
v -1.9824 -7.2829 0.9557
v -0.8984 0.2214 1.2529
v -1.4041 -2.8031 0.9883
v -1.5702 -3.8067 0.8611
v -1.8267 -5.6160 0.8048
v -1.6433 -4.3028 0.8264
v -1.9951 -7.4216 0.9736
v -1.9614 -6.8190 0.8555
v -1.6074 -4.0545 0.8405
v -1.3217 -2.3034 1.0600
v -1.9364 -6.5737 0.8593
v -1.6813 -4.5546 0.8121
v -1.3632 -2.5531 1.0159
v -1.9797 -7.0655 0.9024
v -1.4461 -3.0543 0.9569
v -1.7203 -4.8141 0.8003
v -1.4890 -3.3065 0.9217
v -1.2794 -2.0539 1.1155
v -1.9098 -6.3390 0.8480
v -1.8820 -6.1057 0.8286
v -1.8548 -5.8674 0.8165
v -1.0028 -0.3052 1.2647
v -1.0401 -0.5601 1.2706
v -0.9554 -0.0407 1.2513
v -1.7939 -5.3498 0.7978
v -1.7580 -5.0800 0.7961
v -1.5842 -3.5458 0.9153
v -1.8033 -5.0743 0.8221
v -1.8368 -5.3456 0.8235
v -1.7682 -4.8068 0.8268
v -1.7317 -4.5459 0.8390
v -1.3799 -2.2897 1.0860
v -1.4199 -2.5397 1.0435
v -1.5005 -3.0414 0.9848
v -1.6602 -4.0438 0.8681
v -1.4594 -2.7900 1.0161
v -1.6955 -4.2929 0.8538
v -1.6231 -3.7951 0.8887
v -1.5426 -3.2939 0.9494
v -0.9886 0.2318 1.2655
v -1.8676 -5.6133 0.8304
v -1.2551 -1.5425 1.2477
v -1.2150 -1.2933 1.2809
v -1.2975 -1.7909 1.1964
v -1.1438 -0.7939 1.3017
v -2.0328 -7.4168 1.0059
v -1.1775 -1.0428 1.2935
v -1.9195 -6.1042 0.8543
v -1.3391 -2.0400 1.1390
v -1.8943 -5.8656 0.8420
v -2.0174 -7.2786 0.9873
v -2.0100 -7.0630 0.9313
v -1.1135 -0.5445 1.3023
v -1.9929 -6.8181 0.8828
v -1.9449 -6.3375 0.8739
v -1.0396 -0.0261 1.2728
v -1.9693 -6.5726 0.8855
v -0.8261 1.5519 1.3093
v -1.0823 -0.2892 1.2924
v -0.9106 0.8146 1.2938
v -1.1338 -1.0526 1.2857
v -1.0988 -0.8039 1.2913
v -1.2568 -1.8005 1.1879
v -1.1722 -1.3030 1.2720
v -1.2133 -1.5522 1.2383
v -1.5505 -3.5540 0.9038
v -0.8657 0.7951 1.3020
v -0.7840 1.5489 1.3202
v -1.9934 -7.2807 0.9772
v -1.5900 -3.8028 0.8773
v -1.8394 -5.6157 0.8198
v -1.6633 -4.2995 0.8428
v -1.9709 -6.8191 0.8718
v -1.6275 -4.0509 0.8569
v -1.9458 -6.5734 0.8747
v -1.7003 -4.5518 0.8282
v -1.9893 -7.0645 0.9198
v -1.7378 -4.8119 0.8161
v -1.2995 -2.0494 1.1313
v -1.9197 -6.3389 0.8631
v -1.8929 -6.1057 0.8437
v -1.8666 -5.8673 0.8314
v -1.0346 -0.2992 1.2822
v -1.0672 -0.5547 1.2888
v -1.8079 -5.3489 0.8129
v -1.7737 -5.0784 0.8115
v -0.9384 0.2259 1.2629
v -1.4232 -2.7989 1.0042
v -2.0087 -7.4189 0.9958
v -1.3415 -2.2990 1.0756
v -1.3826 -2.5488 1.0317
v -1.4652 -3.0501 0.9729
v -1.5082 -3.3023 0.9377
v -0.9914 -0.0348 1.2660
v -2.5174 -7.2984 0.4136
v -2.4745 -7.2807 0.6420
v -1.5954 -7.4817 0.5065
v -1.5854 -7.3204 0.4812
v -2.5005 -7.4600 0.4378
v -1.5399 -7.3422 0.2306
v -2.4618 -7.4416 0.6588
v -1.5968 -7.5427 -0.2107
v -1.5813 -7.3792 -0.2554
v -1.6910 -7.5572 -0.4185
v -1.6788 -7.3933 -0.4734
v -1.5544 -7.5246 0.0212
v -1.5384 -7.3618 -0.0163
v -1.8235 -7.4002 -0.6143
v -1.9862 -7.3981 -0.6462
v -2.1445 -7.3886 -0.5816
v -2.3061 -7.2610 0.9420
v -2.4040 -7.2677 0.8256
v -2.0165 -7.4229 1.0346
v -1.9996 -7.2655 1.0243
v -2.3975 -7.3574 -0.2769
v -2.2850 -7.3743 -0.4507
v -1.6807 -7.4601 0.7252
v -1.6706 -7.2993 0.7086
v -1.8294 -7.5644 -0.5532
v -1.5560 -7.5041 0.2616
v -1.9792 -7.2674 1.0097
v -2.1853 -7.4199 1.0014
v -2.3012 -7.4211 0.9491
v -1.9858 -7.5625 -0.5857
v -2.3960 -7.4281 0.8366
v -2.2750 -7.5384 -0.4001
v -2.3840 -7.5209 -0.2309
v -1.9432 -7.4303 0.9787
v -1.8207 -7.4424 0.8807
v -1.8123 -7.2828 0.8682
v -2.1388 -7.5530 -0.5258
v -2.4604 -7.5014 -0.0270
v -2.1855 -7.2604 0.9954
v -2.0345 -7.4221 1.0340
v -2.0198 -7.2645 1.0242
v -2.5011 -7.4806 0.2014
v -2.4760 -7.3386 -0.0670
v -2.5184 -7.3184 0.1688
v -2.0800 -7.4213 1.0248
v -2.0709 -7.2631 1.0163
v -1.9325 -7.2721 0.9672
v -1.9957 -7.4250 1.0201
v -1.5845 -7.3690 -0.2466
v -1.6818 -7.3836 -0.4702
v -2.3030 -7.2489 0.9399
v -1.5930 -7.3106 0.4746
v -1.8260 -7.2704 0.8763
v -1.6787 -7.2883 0.7116
v -2.1430 -7.3776 -0.5743
v -2.2812 -7.3628 -0.4440
v -2.5127 -7.2858 0.4144
v -2.4689 -7.2682 0.6405
v -2.3987 -7.2555 0.8204
v -1.5444 -7.3326 0.2255
v -1.9553 -7.2600 0.9653
v -1.9882 -7.2565 0.9972
v -1.5421 -7.3519 -0.0138
v -2.0002 -7.2548 1.0126
v -1.9885 -7.3881 -0.6453
v -2.5131 -7.3062 0.1675
v -2.0126 -7.2543 1.0087
v -2.4699 -7.3268 -0.0690
v -2.3931 -7.3459 -0.2767
v -2.0486 -7.2532 1.0011
v -1.8271 -7.3908 -0.6167
v -2.1790 -7.2489 0.9941
v -2.1409 -7.3771 -0.5557
v -1.8465 -7.2741 0.8602
v -2.3883 -7.2586 0.7993
v -2.2984 -7.2527 0.9158
v -1.5573 -7.3545 -0.0116
v -1.5953 -7.3705 -0.2324
v -2.0058 -7.2607 0.9777
v -2.4547 -7.2702 0.6255
v -2.4998 -7.2869 0.4051
v -1.6900 -7.3851 -0.4596
v -2.1791 -7.2533 0.9683
v -1.8345 -7.3918 -0.6059
v -1.6954 -7.2925 0.6960
v -1.6076 -7.3149 0.4588
v -1.5585 -7.3363 0.2171
v -2.3837 -7.3456 -0.2697
v -1.9926 -7.3883 -0.6303
v -2.2745 -7.3621 -0.4275
v -2.4560 -7.3269 -0.0679
v -2.4998 -7.3069 0.1618
v -2.0283 -7.2603 0.9630
v -1.9842 -7.2645 0.9414
v -2.0172 -7.2605 0.9703
v -1.9947 -7.2626 0.9597
v -1.5875 -7.4489 0.5053
v -1.5835 -7.4040 0.4995
v -1.5814 -7.3587 0.4917
v -2.5071 -7.4282 0.4333
v -2.5115 -7.3832 0.4271
v -2.5155 -7.3376 0.4196
v -2.4675 -7.4099 0.6577
v -2.4707 -7.3651 0.6534
v -2.4736 -7.3197 0.6476
v -1.5901 -7.5096 -0.2241
v -1.5863 -7.4640 -0.2358
v -1.5829 -7.4181 -0.2480
v -1.6856 -7.5239 -0.4336
v -1.6825 -7.4782 -0.4476
v -1.6799 -7.4321 -0.4623
v -1.5476 -7.4915 0.0121
v -1.5436 -7.4462 0.0026
v -1.5401 -7.4004 -0.0079
v -2.0109 -7.3913 1.0383
v -2.0058 -7.3474 1.0356
v -2.0018 -7.3031 1.0309
v -1.6728 -7.4277 0.7236
v -1.6689 -7.3830 0.7196
v -1.6676 -7.3377 0.7136
v -1.8260 -7.5310 -0.5687
v -1.8245 -7.4852 -0.5841
v -1.8234 -7.4390 -0.6004
v -2.4005 -7.3963 0.8390
v -2.4024 -7.3516 0.8363
v -2.4041 -7.3064 0.8316
v -2.1409 -7.5201 -0.5427
v -2.1425 -7.4743 -0.5570
v -2.1440 -7.4279 -0.5718
v -1.8135 -7.4107 0.8778
v -1.8102 -7.3662 0.8746
v -1.8088 -7.3213 0.8700
v -2.3894 -7.4884 -0.2421
v -2.3930 -7.4428 -0.2536
v -2.3962 -7.3967 -0.2662
v -1.5490 -7.4711 0.2568
v -1.5449 -7.4261 0.2491
v -1.5414 -7.3806 0.2400
v -1.9849 -7.5294 -0.6020
v -1.9850 -7.4835 -0.6174
v -1.9854 -7.4372 -0.6334
v -2.3037 -7.3893 0.9513
v -2.3048 -7.3447 0.9493
v -2.3060 -7.2995 0.9457
v -2.2792 -7.5058 -0.4150
v -2.2820 -7.4600 -0.4279
v -2.2844 -7.4137 -0.4414
v -2.1862 -7.3881 1.0023
v -2.1862 -7.3437 1.0004
v -2.1863 -7.2987 0.9973
v -2.4670 -7.4692 -0.0357
v -2.4713 -7.4238 -0.0458
v -2.4750 -7.3778 -0.0570
v -2.5080 -7.4486 0.1949
v -2.5126 -7.4034 0.1867
v -2.5167 -7.3577 0.1772
v -2.0793 -7.3005 1.0244
v -2.0817 -7.3449 1.0287
v -2.0837 -7.3891 1.0306
v -1.9238 -7.3102 0.9727
v -1.9264 -7.3548 0.9772
v -1.9311 -7.3989 0.9799
v -2.0229 -7.3020 1.0321
v -2.0264 -7.3464 1.0367
v -2.0307 -7.3903 1.0392
v -1.9803 -7.3050 1.0173
v -1.9842 -7.3494 1.0222
v -1.9892 -7.3933 1.0248
v 0.1864 1.2573 1.4204
v 0.1918 1.0067 1.4041
v 1.1967 1.3510 1.1661
v 1.2372 1.1167 1.1638
v 0.8689 1.0604 1.3259
v 0.8390 1.3092 1.3292
v 1.6765 1.1066 0.5433
v 1.5964 1.4049 0.5522
v 0.9814 1.3273 1.2566
v 1.0141 1.1000 1.2549
v 1.3667 1.3865 1.0136
v 1.4134 1.1534 1.0127
v 1.5121 1.1420 -0.2876
v 1.4372 1.4601 -0.2195
v 0.0000 0.9970 1.3810
v 0.0000 1.2560 1.4072
v 0.0000 1.5107 -0.8121
v 0.0000 1.1960 -0.8636
v 1.1940 1.1731 -0.7593
v 1.1428 1.4960 -0.6885
v 0.9676 1.1791 -0.9664
v 0.9282 1.5032 -0.8905
v 1.3651 1.1567 -0.5064
v 1.3026 1.4768 -0.4352
v 1.5181 1.4087 0.8072
v 1.5770 1.1574 0.8053
v 0.3666 1.1622 -1.0597
v 0.3524 1.4908 -0.9795
v 0.6795 1.1904 -1.0583
v 0.6521 1.5096 -0.9784
v 0.4570 0.9830 1.3481
v 0.4385 1.2548 1.3636
v 0.1504 1.4846 -0.8670
v 0.1569 1.1569 -0.9373
v 1.5835 1.1129 -0.0101
v 1.5030 1.4312 0.0383
v 1.6465 1.1557 0.2665
v 1.5735 1.4391 0.2890
v 0.8864 1.0655 1.3043
v 0.8561 1.3114 1.3073
v 0.7974 1.0436 1.3230
v 0.7694 1.2977 1.3273
v 0.8775 1.0643 1.3150
v 0.8475 1.3110 1.3182
v 0.8337 1.0504 1.3245
v 0.8047 1.3027 1.3283
v -0.1864 1.2573 1.4204
v -0.1918 1.0067 1.4041
v -1.1967 1.3510 1.1661
v -1.2372 1.1167 1.1638
v -0.8689 1.0604 1.3259
v -0.8390 1.3092 1.3292
v -1.6765 1.1066 0.5433
v -1.5964 1.4049 0.5522
v -0.9814 1.3273 1.2566
v -1.0141 1.1000 1.2549
v -1.3667 1.3865 1.0136
v -1.4134 1.1534 1.0127
v -1.5121 1.1420 -0.2876
v -1.4372 1.4601 -0.2195
v -1.1940 1.1731 -0.7593
v -1.1428 1.4960 -0.6885
v -0.9676 1.1791 -0.9664
v -0.9282 1.5032 -0.8905
v -1.3651 1.1567 -0.5064
v -1.3026 1.4768 -0.4352
v -1.5181 1.4087 0.8072
v -1.5770 1.1574 0.8053
v -0.3666 1.1622 -1.0597
v -0.3524 1.4908 -0.9795
v -0.6795 1.1904 -1.0583
v -0.6521 1.5096 -0.9784
v -0.4570 0.9830 1.3481
v -0.4385 1.2548 1.3636
v -0.1504 1.4846 -0.8670
v -0.1569 1.1569 -0.9373
v -1.5835 1.1129 -0.0101
v -1.5030 1.4312 0.0383
v -1.6465 1.1557 0.2665
v -1.5735 1.4391 0.2890
v -0.8864 1.0655 1.3043
v -0.8561 1.3114 1.3073
v -0.7974 1.0436 1.3230
v -0.7694 1.2977 1.3273
v -0.8775 1.0643 1.3150
v -0.8475 1.3110 1.3182
v -0.8337 1.0504 1.3245
v -0.8047 1.3027 1.3283
v 4.8679 3.0450 1.8498
v 4.6651 3.0841 2.0044
v 4.5537 3.0353 2.0281
v 4.3701 2.8278 1.9416
v 4.3457 2.7535 1.8769
v 4.3455 2.6813 1.7951
v 4.7960 3.0775 1.9229
v 4.9691 2.7742 1.5003
v 4.9830 2.8499 1.5746
v 4.9699 2.9248 1.6644
v 4.9299 2.9923 1.7599
v 4.9297 2.7027 1.4488
v 4.8613 2.6393 1.4283
v 4.5066 2.5492 1.5455
v 4.4300 2.5767 1.6197
v 4.3744 2.6210 1.7058
v 4.7810 2.5894 1.4283
v 4.4533 2.9494 2.0117
v 4.6936 2.5567 1.4479
v 4.5994 2.5430 1.4884
v 4.8386 2.2595 1.8898
v 4.9305 2.2717 1.8512
v 5.1877 2.4813 1.9061
v 4.5869 2.4002 2.1854
v 5.0195 2.7700 2.3126
v 4.8924 2.7796 2.4251
v 4.7623 2.7564 2.4272
v 4.5858 2.4691 2.2648
v 4.6173 2.5467 2.3364
v 5.0870 2.7380 2.2419
v 4.7042 2.6666 2.4147
v 5.1981 2.5531 1.9780
v 5.1838 2.6238 2.0642
v 5.1452 2.6875 2.1557
v 5.0901 2.3510 1.8344
v 5.1533 2.4126 1.8555
v 5.0143 2.3029 1.8333
v 4.6159 2.3412 2.0993
v 4.7472 2.2676 1.9449
v 4.6712 2.2964 2.0164
v 4.6616 2.6135 2.3876
v 4.4084 2.8939 1.9854
v 4.7395 2.7122 2.4226
v 4.5020 2.9963 2.0250
v 4.8269 2.7695 2.4412
v 4.6079 3.0652 2.0215
v 4.9536 2.7828 2.3683
v 4.7272 3.0894 1.9734
v -4.8721 3.0198 1.9591
v -4.6760 3.0503 2.1030
v -4.5532 3.0068 2.1375
v -4.3743 2.8027 2.0509
v -4.3499 2.7284 1.9862
v -4.3497 2.6561 1.9044
v -4.8002 3.0524 2.0322
v -4.9733 2.7491 1.6096
v -4.9872 2.8248 1.6839
v -4.9741 2.8997 1.7737
v -4.9340 2.9671 1.8692
v -4.9339 2.6776 1.5581
v -4.8655 2.6141 1.5376
v -4.5108 2.5241 1.6548
v -4.4342 2.5516 1.7290
v -4.3785 2.5959 1.8151
v -4.7851 2.5643 1.5376
v -4.4520 2.9140 2.1121
v -4.6978 2.5316 1.5572
v -4.6036 2.5178 1.5977
v -4.8323 2.2414 2.0975
v -4.9359 2.1977 2.0594
v -5.2513 2.4697 2.0732
v -4.5810 2.3872 2.4132
v -5.0128 2.7572 2.5188
v -4.8936 2.7581 2.5896
v -4.7602 2.7327 2.6238
v -4.5691 2.4595 2.4725
v -4.5510 2.5488 2.5854
v -5.0803 2.7250 2.4481
v -4.6208 2.6430 2.6165
v -5.1983 2.5411 2.1827
v -5.1769 2.6113 2.2711
v -5.1385 2.6747 2.3621
v -5.1537 2.3373 2.0020
v -5.2167 2.4021 2.0231
v -5.0782 2.2292 2.0007
v -4.6105 2.3284 2.3713
v -4.7413 2.2553 2.1737
v -4.6656 2.2838 2.2888
v -4.5782 2.6020 2.6192
v -4.4112 2.8589 2.0837
v -4.6871 2.6934 2.6178
v -4.4988 2.9649 2.1318
v -4.8332 2.7513 2.6137
v -4.6134 3.0355 2.1272
v -4.9541 2.7611 2.5566
v -4.7389 3.0549 2.0700
v 4.8371 2.2741 1.9003
v 4.9250 2.2862 1.8636
v 5.1715 2.4876 1.9165
v 4.5961 2.4083 2.1826
v 5.0105 2.7638 2.3050
v 4.8880 2.7733 2.4142
v 4.7635 2.7514 2.4167
v 4.5949 2.4746 2.2587
v 4.6256 2.5493 2.3280
v 5.0754 2.7329 2.2371
v 4.7087 2.6649 2.4033
v 5.1817 2.5562 1.9849
v 5.1682 2.6236 2.0671
v 5.1313 2.6845 2.1545
v 5.0777 2.3628 1.8481
v 5.1382 2.4220 1.8684
v 5.0052 2.3164 1.8468
v 4.6239 2.3518 2.1001
v 4.7497 2.2815 1.9526
v 4.6769 2.3089 2.0208
v 4.6681 2.6138 2.3772
v 4.7428 2.7089 2.4110
v 4.8234 2.7658 2.4296
v 4.9471 2.7761 2.3588
v 4.8281 2.2968 1.8804
v 4.9136 2.3085 1.8448
v 5.1531 2.5042 1.8961
v 4.5940 2.4271 2.1547
v 4.9969 2.7726 2.2737
v 4.8797 2.7818 2.3701
v 4.7664 2.7508 2.3787
v 4.5929 2.4913 2.2287
v 4.6210 2.5603 2.2945
v 5.0600 2.7426 2.2077
v 4.7028 2.6744 2.3684
v 5.1631 2.5708 1.9626
v 5.1500 2.6363 2.0424
v 5.1142 2.6956 2.1274
v 5.0620 2.3829 1.8297
v 5.1208 2.4404 1.8494
v 4.9914 2.3379 1.8284
v 4.6210 2.3722 2.0745
v 4.7432 2.3039 1.9313
v 4.6725 2.3305 1.9975
v 4.6627 2.6250 2.3428
v 4.7398 2.7129 2.3771
v 4.8187 2.7718 2.3855
v 4.9357 2.7849 2.3220
v -4.8350 2.2535 2.1091
v -4.9352 2.2097 2.0729
v -5.2367 2.4715 2.0840
v -4.5958 2.3930 2.4127
v -5.0065 2.7447 2.5096
v -4.8932 2.7456 2.5769
v -4.7643 2.7222 2.6094
v -4.5839 2.4618 2.4657
v -4.5650 2.5478 2.5754
v -5.0707 2.7141 2.4424
v -4.6307 2.6383 2.6052
v -5.1828 2.5393 2.1922
v -5.1625 2.6060 2.2742
v -5.1260 2.6663 2.3607
v -5.1440 2.3427 2.0163
v -5.2039 2.4073 2.0363
v -5.0722 2.2397 2.0150
v -4.6241 2.3371 2.3726
v -4.7485 2.2676 2.1855
v -4.6765 2.2947 2.2942
v -4.5875 2.5983 2.6076
v -4.6952 2.6847 2.6037
v -4.8358 2.7400 2.5998
v -4.9507 2.7484 2.5456
v -4.8227 2.2860 2.0909
v -4.9091 2.2502 2.0545
v -5.1793 2.4810 2.0822
v -4.6039 2.4135 2.3785
v -4.9908 2.7371 2.4462
v -4.8858 2.7377 2.5077
v -4.7718 2.7073 2.5383
v -4.5995 2.4733 2.4137
v -4.6129 2.5457 2.4933
v -5.0494 2.7091 2.3857
v -4.6730 2.6342 2.5377
v -5.1539 2.5451 2.1578
v -5.1316 2.6081 2.2324
v -5.0993 2.6646 2.3116
v -5.0963 2.3524 2.0154
v -5.1494 2.4212 2.0368
v -5.0242 2.2780 2.0225
v -4.6307 2.3616 2.3299
v -4.7431 2.2962 2.1614
v -4.6780 2.3221 2.2600
v -4.6475 2.5920 2.5195
v -4.7213 2.6734 2.5346
v -4.8324 2.7279 2.5288
v -4.9392 2.7406 2.4792
v 0.8586 6.4313 0.7216
v 0.9579 6.4111 0.7199
v 0.8714 6.4252 0.7247
v 0.9523 6.4248 0.7225
v 0.9915 6.4228 0.7216
v 0.8399 6.4268 0.7254
v 0.8718 6.4268 0.7245
v 0.9509 6.4230 0.7227
v 0.9753 6.4115 0.7234
v 0.8428 6.4127 0.7270
v 0.7889 6.4228 0.7273
v 0.8444 6.4325 0.7246
v 1.0409 6.4220 0.7203
v 0.9783 6.4328 0.7208
vt 0.7008 0.9202
vt 0.7068 0.9219
vt 0.7068 0.9312
vt 0.7011 0.9346
vt 0.7253 0.9437
vt 0.7225 0.9373
vt 0.7287 0.9309
vt 0.7354 0.9347
vt 0.7117 0.9444
vt 0.7135 0.9374
vt 0.7261 0.9090
vt 0.7226 0.9152
vt 0.7133 0.9153
vt 0.7105 0.9086
vt 0.7365 0.9201
vt 0.7291 0.9219
vt 0.7141 0.9174
vt 0.7088 0.9227
vt 0.7268 0.9301
vt 0.7269 0.9228
vt 0.7090 0.9302
vt 0.7217 0.9353
vt 0.7143 0.9354
vt 0.7217 0.9174
vt 0.7193 0.9231
vt 0.7187 0.9245
vt 0.7171 0.9245
vt 0.7165 0.9231
vt 0.7166 0.9297
vt 0.7172 0.9283
vt 0.7187 0.9283
vt 0.7193 0.9297
vt 0.7212 0.9251
vt 0.7198 0.9256
vt 0.7146 0.9251
vt 0.7160 0.9256
vt 0.7212 0.9278
vt 0.7198 0.9272
vt 0.7160 0.9272
vt 0.7146 0.9278
vt 0.7179 0.9264
vt 0.7104 0.9296
vt 0.7149 0.9340
vt 0.7118 0.9290
vt 0.7155 0.9325
vt 0.7132 0.9284
vt 0.7160 0.9311
vt 0.7211 0.9339
vt 0.7254 0.9295
vt 0.7205 0.9325
vt 0.7240 0.9289
vt 0.7199 0.9311
vt 0.7226 0.9284
vt 0.7103 0.9233
vt 0.7117 0.9239
vt 0.7132 0.9245
vt 0.7255 0.9233
vt 0.7241 0.9239
vt 0.7226 0.9245
vt 0.7147 0.9188
vt 0.7153 0.9202
vt 0.7159 0.9217
vt 0.7211 0.9188
vt 0.7205 0.9202
vt 0.7199 0.9217
vt 0.7009 0.9207
vt 0.7069 0.9225
vt 0.7070 0.9318
vt 0.7012 0.9352
vt 0.7257 0.9444
vt 0.7228 0.9380
vt 0.7289 0.9315
vt 0.7357 0.9353
vt 0.7118 0.9453
vt 0.7136 0.9383
vt 0.7261 0.9098
vt 0.7227 0.9159
vt 0.7135 0.9161
vt 0.7108 0.9095
vt 0.7366 0.9206
vt 0.7293 0.9225
vt 0.7144 0.9181
vt 0.7090 0.9234
vt 0.7270 0.9307
vt 0.7271 0.9234
vt 0.7091 0.9309
vt 0.7219 0.9360
vt 0.7145 0.9361
vt 0.7219 0.9181
vt 0.7195 0.9238
vt 0.7189 0.9252
vt 0.7173 0.9252
vt 0.7167 0.9238
vt 0.7168 0.9304
vt 0.7173 0.9290
vt 0.7189 0.9290
vt 0.7195 0.9304
vt 0.7214 0.9257
vt 0.7200 0.9263
vt 0.7148 0.9257
vt 0.7162 0.9263
vt 0.7214 0.9284
vt 0.7200 0.9278
vt 0.7162 0.9279
vt 0.7148 0.9285
vt 0.7181 0.9271
vt 0.7105 0.9303
vt 0.7151 0.9346
vt 0.7120 0.9297
vt 0.7156 0.9332
vt 0.7134 0.9291
vt 0.7162 0.9318
vt 0.7213 0.9346
vt 0.7256 0.9302
vt 0.7207 0.9332
vt 0.7242 0.9296
vt 0.7201 0.9318
vt 0.7228 0.9290
vt 0.7105 0.9240
vt 0.7119 0.9246
vt 0.7134 0.9251
vt 0.7256 0.9240
vt 0.7242 0.9245
vt 0.7228 0.9251
vt 0.7149 0.9195
vt 0.7155 0.9209
vt 0.7161 0.9223
vt 0.7213 0.9195
vt 0.7207 0.9209
vt 0.7201 0.9223
vt 0.7007 0.9203
vt 0.7068 0.9221
vt 0.7069 0.9316
vt 0.7011 0.9351
vt 0.7255 0.9440
vt 0.7227 0.9377
vt 0.7288 0.9313
vt 0.7356 0.9350
vt 0.7118 0.9448
vt 0.7137 0.9378
vt 0.7262 0.9095
vt 0.7228 0.9156
vt 0.7135 0.9157
vt 0.7108 0.9091
vt 0.7365 0.9204
vt 0.7292 0.9223
vt 0.7143 0.9177
vt 0.7090 0.9230
vt 0.7269 0.9305
vt 0.7270 0.9231
vt 0.7091 0.9306
vt 0.7218 0.9356
vt 0.7145 0.9358
vt 0.7219 0.9178
vt 0.7194 0.9235
vt 0.7189 0.9249
vt 0.7173 0.9249
vt 0.7167 0.9235
vt 0.7167 0.9301
vt 0.7173 0.9287
vt 0.7189 0.9287
vt 0.7195 0.9301
vt 0.7214 0.9254
vt 0.7200 0.9260
vt 0.7148 0.9254
vt 0.7162 0.9260
vt 0.7214 0.9281
vt 0.7200 0.9275
vt 0.7162 0.9276
vt 0.7148 0.9282
vt 0.7181 0.9268
vt 0.7105 0.9300
vt 0.7150 0.9343
vt 0.7119 0.9294
vt 0.7156 0.9329
vt 0.7134 0.9288
vt 0.7162 0.9315
vt 0.7212 0.9343
vt 0.7255 0.9299
vt 0.7206 0.9329
vt 0.7242 0.9293
vt 0.7200 0.9315
vt 0.7228 0.9287
vt 0.7104 0.9236
vt 0.7119 0.9242
vt 0.7133 0.9248
vt 0.7256 0.9237
vt 0.7242 0.9243
vt 0.7228 0.9248
vt 0.7149 0.9192
vt 0.7155 0.9206
vt 0.7161 0.9220
vt 0.7212 0.9192
vt 0.7206 0.9206
vt 0.7200 0.9220
vt 0.7088 0.9440
vt 0.6990 0.9335
vt 0.7054 0.9319
vt 0.7119 0.9386
vt 0.7097 0.9103
vt 0.7232 0.9091
vt 0.7212 0.9166
vt 0.7123 0.9167
vt 0.6998 0.9193
vt 0.7059 0.9228
vt 0.7348 0.9343
vt 0.7239 0.9455
vt 0.7212 0.9388
vt 0.7279 0.9323
vt 0.7278 0.9229
vt 0.7345 0.9189
vt 0.7128 0.9366
vt 0.7203 0.9367
vt 0.7256 0.9238
vt 0.7203 0.9187
vt 0.7076 0.9311
vt 0.7131 0.9187
vt 0.7079 0.9237
vt 0.7258 0.9314
vt 0.7200 0.9290
vt 0.7180 0.9309
vt 0.7174 0.9294
vt 0.7186 0.9284
vt 0.7134 0.9262
vt 0.7153 0.9243
vt 0.7159 0.9257
vt 0.7148 0.9268
vt 0.7186 0.9268
vt 0.7200 0.9262
vt 0.7153 0.9308
vt 0.7159 0.9294
vt 0.7175 0.9257
vt 0.7181 0.9243
vt 0.7134 0.9289
vt 0.7148 0.9283
vt 0.7167 0.9276
vt 0.7093 0.9243
vt 0.7091 0.9305
vt 0.7106 0.9249
vt 0.7105 0.9300
vt 0.7120 0.9255
vt 0.7119 0.9294
vt 0.7198 0.9201
vt 0.7136 0.9201
vt 0.7192 0.9215
vt 0.7142 0.9215
vt 0.7186 0.9229
vt 0.7148 0.9229
vt 0.7134 0.9351
vt 0.7140 0.9337
vt 0.7147 0.9323
vt 0.7242 0.9244
vt 0.7228 0.9250
vt 0.7214 0.9256
vt 0.7197 0.9352
vt 0.7192 0.9338
vt 0.7186 0.9323
vt 0.7243 0.9308
vt 0.7228 0.9301
vt 0.7214 0.9295
vt 0.7109 0.9438
vt 0.7008 0.9334
vt 0.7073 0.9317
vt 0.7138 0.9383
vt 0.7114 0.9095
vt 0.7250 0.9088
vt 0.7229 0.9163
vt 0.7140 0.9161
vt 0.7010 0.9188
vt 0.7074 0.9224
vt 0.7364 0.9336
vt 0.7258 0.9446
vt 0.7230 0.9381
vt 0.7296 0.9317
vt 0.7295 0.9224
vt 0.7360 0.9186
vt 0.7147 0.9362
vt 0.7222 0.9361
vt 0.7274 0.9234
vt 0.7221 0.9182
vt 0.7094 0.9308
vt 0.7148 0.9182
vt 0.7095 0.9234
vt 0.7275 0.9308
vt 0.7218 0.9285
vt 0.7198 0.9304
vt 0.7192 0.9290
vt 0.7203 0.9279
vt 0.7152 0.9257
vt 0.7171 0.9238
vt 0.7177 0.9252
vt 0.7166 0.9263
vt 0.7203 0.9263
vt 0.7217 0.9257
vt 0.7171 0.9304
vt 0.7177 0.9290
vt 0.7192 0.9252
vt 0.7198 0.9238
vt 0.7151 0.9285
vt 0.7166 0.9279
vt 0.7185 0.9271
vt 0.7109 0.9240
vt 0.7108 0.9302
vt 0.7123 0.9246
vt 0.7123 0.9297
vt 0.7137 0.9252
vt 0.7137 0.9291
vt 0.7215 0.9196
vt 0.7154 0.9196
vt 0.7210 0.9210
vt 0.7159 0.9210
vt 0.7204 0.9224
vt 0.7165 0.9224
vt 0.7153 0.9347
vt 0.7159 0.9333
vt 0.7165 0.9319
vt 0.7260 0.9240
vt 0.7246 0.9246
vt 0.7232 0.9252
vt 0.7216 0.9347
vt 0.7210 0.9333
vt 0.7204 0.9319
vt 0.7261 0.9302
vt 0.7246 0.9296
vt 0.7232 0.9291
vt 0.7093 0.9443
vt 0.6991 0.9336
vt 0.7057 0.9320
vt 0.7123 0.9387
vt 0.7102 0.9100
vt 0.7236 0.9093
vt 0.7215 0.9167
vt 0.7126 0.9165
vt 0.6999 0.9191
vt 0.7061 0.9227
vt 0.7349 0.9340
vt 0.7243 0.9451
vt 0.7216 0.9385
vt 0.7282 0.9321
vt 0.7281 0.9228
vt 0.7346 0.9190
vt 0.7132 0.9366
vt 0.7208 0.9366
vt 0.7259 0.9238
vt 0.7207 0.9187
vt 0.7079 0.9311
vt 0.7135 0.9186
vt 0.7082 0.9237
vt 0.7261 0.9312
vt 0.7203 0.9289
vt 0.7184 0.9308
vt 0.7178 0.9294
vt 0.7189 0.9283
vt 0.7138 0.9261
vt 0.7157 0.9242
vt 0.7163 0.9256
vt 0.7152 0.9267
vt 0.7189 0.9267
vt 0.7203 0.9262
vt 0.7156 0.9308
vt 0.7162 0.9294
vt 0.7178 0.9256
vt 0.7184 0.9242
vt 0.7137 0.9288
vt 0.7151 0.9283
vt 0.7170 0.9275
vt 0.7096 0.9243
vt 0.7094 0.9305
vt 0.7109 0.9249
vt 0.7108 0.9300
vt 0.7123 0.9255
vt 0.7123 0.9294
vt 0.7202 0.9200
vt 0.7140 0.9200
vt 0.7196 0.9214
vt 0.7146 0.9214
vt 0.7190 0.9228
vt 0.7151 0.9228
vt 0.7138 0.9351
vt 0.7144 0.9337
vt 0.7150 0.9322
vt 0.7245 0.9244
vt 0.7231 0.9250
vt 0.7217 0.9256
vt 0.7202 0.9351
vt 0.7196 0.9337
vt 0.7190 0.9323
vt 0.7246 0.9307
vt 0.7232 0.9301
vt 0.7218 0.9295
vt 0.9023 0.9264
vt 0.8985 0.9262
vt 0.8985 0.9250
vt 0.9020 0.9252
vt 0.9018 0.9246
vt 0.9016 0.9241
vt 0.9044 0.9242
vt 0.9046 0.9247
vt 0.9102 0.9493
vt 0.9097 0.9524
vt 0.9044 0.9514
vt 0.9047 0.9484
vt 0.8979 0.9568
vt 0.8979 0.9559
vt 0.9037 0.9562
vt 0.9037 0.9570
vt 0.9043 0.9327
vt 0.8985 0.9324
vt 0.8984 0.9300
vt 0.9035 0.9302
vt 0.8922 0.9586
vt 0.8978 0.9588
vt 0.8978 0.9598
vt 0.8914 0.9595
vt 0.8985 0.9243
vt 0.9018 0.9246
vt 0.9091 0.9547
vt 0.9085 0.9562
vt 0.9038 0.9552
vt 0.9041 0.9536
vt 0.8861 0.9485
vt 0.8859 0.9448
vt 0.8916 0.9445
vt 0.8917 0.9480
vt 0.8903 0.8990
vt 0.8876 0.8998
vt 0.8869 0.8979
vt 0.8899 0.8970
vt 0.8915 0.9411
vt 0.8859 0.9412
vt 0.8861 0.9379
vt 0.8916 0.9379
vt 0.8983 0.9446
vt 0.8982 0.9480
vt 0.8920 0.9350
vt 0.8868 0.9351
vt 0.8879 0.9325
vt 0.8927 0.9323
vt 0.8981 0.9509
vt 0.8918 0.9509
vt 0.9041 0.9580
vt 0.9083 0.9581
vt 0.9083 0.9591
vt 0.9035 0.9590
vt 0.8941 0.9278
vt 0.8904 0.9278
vt 0.8913 0.9261
vt 0.8946 0.9261
vt 0.8955 0.9236
vt 0.8985 0.9236
vt 0.8985 0.9239
vt 0.8953 0.9239
vt 0.8919 0.9250
vt 0.8950 0.9250
vt 0.8984 0.9279
vt 0.8984 0.9300
vt 0.8934 0.9299
vt 0.8941 0.9278
vt 0.8984 0.9350
vt 0.9049 0.9354
vt 0.9050 0.9450
vt 0.9106 0.9457
vt 0.8980 0.9548
vt 0.8980 0.9531
vt 0.8934 0.8968
vt 0.8935 0.8987
vt 0.8891 0.9300
vt 0.8928 0.9235
vt 0.8926 0.9239
vt 0.8978 0.9606
vt 0.8978 0.9598
vt 0.9042 0.9600
vt 0.9047 0.9608
vt 0.8921 0.9548
vt 0.8874 0.9554
vt 0.8869 0.9539
vt 0.8919 0.9532
vt 0.9057 0.9265
vt 0.9066 0.9283
vt 0.9028 0.9281
vt 0.9023 0.9264
vt 0.9050 0.9254
vt 0.9015 0.9238
vt 0.9042 0.9238
vt 0.8884 0.9229
vt 0.8890 0.9226
vt 0.8901 0.9231
vt 0.8897 0.9236
vt 0.8895 0.9223
vt 0.8905 0.9228
vt 0.8921 0.9548
vt 0.8980 0.9548
vt 0.8979 0.9559
vt 0.8922 0.9558
vt 0.8985 0.9239
vt 0.8994 0.8998
vt 0.8967 0.8990
vt 0.8970 0.8970
vt 0.9001 0.8979
vt 0.9054 0.9236
vt 0.9057 0.9240
vt 0.8952 0.9243
vt 0.8914 0.9236
vt 0.8917 0.9232
vt 0.8965 0.9000
vt 0.8935 0.8998
vt 0.8935 0.8987
vt 0.8967 0.8990
vt 0.8970 0.8970
vt 0.8934 0.8968
vt 0.8934 0.8942
vt 0.8975 0.8944
vt 0.9052 0.9415
vt 0.9108 0.9420
vt 0.9091 0.9331
vt 0.9101 0.9358
vt 0.8859 0.8954
vt 0.8893 0.8944
vt 0.9094 0.9600
vt 0.9042 0.9600
vt 0.8984 0.9411
vt 0.8915 0.9411
vt 0.8984 0.9279
vt 0.8984 0.9379
vt 0.9052 0.9415
vt 0.9052 0.9383
vt 0.9078 0.9306
vt 0.9035 0.9302
vt 0.8950 0.9250
vt 0.9107 0.9387
vt 0.8879 0.9563
vt 0.8853 0.9600
vt 0.8862 0.9591
vt 0.8914 0.9595
vt 0.8908 0.9603
vt 0.9060 0.9245
vt 0.9103 0.9609
vt 0.8923 0.9243
vt 0.8910 0.9240
vt 0.9009 0.8954
vt 0.9074 0.9240
vt 0.9069 0.9236
vt 0.9081 0.9231
vt 0.9087 0.9235
vt 0.8991 0.9008
vt 0.9090 0.9227
vt 0.9097 0.9230
vt 0.8984 0.9350
vt 0.8920 0.9350
vt 0.8922 0.9566
vt 0.8905 0.9000
vt 0.8880 0.9008
vt 0.8981 0.9509
vt 0.9044 0.9514
vt 0.8979 0.9578
vt 0.8916 0.9576
vt 0.8880 0.9013
vt 0.8905 0.9005
vt 0.9080 0.9570
vt 0.9075 0.9575
vt 0.8874 0.9583
vt 0.8874 0.9574
vt 0.9114 0.9577
vt 0.9127 0.9585
vt 0.9115 0.9594
vt 0.9105 0.9585
vt 0.9137 0.9593
vt 0.9123 0.9603
vt 0.9094 0.9577
vt 0.9101 0.9569
vt 0.9080 0.9570
vt 0.9085 0.9562
vt 0.9109 0.9554
vt 0.9124 0.9562
vt 0.9117 0.9530
vt 0.9134 0.9536
vt 0.9138 0.9569
vt 0.9149 0.9575
vt 0.9148 0.9542
vt 0.9160 0.9546
vt 0.8844 0.9567
vt 0.8835 0.9551
vt 0.8850 0.9545
vt 0.8858 0.9560
vt 0.8827 0.9526
vt 0.8844 0.9521
vt 0.8864 0.9516
vt 0.8864 0.9569
vt 0.8853 0.9576
vt 0.8883 0.9568
vt 0.8842 0.9585
vt 0.8831 0.9575
vt 0.8833 0.9593
vt 0.8820 0.9582
vt 0.8821 0.9558
vt 0.8812 0.9530
vt 0.8809 0.9563
vt 0.8800 0.9534
vt 0.9145 0.9463
vt 0.9127 0.9460
vt 0.9129 0.9422
vt 0.9147 0.9424
vt 0.9127 0.9389
vt 0.9144 0.9389
vt 0.9162 0.9425
vt 0.9161 0.9466
vt 0.9174 0.9427
vt 0.9173 0.9468
vt 0.9159 0.9389
vt 0.9171 0.9390
vt 0.9156 0.9507
vt 0.9141 0.9502
vt 0.9168 0.9510
vt 0.9123 0.9498
vt 0.8820 0.9452
vt 0.8822 0.9492
vt 0.8806 0.9495
vt 0.8804 0.9454
vt 0.8794 0.9497
vt 0.8791 0.9456
vt 0.8804 0.9414
vt 0.8820 0.9413
vt 0.8809 0.9379
vt 0.8824 0.9379
vt 0.8792 0.9415
vt 0.8797 0.9378
vt 0.8837 0.9413
vt 0.8838 0.9450
vt 0.8841 0.9379
vt 0.8840 0.9488
vt 0.9076 0.9228
vt 0.9083 0.9225
vt 0.9065 0.9233
vt 0.8888 0.9220
vt 0.8881 0.9221
vt 0.9079 0.9248
vt 0.9093 0.9242
vt 0.9101 0.9255
vt 0.9087 0.9260
vt 0.9111 0.9275
vt 0.9097 0.9279
vt 0.9104 0.9237
vt 0.9112 0.9251
vt 0.9123 0.9271
vt 0.9072 0.9264
vt 0.9065 0.9252
vt 0.9082 0.9282
vt 0.8874 0.9224
vt 0.8891 0.9243
vt 0.8897 0.9236
vt 0.8910 0.9240
vt 0.8905 0.9247
vt 0.8919 0.9250
vt 0.8898 0.9259
vt 0.8884 0.9255
vt 0.8888 0.9276
vt 0.8873 0.9273
vt 0.8870 0.9249
vt 0.8878 0.9237
vt 0.8859 0.9244
vt 0.8867 0.9231
vt 0.8859 0.9268
vt 0.8848 0.9263
vt 0.9125 0.9331
vt 0.9140 0.9328
vt 0.9152 0.9358
vt 0.9137 0.9359
vt 0.9151 0.9325
vt 0.9163 0.9357
vt 0.9120 0.9359
vt 0.9109 0.9332
vt 0.9095 0.9305
vt 0.9111 0.9303
vt 0.9078 0.9306
vt 0.9125 0.9300
vt 0.9137 0.9296
vt 0.8845 0.9322
vt 0.8859 0.9296
vt 0.8874 0.9299
vt 0.8860 0.9324
vt 0.8848 0.9351
vt 0.8832 0.9350
vt 0.8818 0.9348
vt 0.8830 0.9319
vt 0.8806 0.9346
vt 0.8819 0.9316
vt 0.8845 0.9292
vt 0.8834 0.9288
vt 0.8857 0.8986
vt 0.8846 0.8962
vt 0.8839 0.9001
vt 0.8832 0.9007
vt 0.8817 0.8987
vt 0.8824 0.8980
vt 0.9012 0.8986
vt 0.9023 0.8962
vt 0.9023 0.8994
vt 0.9035 0.8971
vt 0.9038 0.9006
vt 0.9032 0.9001
vt 0.9045 0.8980
vt 0.9052 0.8986
vt 0.9005 0.9004
vt 0.8856 0.9011
vt 0.8848 0.9017
vt 0.8839 0.9001
vt 0.8847 0.8994
vt 0.8866 0.9004
vt 0.8857 0.8986
vt 0.9023 0.9016
vt 0.9014 0.9010
vt 0.9023 0.8994
vt 0.9032 0.9001
vt 0.8935 0.9002
vt 0.8935 0.8998
vt 0.9019 0.9025
vt 0.9011 0.9019
vt 0.9002 0.9013
vt 0.8842 0.9021
vt 0.8933 0.8910
vt 0.8980 0.8914
vt 0.8869 0.9014
vt 0.9029 0.9020
vt 0.8860 0.9020
vt 0.8852 0.9026
vt 0.8834 0.8971
vt 0.9025 0.9029
vt 0.8846 0.9030
vt 0.8965 0.9005
vt 0.8991 0.9013
vt 0.8853 0.9031
vt 0.8847 0.9036
vt 0.9010 0.9024
vt 0.9001 0.9018
vt 0.9025 0.9034
vt 0.9019 0.9030
vt 0.8870 0.9018
vt 0.8861 0.9025
vt 0.8886 0.8913
vt 0.9019 0.8925
vt 0.8848 0.8924
vt 0.8835 0.8890
vt 0.8879 0.8878
vt 0.9035 0.8934
vt 0.9048 0.8944
vt 0.9060 0.8953
vt 0.9068 0.8961
vt 0.8833 0.8933
vt 0.8808 0.8953
vt 0.8820 0.8943
vt 0.8800 0.8961
vt 0.8933 0.8875
vt 0.8986 0.8879
vt 0.8780 0.8931
vt 0.8790 0.8922
vt 0.9064 0.8912
vt 0.9077 0.8923
vt 0.9087 0.8931
vt 0.8803 0.8911
vt 0.8817 0.8900
vt 0.9031 0.8892
vt 0.9048 0.8901
vt 0.8932 0.8836
vt 0.8992 0.8841
vt 0.8871 0.8839
vt 0.9043 0.8855
vt 0.9063 0.8866
vt 0.8802 0.8864
vt 0.8821 0.8853
vt 0.8769 0.8888
vt 0.8784 0.8876
vt 0.9081 0.8878
vt 0.8865 0.8798
vt 0.8931 0.8795
vt 0.8757 0.8898
vt 0.9096 0.8889
vt 0.9108 0.8898
vt 0.8998 0.8800
vt 0.8735 0.8862
vt 0.8749 0.8852
vt 0.9097 0.8841
vt 0.9116 0.8853
vt 0.9130 0.8863
vt 0.8767 0.8838
vt 0.8787 0.8824
vt 0.8810 0.8812
vt 0.9054 0.8816
vt 0.9077 0.8828
vt 0.8860 0.8753
vt 0.8931 0.8751
vt 0.9063 0.8774
vt 0.9089 0.8787
vt 0.8777 0.8780
vt 0.8802 0.8767
vt 0.8732 0.8811
vt 0.8754 0.8795
vt 0.9113 0.8801
vt 0.9002 0.8756
vt 0.8715 0.8823
vt 0.9134 0.8815
vt 0.9150 0.8825
vt 0.8930 0.8703
vt 0.9005 0.8709
vt 0.8857 0.8704
vt 0.9070 0.8728
vt 0.9100 0.8742
vt 0.8768 0.8732
vt 0.8796 0.8718
vt 0.8717 0.8765
vt 0.8742 0.8749
vt 0.9127 0.8758
vt 0.8852 0.8653
vt 0.8929 0.8652
vt 0.8697 0.8779
vt 0.9151 0.8773
vt 0.9170 0.8784
vt 0.9007 0.8657
vt 0.8679 0.8733
vt 0.8702 0.8718
vt 0.9140 0.8710
vt 0.9168 0.8727
vt 0.9189 0.8739
vt 0.8730 0.8699
vt 0.8759 0.8681
vt 0.8788 0.8667
vt 0.9077 0.8677
vt 0.9109 0.8692
vt 0.8846 0.8598
vt 0.8927 0.8596
vt 0.9081 0.8619
vt 0.9116 0.8637
vt 0.8747 0.8629
vt 0.8779 0.8614
vt 0.8684 0.8667
vt 0.8715 0.8647
vt 0.9152 0.8657
vt 0.9009 0.8600
vt 0.8658 0.8684
vt 0.9184 0.8676
vt 0.9208 0.8690
vt 0.8925 0.8536
vt 0.9011 0.8541
vt 0.8638 0.8632
vt 0.8666 0.8615
vt 0.9160 0.8599
vt 0.9197 0.8621
vt 0.9224 0.8636
vt 0.8699 0.8594
vt 0.8735 0.8575
vt 0.8769 0.8559
vt 0.8840 0.8541
vt 0.9084 0.8559
vt 0.9121 0.8576
vt 0.8836 0.8482
vt 0.8923 0.8477
vt 0.8649 0.8560
vt 0.8685 0.8539
vt 0.9127 0.8518
vt 0.9168 0.8541
vt 0.9012 0.8482
vt 0.9088 0.8500
vt 0.8759 0.8502
vt 0.8620 0.8577
vt 0.9208 0.8563
vt 0.9237 0.8579
vt 0.8722 0.8519
vt 0.8922 0.8417
vt 0.9013 0.8422
vt 0.9216 0.8504
vt 0.9247 0.8520
vt 0.8674 0.8482
vt 0.8714 0.8461
vt 0.8753 0.8443
vt 0.8832 0.8423
vt 0.9094 0.8444
vt 0.9135 0.8462
vt 0.8636 0.8503
vt 0.9176 0.8483
vt 0.8827 0.8362
vt 0.8920 0.8357
vt 0.8607 0.8520
vt 0.9014 0.8361
vt 0.9097 0.8384
vt 0.8746 0.8383
vt 0.8595 0.8458
vt 0.8626 0.8442
vt 0.9183 0.8422
vt 0.9223 0.8443
vt 0.9255 0.8458
vt 0.8665 0.8421
vt 0.8705 0.8400
vt 0.8918 0.8292
vt 0.9015 0.8296
vt 0.9140 0.8402
vt 0.8654 0.8355
vt 0.8696 0.8335
vt 0.8737 0.8318
vt 0.8822 0.8298
vt 0.9099 0.8318
vt 0.9143 0.8336
vt 0.8614 0.8376
vt 0.9188 0.8356
vt 0.9015 0.8228
vt 0.9101 0.8248
vt 0.8583 0.8392
vt 0.9230 0.8375
vt 0.9262 0.8391
vt 0.8731 0.8248
vt 0.8818 0.8228
vt 0.8917 0.8224
vt 0.8572 0.8322
vt 0.8603 0.8305
vt 0.9193 0.8285
vt 0.9236 0.8304
vt 0.9269 0.8320
vt 0.8644 0.8285
vt 0.8687 0.8265
vt 0.8916 0.8158
vt 0.9015 0.8163
vt 0.9147 0.8265
vt 0.8729 0.8179
vt 0.8816 0.8160
vt 0.9099 0.8180
vt 0.9148 0.8197
vt 0.8685 0.8196
vt 0.8598 0.8235
vt 0.8640 0.8216
vt 0.9197 0.8217
vt 0.9016 0.8104
vt 0.9102 0.8122
vt 0.8565 0.8252
vt 0.9241 0.8235
vt 0.9274 0.8250
vt 0.8731 0.8117
vt 0.8817 0.8099
vt 0.8917 0.8098
vt 0.8562 0.8187
vt 0.8596 0.8171
vt 0.9201 0.8155
vt 0.9244 0.8172
vt 0.9277 0.8186
vt 0.8640 0.8152
vt 0.8687 0.8133
vt 0.8735 0.8059
vt 0.8821 0.8041
vt 0.9151 0.8137
vt 0.8919 0.8041
vt 0.9019 0.8049
vt 0.9109 0.8067
vt 0.9157 0.8081
vt 0.8690 0.8074
vt 0.8597 0.8109
vt 0.8643 0.8091
vt 0.9205 0.8096
vt 0.8741 0.8000
vt 0.8827 0.7983
vt 0.8562 0.8124
vt 0.9247 0.8112
vt 0.9279 0.8124
vt 0.8923 0.7982
vt 0.9022 0.7991
vt 0.8563 0.8060
vt 0.8599 0.8046
vt 0.9208 0.8036
vt 0.9249 0.8050
vt 0.9281 0.8062
vt 0.8646 0.8030
vt 0.8694 0.8014
vt 0.9115 0.8009
vt 0.9163 0.8022
vt 0.8929 0.7923
vt 0.9026 0.7931
vt 0.8832 0.7924
vt 0.9119 0.7948
vt 0.9165 0.7960
vt 0.8699 0.7953
vt 0.8746 0.7940
vt 0.8602 0.7983
vt 0.8649 0.7968
vt 0.9210 0.7974
vt 0.8933 0.7864
vt 0.9031 0.7871
vt 0.8565 0.7996
vt 0.9251 0.7988
vt 0.9282 0.7999
vt 0.8567 0.7932
vt 0.8604 0.7920
vt 0.9211 0.7912
vt 0.9252 0.7925
vt 0.9283 0.7937
vt 0.8652 0.7907
vt 0.8701 0.7894
vt 0.8747 0.7882
vt 0.8833 0.7867
vt 0.9121 0.7887
vt 0.9167 0.7898
vt 0.8834 0.7810
vt 0.8937 0.7806
vt 0.8700 0.7835
vt 0.8746 0.7825
vt 0.8605 0.7858
vt 0.8652 0.7846
vt 0.9169 0.7837
vt 0.9213 0.7849
vt 0.9034 0.7811
vt 0.9124 0.7826
vt 0.8568 0.7868
vt 0.9254 0.7862
vt 0.9285 0.7873
vt 0.8939 0.7745
vt 0.9036 0.7750
vt 0.9216 0.7786
vt 0.9257 0.7799
vt 0.9288 0.7809
vt 0.8652 0.7784
vt 0.8699 0.7774
vt 0.8745 0.7765
vt 0.8835 0.7751
vt 0.9126 0.7764
vt 0.9172 0.7774
vt 0.8606 0.7795
vt 0.8837 0.7691
vt 0.8939 0.7686
vt 0.8570 0.7804
vt 0.9173 0.7713
vt 0.9218 0.7724
vt 0.9037 0.7690
vt 0.9128 0.7703
vt 0.8746 0.7705
vt 0.8571 0.7741
vt 0.8606 0.7732
vt 0.9259 0.7736
vt 0.9291 0.7746
vt 0.8652 0.7722
vt 0.8699 0.7713
vt 0.8939 0.7629
vt 0.9037 0.7633
vt 0.9261 0.7677
vt 0.9293 0.7687
vt 0.8652 0.7664
vt 0.8699 0.7655
vt 0.8747 0.7648
vt 0.8839 0.7635
vt 0.9129 0.7645
vt 0.9175 0.7655
vt 0.8607 0.7673
vt 0.9220 0.7665
vt 0.8839 0.7584
vt 0.8938 0.7579
vt 0.8573 0.7681
vt 0.9037 0.7582
vt 0.9129 0.7594
vt 0.8747 0.7597
vt 0.8574 0.7629
vt 0.8608 0.7621
vt 0.9220 0.7614
vt 0.9262 0.7624
vt 0.9294 0.7634
vt 0.8652 0.7612
vt 0.8699 0.7604
vt 0.8938 0.7535
vt 0.9037 0.7539
vt 0.9175 0.7603
vt 0.8652 0.7568
vt 0.8699 0.7559
vt 0.8746 0.7552
vt 0.8839 0.7541
vt 0.9129 0.7550
vt 0.9175 0.7559
vt 0.8609 0.7576
vt 0.9220 0.7569
vt 0.9037 0.7499
vt 0.9128 0.7511
vt 0.8576 0.7583
vt 0.9262 0.7579
vt 0.9294 0.7588
vt 0.8747 0.7512
vt 0.8839 0.7501
vt 0.8938 0.7496
vt 0.8579 0.7543
vt 0.8611 0.7535
vt 0.9220 0.7528
vt 0.9261 0.7538
vt 0.9293 0.7547
vt 0.8654 0.7527
vt 0.8700 0.7519
vt 0.8937 0.7461
vt 0.9036 0.7465
vt 0.9175 0.7519
vt 0.8747 0.7477
vt 0.8839 0.7467
vt 0.8613 0.7500
vt 0.8655 0.7492
vt 0.9128 0.7476
vt 0.9174 0.7484
vt 0.8701 0.7484
vt 0.9219 0.7493
vt 0.8838 0.7443
vt 0.8937 0.7438
vt 0.8581 0.7508
vt 0.9261 0.7503
vt 0.9292 0.7512
vt 0.9037 0.7442
vt 0.8586 0.7486
vt 0.8614 0.7477
vt 0.9220 0.7469
vt 0.9260 0.7480
vt 0.9288 0.7490
vt 0.8655 0.7468
vt 0.8700 0.7460
vt 0.8746 0.7454
vt 0.9129 0.7452
vt 0.9175 0.7460
vt 0.8125 0.5127
vt 0.8125 0.5094
vt 0.8083 0.5094
vt 0.8083 0.5127
vt 0.8453 0.5035
vt 0.8495 0.5035
vt 0.8495 0.5010
vt 0.8453 0.5010
vt 0.8643 0.5035
vt 0.8643 0.5010
vt 0.8591 0.5010
vt 0.8591 0.5035
vt 0.6803 0.7659
vt 0.6779 0.7645
vt 0.6724 0.7632
vt 0.6757 0.7656
vt 0.8767 0.5035
vt 0.8767 0.5010
vt 0.8704 0.5010
vt 0.8704 0.5035
vt 0.8041 0.5035
vt 0.8041 0.5010
vt 0.7998 0.5010
vt 0.7998 0.5035
vt 0.7315 0.7847
vt 0.7316 0.7840
vt 0.7353 0.7858
vt 0.7353 0.7865
vt 0.8292 0.5035
vt 0.8292 0.5010
vt 0.8251 0.5010
vt 0.8251 0.5035
vt 0.8125 0.5035
vt 0.8125 0.5010
vt 0.8083 0.5010
vt 0.8083 0.5035
vt 0.8210 0.5035
vt 0.8210 0.5010
vt 0.8168 0.5010
vt 0.8168 0.5035
vt 0.7240 0.7807
vt 0.7278 0.7823
vt 0.7277 0.7830
vt 0.7239 0.7813
vt 0.7077 0.7754
vt 0.7081 0.7745
vt 0.7123 0.7761
vt 0.7120 0.7768
vt 0.8877 0.5094
vt 0.8877 0.5063
vt 0.8823 0.5063
vt 0.8823 0.5094
vt 0.7542 0.7950
vt 0.7541 0.7942
vt 0.7580 0.7952
vt 0.7580 0.7961
vt 0.7465 0.7913
vt 0.7503 0.7928
vt 0.7504 0.7937
vt 0.7467 0.7921
vt 0.7391 0.7876
vt 0.7428 0.7895
vt 0.7429 0.7903
vt 0.7391 0.7884
vt 0.8453 0.5183
vt 0.8495 0.5183
vt 0.8495 0.5158
vt 0.8453 0.5158
vt 0.8041 0.5183
vt 0.8041 0.5158
vt 0.7998 0.5158
vt 0.7998 0.5183
vt 0.6991 0.7712
vt 0.7037 0.7730
vt 0.7033 0.7739
vt 0.6988 0.7722
vt 0.8877 0.5197
vt 0.8877 0.5183
vt 0.8823 0.5183
vt 0.8823 0.5197
vt 0.7120 0.7636
vt 0.7148 0.7589
vt 0.7198 0.7622
vt 0.7161 0.7662
vt 0.7018 0.7586
vt 0.6962 0.7561
vt 0.6979 0.7482
vt 0.7052 0.7500
vt 0.6904 0.7537
vt 0.6845 0.7516
vt 0.6848 0.7438
vt 0.6911 0.7462
vt 0.6894 0.7673
vt 0.6944 0.7694
vt 0.6941 0.7704
vt 0.6895 0.7686
vt 0.7160 0.7783
vt 0.7164 0.7776
vt 0.7202 0.7791
vt 0.7200 0.7798
vt 0.8767 0.5158
vt 0.8767 0.5127
vt 0.8704 0.5127
vt 0.8704 0.5158
vt 0.8767 0.5094
vt 0.8767 0.5063
vt 0.8704 0.5063
vt 0.8704 0.5094
vt 0.8210 0.5158
vt 0.8210 0.5127
vt 0.8168 0.5127
vt 0.8168 0.5158
vt 0.8210 0.5094
vt 0.8210 0.5063
vt 0.8168 0.5063
vt 0.8168 0.5094
vt 0.8495 0.5127
vt 0.8453 0.5127
vt 0.8453 0.5094
vt 0.8495 0.5094
vt 0.8495 0.5063
vt 0.8453 0.5063
vt 0.8643 0.5158
vt 0.8643 0.5127
vt 0.8591 0.5127
vt 0.8591 0.5158
vt 0.8643 0.5094
vt 0.8643 0.5063
vt 0.8591 0.5063
vt 0.8591 0.5094
vt 0.8292 0.5158
vt 0.8292 0.5127
vt 0.8251 0.5127
vt 0.8251 0.5158
vt 0.8292 0.5094
vt 0.8292 0.5063
vt 0.8251 0.5063
vt 0.8251 0.5094
vt 0.8125 0.5158
vt 0.8083 0.5158
vt 0.8125 0.5063
vt 0.8083 0.5063
vt 0.8372 0.5158
vt 0.8372 0.5127
vt 0.8332 0.5127
vt 0.8332 0.5158
vt 0.8372 0.5094
vt 0.8372 0.5063
vt 0.8332 0.5063
vt 0.8332 0.5094
vt 0.8041 0.5127
vt 0.7998 0.5127
vt 0.8041 0.5094
vt 0.8041 0.5063
vt 0.7998 0.5063
vt 0.7998 0.5094
vt 0.8540 0.5158
vt 0.8540 0.5127
vt 0.8540 0.5094
vt 0.8540 0.5063
vt 0.7164 0.7505
vt 0.7183 0.7419
vt 0.7208 0.7452
vt 0.7201 0.7538
vt 0.6908 0.7404
vt 0.6843 0.7381
vt 0.6839 0.7325
vt 0.6905 0.7347
vt 0.6898 0.7258
vt 0.6831 0.7242
vt 0.6827 0.7157
vt 0.6895 0.7165
vt 0.6902 0.7071
vt 0.6829 0.7063
vt 0.6833 0.6971
vt 0.6909 0.6981
vt 0.6895 0.6891
vt 0.6827 0.6879
vt 0.6823 0.6791
vt 0.6881 0.6800
vt 0.6883 0.6705
vt 0.6822 0.6695
vt 0.6821 0.6607
vt 0.6885 0.6613
vt 0.6870 0.6522
vt 0.6812 0.6517
vt 0.6804 0.6422
vt 0.6857 0.6427
vt 0.6846 0.6348
vt 0.6796 0.6333
vt 0.6788 0.6246
vt 0.6836 0.6270
vt 0.7074 0.7434
vt 0.6988 0.7424
vt 0.6995 0.7368
vt 0.7094 0.7371
vt 0.7089 0.7272
vt 0.6995 0.7272
vt 0.7003 0.7171
vt 0.7088 0.7173
vt 0.7065 0.7083
vt 0.6994 0.7078
vt 0.6987 0.6986
vt 0.7045 0.6992
vt 0.7023 0.6928
vt 0.6965 0.6901
vt 0.6943 0.6815
vt 0.7002 0.6862
vt 0.8540 0.5197
vt 0.8591 0.5197
vt 0.8591 0.5183
vt 0.8540 0.5183
vt 0.8041 0.5197
vt 0.7998 0.5197
vt 0.8372 0.5197
vt 0.8372 0.5183
vt 0.8332 0.5183
vt 0.8332 0.5197
vt 0.8125 0.5197
vt 0.8125 0.5183
vt 0.8083 0.5183
vt 0.8083 0.5197
vt 0.8292 0.5197
vt 0.8292 0.5183
vt 0.8251 0.5183
vt 0.8251 0.5197
vt 0.8643 0.5197
vt 0.8643 0.5183
vt 0.8453 0.5197
vt 0.8495 0.5197
vt 0.8210 0.5197
vt 0.8210 0.5183
vt 0.8168 0.5183
vt 0.8168 0.5197
vt 0.8767 0.5197
vt 0.8767 0.5183
vt 0.8704 0.5183
vt 0.8704 0.5197
vt 0.8877 0.5158
vt 0.8823 0.5158
vt 0.8877 0.5127
vt 0.8823 0.5127
vt 0.8877 0.5035
vt 0.8823 0.5035
vt 0.8591 0.5035
vt 0.8540 0.5035
vt 0.8372 0.5035
vt 0.8332 0.5035
vt 0.6895 0.7584
vt 0.6838 0.7563
vt 0.7390 0.7813
vt 0.7354 0.7797
vt 0.7352 0.7785
vt 0.7388 0.7801
vt 0.7187 0.7707
vt 0.7196 0.7686
vt 0.7227 0.7709
vt 0.7221 0.7727
vt 0.7005 0.7627
vt 0.6951 0.7606
vt 0.7319 0.7781
vt 0.7285 0.7764
vt 0.7287 0.7750
vt 0.7319 0.7768
vt 0.7464 0.7844
vt 0.7426 0.7829
vt 0.7425 0.7816
vt 0.7462 0.7831
vt 0.7253 0.7746
vt 0.7257 0.7730
vt 0.7540 0.7872
vt 0.7501 0.7859
vt 0.7500 0.7844
vt 0.7540 0.7857
vt 0.7106 0.7667
vt 0.7149 0.7687
vt 0.8540 0.5010
vt 0.6781 0.7548
vt 0.6724 0.7543
vt 0.6724 0.7496
vt 0.6785 0.7500
vt 0.8877 0.5010
vt 0.8823 0.5010
vt 0.8372 0.5010
vt 0.8332 0.5010
vt 0.6728 0.6209
vt 0.6672 0.6208
vt 0.6661 0.6036
vt 0.6703 0.6048
vt 0.6736 0.6312
vt 0.6678 0.6309
vt 0.6750 0.6512
vt 0.6690 0.6506
vt 0.6684 0.6398
vt 0.6743 0.6412
vt 0.6760 0.6692
vt 0.6699 0.6692
vt 0.6695 0.6605
vt 0.6756 0.6604
vt 0.6765 0.6872
vt 0.6707 0.6871
vt 0.6703 0.6784
vt 0.6763 0.6785
vt 0.6769 0.7056
vt 0.6713 0.7054
vt 0.6710 0.6961
vt 0.6767 0.6963
vt 0.6775 0.7230
vt 0.6719 0.7226
vt 0.6717 0.7150
vt 0.6772 0.7151
vt 0.6783 0.7364
vt 0.6723 0.7357
vt 0.6722 0.7303
vt 0.6780 0.7308
vt 0.6724 0.7412
vt 0.6786 0.7420
vt 0.6723 0.7604
vt 0.6778 0.7612
vt 0.6723 0.7576
vt 0.6779 0.7582
vt 0.7088 0.7717
vt 0.7131 0.7733
vt 0.7095 0.7693
vt 0.7138 0.7711
vt 0.7541 0.7942
vt 0.7503 0.7928
vt 0.7503 0.7901
vt 0.7541 0.7914
vt 0.7502 0.7879
vt 0.7541 0.7892
vt 0.7240 0.7807
vt 0.7202 0.7791
vt 0.7208 0.7766
vt 0.7245 0.7782
vt 0.7214 0.7746
vt 0.7249 0.7763
vt 0.7465 0.7913
vt 0.7428 0.7895
vt 0.7429 0.7867
vt 0.7466 0.7885
vt 0.7428 0.7847
vt 0.7465 0.7863
vt 0.7316 0.7840
vt 0.7278 0.7823
vt 0.7282 0.7798
vt 0.7318 0.7815
vt 0.7283 0.7780
vt 0.7318 0.7797
vt 0.6991 0.7712
vt 0.6944 0.7694
vt 0.6944 0.7663
vt 0.6994 0.7682
vt 0.6946 0.7636
vt 0.6999 0.7656
vt 0.7171 0.7749
vt 0.7178 0.7728
vt 0.7391 0.7876
vt 0.7353 0.7858
vt 0.7355 0.7832
vt 0.7392 0.7849
vt 0.7354 0.7813
vt 0.7391 0.7830
vt 0.6894 0.7673
vt 0.6840 0.7656
vt 0.6836 0.7626
vt 0.6892 0.7644
vt 0.6836 0.7596
vt 0.6892 0.7615
vt 0.7953 0.5035
vt 0.7953 0.5063
vt 0.7581 0.7924
vt 0.7581 0.7903
vt 0.7624 0.7911
vt 0.7622 0.7933
vt 0.5825 0.7910
vt 0.5827 0.7925
vt 0.5781 0.7937
vt 0.5777 0.7922
vt 0.7619 0.7960
vt 0.7618 0.7970
vt 0.7953 0.5010
vt 0.7953 0.5094
vt 0.7953 0.5183
vt 0.7953 0.5197
vt 0.7953 0.5127
vt 0.7953 0.5158
vt 0.7582 0.7882
vt 0.7582 0.7867
vt 0.7628 0.7876
vt 0.7626 0.7891
vt 0.7907 0.5158
vt 0.7907 0.5183
vt 0.7907 0.5094
vt 0.7907 0.5127
vt 0.7907 0.5010
vt 0.7907 0.5035
vt 0.7907 0.5063
vt 0.7673 0.7900
vt 0.7668 0.7919
vt 0.7664 0.7940
vt 0.7659 0.7967
vt 0.7658 0.7976
vt 0.7907 0.5197
vt 0.8412 0.5127
vt 0.8412 0.5094
vt 0.8412 0.5035
vt 0.8412 0.5010
vt 0.8412 0.5063
vt 0.8412 0.5183
vt 0.8412 0.5158
vt 0.8412 0.5197
vt 0.7049 0.7675
vt 0.7058 0.7647
vt 0.7042 0.7700
vt 0.7037 0.7730
vt 0.7072 0.7611
vt 0.7120 0.7453
vt 0.7149 0.7373
vt 0.7098 0.7532
vt 0.7154 0.7295
vt 0.7159 0.7219
vt 0.6936 0.6737
vt 0.6929 0.6664
vt 0.6849 0.7671
vt 0.8927 0.5035
vt 0.8927 0.5010
vt 0.8927 0.5127
vt 0.8927 0.5094
vt 0.8927 0.5063
vt 0.8927 0.5158
vt 0.8927 0.5183
vt 0.8927 0.5197
vt 0.8962 0.5063
vt 0.8962 0.5035
vt 0.8962 0.5183
vt 0.8962 0.5158
vt 0.8962 0.5197
vt 0.8962 0.5127
vt 0.8962 0.5010
vt 0.8962 0.5094
vt 0.7682 0.5127
vt 0.7725 0.5127
vt 0.7725 0.5094
vt 0.7682 0.5094
vt 0.7359 0.5035
vt 0.7359 0.5010
vt 0.7316 0.5010
vt 0.7316 0.5035
vt 0.7162 0.5035
vt 0.7218 0.5035
vt 0.7218 0.5010
vt 0.7162 0.5010
vt 0.6644 0.7660
vt 0.6691 0.7656
vt 0.6724 0.7632
vt 0.6669 0.7647
vt 0.7045 0.5035
vt 0.7103 0.5035
vt 0.7103 0.5010
vt 0.7045 0.5010
vt 0.7769 0.5035
vt 0.7815 0.5035
vt 0.7815 0.5010
vt 0.7769 0.5010
vt 0.6136 0.7873
vt 0.6102 0.7894
vt 0.6101 0.7886
vt 0.6135 0.7866
vt 0.7520 0.5035
vt 0.7560 0.5035
vt 0.7560 0.5010
vt 0.7520 0.5010
vt 0.7682 0.5035
vt 0.7725 0.5035
vt 0.7725 0.5010
vt 0.7682 0.5010
vt 0.7600 0.5035
vt 0.7641 0.5035
vt 0.7641 0.5010
vt 0.7600 0.5010
vt 0.6203 0.7825
vt 0.6205 0.7832
vt 0.6171 0.7852
vt 0.6169 0.7846
vt 0.6361 0.7759
vt 0.6318 0.7776
vt 0.6314 0.7768
vt 0.6357 0.7750
vt 0.6934 0.5094
vt 0.6988 0.5094
vt 0.6988 0.5063
vt 0.6934 0.5063
vt 0.5917 0.7983
vt 0.5877 0.7994
vt 0.5878 0.7985
vt 0.5918 0.7974
vt 0.5996 0.7944
vt 0.5994 0.7952
vt 0.5956 0.7969
vt 0.5957 0.7960
vt 0.6067 0.7906
vt 0.6067 0.7914
vt 0.6031 0.7934
vt 0.6032 0.7926
vt 0.7359 0.5183
vt 0.7359 0.5158
vt 0.7316 0.5158
vt 0.7316 0.5183
vt 0.7769 0.5183
vt 0.7815 0.5183
vt 0.7815 0.5158
vt 0.7769 0.5158
vt 0.6451 0.7715
vt 0.6453 0.7725
vt 0.6406 0.7743
vt 0.6403 0.7733
vt 0.6934 0.5197
vt 0.6988 0.5197
vt 0.6988 0.5183
vt 0.6934 0.5183
vt 0.6322 0.7644
vt 0.6279 0.7671
vt 0.6252 0.7634
vt 0.6299 0.7591
vt 0.6428 0.7592
vt 0.6405 0.7516
vt 0.6466 0.7487
vt 0.6485 0.7567
vt 0.6545 0.7542
vt 0.6531 0.7465
vt 0.6597 0.7447
vt 0.6605 0.7520
vt 0.6550 0.7676
vt 0.6549 0.7688
vt 0.6501 0.7707
vt 0.6499 0.7696
vt 0.6278 0.7793
vt 0.6241 0.7812
vt 0.6238 0.7805
vt 0.6275 0.7786
vt 0.7045 0.5158
vt 0.7103 0.5158
vt 0.7103 0.5127
vt 0.7045 0.5127
vt 0.7045 0.5094
vt 0.7103 0.5094
vt 0.7103 0.5063
vt 0.7045 0.5063
vt 0.7600 0.5158
vt 0.7641 0.5158
vt 0.7641 0.5127
vt 0.7600 0.5127
vt 0.7600 0.5094
vt 0.7641 0.5094
vt 0.7641 0.5063
vt 0.7600 0.5063
vt 0.7359 0.5127
vt 0.7316 0.5127
vt 0.7359 0.5094
vt 0.7359 0.5063
vt 0.7316 0.5063
vt 0.7316 0.5094
vt 0.7162 0.5158
vt 0.7218 0.5158
vt 0.7218 0.5127
vt 0.7162 0.5127
vt 0.7162 0.5094
vt 0.7218 0.5094
vt 0.7218 0.5063
vt 0.7162 0.5063
vt 0.7520 0.5158
vt 0.7560 0.5158
vt 0.7560 0.5127
vt 0.7520 0.5127
vt 0.7520 0.5094
vt 0.7560 0.5094
vt 0.7560 0.5063
vt 0.7520 0.5063
vt 0.7682 0.5158
vt 0.7725 0.5158
vt 0.7725 0.5063
vt 0.7682 0.5063
vt 0.7441 0.5158
vt 0.7481 0.5158
vt 0.7481 0.5127
vt 0.7441 0.5127
vt 0.7441 0.5094
vt 0.7481 0.5094
vt 0.7481 0.5063
vt 0.7441 0.5063
vt 0.7815 0.5127
vt 0.7769 0.5127
vt 0.7769 0.5094
vt 0.7815 0.5094
vt 0.7815 0.5063
vt 0.7769 0.5063
vt 0.7268 0.5158
vt 0.7268 0.5127
vt 0.7268 0.5094
vt 0.7268 0.5063
vt 0.6289 0.7513
vt 0.6246 0.7554
vt 0.6241 0.7473
vt 0.6281 0.7437
vt 0.6527 0.7407
vt 0.6523 0.7351
vt 0.6593 0.7338
vt 0.6596 0.7392
vt 0.6519 0.7269
vt 0.6511 0.7178
vt 0.6584 0.7167
vt 0.6590 0.7255
vt 0.6515 0.7090
vt 0.6520 0.7000
vt 0.6584 0.6987
vt 0.6584 0.7078
vt 0.6524 0.6914
vt 0.6526 0.6829
vt 0.6583 0.6808
vt 0.6584 0.6897
vt 0.6524 0.6741
vt 0.6521 0.6659
vt 0.6577 0.6635
vt 0.6581 0.6721
vt 0.6513 0.6544
vt 0.6516 0.6444
vt 0.6572 0.6427
vt 0.6572 0.6531
vt 0.6517 0.6369
vt 0.6517 0.6290
vt 0.6568 0.6261
vt 0.6570 0.6348
vt 0.6393 0.7446
vt 0.6382 0.7380
vt 0.6449 0.7363
vt 0.6458 0.7423
vt 0.6370 0.7300
vt 0.6361 0.7215
vt 0.6436 0.7194
vt 0.6445 0.7285
vt 0.6370 0.7112
vt 0.6394 0.7021
vt 0.6457 0.7011
vt 0.6443 0.7101
vt 0.6406 0.6958
vt 0.6417 0.6893
vt 0.6470 0.6858
vt 0.6464 0.6934
vt 0.7268 0.5197
vt 0.7268 0.5183
vt 0.7218 0.5183
vt 0.7218 0.5197
vt 0.7769 0.5197
vt 0.7815 0.5197
vt 0.7441 0.5197
vt 0.7481 0.5197
vt 0.7481 0.5183
vt 0.7441 0.5183
vt 0.7682 0.5197
vt 0.7725 0.5197
vt 0.7725 0.5183
vt 0.7682 0.5183
vt 0.7520 0.5197
vt 0.7560 0.5197
vt 0.7560 0.5183
vt 0.7520 0.5183
vt 0.7162 0.5197
vt 0.7162 0.5183
vt 0.7359 0.5197
vt 0.7316 0.5197
vt 0.7600 0.5197
vt 0.7641 0.5197
vt 0.7641 0.5183
vt 0.7600 0.5183
vt 0.7045 0.5197
vt 0.7103 0.5197
vt 0.7103 0.5183
vt 0.7045 0.5183
vt 0.6988 0.5158
vt 0.6934 0.5158
vt 0.6988 0.5127
vt 0.6934 0.5127
vt 0.6988 0.5035
vt 0.6934 0.5035
vt 0.7268 0.5035
vt 0.7218 0.5035
vt 0.7481 0.5035
vt 0.7441 0.5035
vt 0.6553 0.7588
vt 0.6611 0.7567
vt 0.6063 0.7841
vt 0.6063 0.7827
vt 0.6094 0.7809
vt 0.6095 0.7823
vt 0.6251 0.7716
vt 0.6217 0.7738
vt 0.6210 0.7720
vt 0.6242 0.7696
vt 0.6438 0.7632
vt 0.6495 0.7610
vt 0.6126 0.7803
vt 0.6124 0.7788
vt 0.6153 0.7766
vt 0.6156 0.7782
vt 0.5993 0.7875
vt 0.5994 0.7861
vt 0.6030 0.7845
vt 0.6029 0.7858
vt 0.6185 0.7760
vt 0.6181 0.7743
vt 0.5916 0.7904
vt 0.5915 0.7888
vt 0.5956 0.7875
vt 0.5956 0.7890
vt 0.6334 0.7673
vt 0.6289 0.7695
vt 0.7268 0.5010
vt 0.6668 0.7551
vt 0.6665 0.7504
vt 0.6988 0.5010
vt 0.6934 0.5010
vt 0.7481 0.5010
vt 0.7441 0.5010
vt 0.6620 0.6234
vt 0.6620 0.6053
vt 0.6624 0.6328
vt 0.6631 0.6518
vt 0.6628 0.6412
vt 0.6639 0.6704
vt 0.6634 0.6616
vt 0.6645 0.6882
vt 0.6642 0.6793
vt 0.6650 0.7066
vt 0.6647 0.6975
vt 0.6656 0.7241
vt 0.6652 0.7159
vt 0.6661 0.7375
vt 0.6659 0.7322
vt 0.6661 0.7430
vt 0.6669 0.7614
vt 0.6668 0.7584
vt 0.6306 0.7739
vt 0.6350 0.7721
vt 0.6298 0.7717
vt 0.6343 0.7697
vt 0.5918 0.7974
vt 0.5916 0.7946
vt 0.5956 0.7932
vt 0.5957 0.7960
vt 0.5916 0.7924
vt 0.5956 0.7910
vt 0.6203 0.7825
vt 0.6196 0.7799
vt 0.6230 0.7778
vt 0.6238 0.7805
vt 0.6191 0.7779
vt 0.6224 0.7758
vt 0.5996 0.7944
vt 0.5994 0.7916
vt 0.6030 0.7898
vt 0.6032 0.7926
vt 0.5993 0.7894
vt 0.6029 0.7877
vt 0.6135 0.7866
vt 0.6130 0.7840
vt 0.6163 0.7820
vt 0.6169 0.7846
vt 0.6128 0.7821
vt 0.6160 0.7800
vt 0.6451 0.7715
vt 0.6447 0.7685
vt 0.6499 0.7666
vt 0.6499 0.7696
vt 0.6444 0.7660
vt 0.6498 0.7639
vt 0.6267 0.7758
vt 0.6259 0.7737
vt 0.6067 0.7906
vt 0.6064 0.7879
vt 0.6098 0.7859
vt 0.6101 0.7886
vt 0.6063 0.7859
vt 0.6096 0.7840
vt 0.6550 0.7676
vt 0.6553 0.7646
vt 0.6610 0.7628
vt 0.6606 0.7658
vt 0.6554 0.7618
vt 0.6612 0.7599
vt 0.7861 0.5063
vt 0.7861 0.5035
vt 0.5875 0.7957
vt 0.5833 0.7967
vt 0.5830 0.7945
vt 0.5874 0.7935
vt 0.7676 0.7886
vt 0.5837 0.8003
vt 0.5837 0.7994
vt 0.7861 0.5010
vt 0.7861 0.5094
vt 0.7861 0.5197
vt 0.7861 0.5183
vt 0.7861 0.5158
vt 0.7861 0.5127
vt 0.5873 0.7915
vt 0.5872 0.7900
vt 0.5786 0.7956
vt 0.5791 0.7976
vt 0.5798 0.8012
vt 0.5797 0.8002
vt 0.7400 0.5127
vt 0.7400 0.5094
vt 0.7400 0.5035
vt 0.7400 0.5010
vt 0.7400 0.5063
vt 0.7400 0.5183
vt 0.7400 0.5158
vt 0.7400 0.5197
vt 0.6392 0.7678
vt 0.6385 0.7653
vt 0.6397 0.7703
vt 0.6403 0.7733
vt 0.6373 0.7618
vt 0.6338 0.7477
vt 0.6328 0.7407
vt 0.6350 0.7551
vt 0.6295 0.7316
vt 0.6287 0.7238
vt 0.6469 0.6766
vt 0.6469 0.6691
vt 0.6596 0.7672
vt 0.6882 0.5035
vt 0.6882 0.5010
vt 0.6882 0.5127
vt 0.6882 0.5094
vt 0.6882 0.5063
vt 0.6882 0.5158
vt 0.6882 0.5183
vt 0.6882 0.5197
vt 0.6848 0.5035
vt 0.6848 0.5063
vt 0.6848 0.5158
vt 0.6848 0.5183
vt 0.6848 0.5197
vt 0.6848 0.5127
vt 0.6848 0.5010
vt 0.6848 0.5094
vt 0.4777 0.5770
vt 0.4847 0.5770
vt 0.4847 0.5845
vt 0.4777 0.5845
vt 0.4914 0.5916
vt 0.4847 0.5916
vt 0.4847 0.5845
vt 0.4914 0.5845
vt 0.4777 0.6059
vt 0.4718 0.6059
vt 0.4718 0.5987
vt 0.4777 0.5987
vt 0.4777 0.4786
vt 0.4777 0.4865
vt 0.4718 0.4865
vt 0.4718 0.4786
vt 0.4777 0.5463
vt 0.4777 0.5528
vt 0.4718 0.5528
vt 0.4718 0.5463
vt 0.4777 0.6211
vt 0.4718 0.6211
vt 0.4718 0.6132
vt 0.4777 0.6132
vt 0.4777 0.5916
vt 0.4718 0.5916
vt 0.4718 0.5845
vt 0.4777 0.5845
vt 0.4550 0.6619
vt 0.4550 0.6596
vt 0.4711 0.6596
vt 0.4711 0.6619
vt 0.4777 0.5097
vt 0.4718 0.5097
vt 0.4718 0.5021
vt 0.4777 0.5021
vt 0.4875 0.6619
vt 0.4875 0.6596
vt 0.5042 0.6596
vt 0.5042 0.6619
vt 0.5207 0.6596
vt 0.5207 0.6619
vt 0.5505 0.6619
vt 0.5373 0.6619
vt 0.5373 0.6596
vt 0.5505 0.6596
vt 0.5373 0.6586
vt 0.5373 0.6596
vt 0.5207 0.6596
vt 0.5207 0.6586
vt 0.4658 0.4943
vt 0.4658 0.4865
vt 0.4718 0.4865
vt 0.4718 0.4943
vt 0.4658 0.5606
vt 0.4718 0.5606
vt 0.4718 0.5689
vt 0.4658 0.5689
vt 0.4658 0.5770
vt 0.4718 0.5770
vt 0.4718 0.5845
vt 0.4658 0.5845
vt 0.4658 0.5242
vt 0.4718 0.5242
vt 0.4718 0.5310
vt 0.4658 0.5310
vt 0.4875 0.6586
vt 0.4875 0.6596
vt 0.4711 0.6596
vt 0.4711 0.6586
vt 0.4550 0.6586
vt 0.4550 0.6596
vt 0.4425 0.6596
vt 0.4425 0.6586
vt 0.4914 0.4786
vt 0.4996 0.4786
vt 0.4996 0.4865
vt 0.4914 0.4865
vt 0.4875 0.6586
vt 0.4875 0.6576
vt 0.5042 0.6576
vt 0.5042 0.6586
vt 0.5505 0.6586
vt 0.5373 0.6586
vt 0.5373 0.6576
vt 0.5505 0.6576
vt 0.5207 0.6576
vt 0.5207 0.6586
vt 0.4168 0.2203
vt 0.4240 0.2206
vt 0.4220 0.2100
vt 0.4157 0.2102
vt 0.3961 0.1076
vt 0.4008 0.1071
vt 0.4002 0.0976
vt 0.3955 0.0979
vt 0.4154 0.2387
vt 0.4226 0.2388
vt 0.4243 0.2298
vt 0.4165 0.2296
vt 0.3936 0.0609
vt 0.3980 0.0615
vt 0.3972 0.0570
vt 0.3930 0.0561
vt 0.4119 0.2725
vt 0.4179 0.2723
vt 0.4194 0.2643
vt 0.4132 0.2644
vt 0.4914 0.5770
vt 0.4996 0.5770
vt 0.4996 0.5845
vt 0.4914 0.5845
vt 0.4914 0.5606
vt 0.4996 0.5606
vt 0.4996 0.5689
vt 0.4914 0.5689
vt 0.3873 0.4437
vt 0.3920 0.4446
vt 0.3914 0.4299
vt 0.3870 0.4279
vt 0.4550 0.6747
vt 0.4550 0.6714
vt 0.4711 0.6714
vt 0.4711 0.6747
vt 0.3959 0.3552
vt 0.4004 0.3558
vt 0.4026 0.3456
vt 0.3980 0.3451
vt 0.2649 0.6685
vt 0.2745 0.6698
vt 0.2747 0.6808
vt 0.2650 0.6786
vt 0.4198 0.6930
vt 0.4264 0.6873
vt 0.4288 0.6946
vt 0.4221 0.7017
vt 0.2826 0.7114
vt 0.2758 0.7066
vt 0.2755 0.6991
vt 0.2827 0.7031
vt 0.3725 0.6171
vt 0.3791 0.6175
vt 0.3819 0.6326
vt 0.3750 0.6322
vt 0.3798 0.7049
vt 0.3898 0.7046
vt 0.3912 0.7175
vt 0.3804 0.7184
vt 0.2541 0.6851
vt 0.2541 0.6771
vt 0.2650 0.6786
vt 0.2654 0.6874
vt 0.2929 0.7186
vt 0.2919 0.7273
vt 0.2870 0.7234
vt 0.2880 0.7154
vt 0.2753 0.2956
vt 0.2775 0.2918
vt 0.2610 0.2827
vt 0.2606 0.2870
vt 0.3483 0.6451
vt 0.3590 0.6458
vt 0.3594 0.6600
vt 0.3481 0.6593
vt 0.2608 0.6182
vt 0.2641 0.6040
vt 0.2728 0.6033
vt 0.2700 0.6176
vt 0.6533 0.3753
vt 0.6555 0.3627
vt 0.6644 0.3648
vt 0.6625 0.3779
vt 0.2561 0.6448
vt 0.2660 0.6448
vt 0.2652 0.6572
vt 0.2549 0.6569
vt 0.2868 0.6162
vt 0.2888 0.6017
vt 0.2951 0.6012
vt 0.2933 0.6157
vt 0.6309 0.4248
vt 0.6372 0.4134
vt 0.6472 0.4169
vt 0.6411 0.4286
vt 0.2544 0.6677
vt 0.6433 0.4010
vt 0.6532 0.4044
vt 0.2876 0.3068
vt 0.2926 0.3041
vt 0.6490 0.3882
vt 0.6586 0.3912
vt 0.3067 0.6446
vt 0.3125 0.6444
vt 0.3108 0.6591
vt 0.3050 0.6594
vt 0.3370 0.6152
vt 0.3375 0.6301
vt 0.3281 0.6296
vt 0.3286 0.6148
vt 0.3567 0.7312
vt 0.3566 0.7443
vt 0.3442 0.7432
vt 0.3447 0.7302
vt 0.3464 0.6158
vt 0.3477 0.6307
vt 0.3577 0.7036
vt 0.3690 0.7044
vt 0.3689 0.7184
vt 0.3571 0.7177
vt 0.4339 0.6810
vt 0.4366 0.6869
vt 0.2351 0.6671
vt 0.2369 0.6565
vt 0.2453 0.6567
vt 0.2441 0.6672
vt 0.2469 0.6448
vt 0.2453 0.6567
vt 0.3373 0.6446
vt 0.3365 0.6588
vt 0.2941 0.4149
vt 0.2918 0.4311
vt 0.3062 0.4350
vt 0.3077 0.4188
vt 0.4114 0.7214
vt 0.4090 0.7118
vt 0.4157 0.7075
vt 0.4179 0.7161
vt 0.2750 0.6905
vt 0.2833 0.6449
vt 0.2754 0.6448
vt 0.2769 0.6310
vt 0.2848 0.6306
vt 0.3106 0.6147
vt 0.3160 0.6145
vt 0.3144 0.6294
vt 0.3087 0.6297
vt 0.3904 0.6186
vt 0.3850 0.6181
vt 0.3823 0.6028
vt 0.3876 0.6034
vt 0.4082 0.6745
vt 0.4143 0.6722
vt 0.4172 0.6832
vt 0.4109 0.6865
vt 0.4068 0.7009
vt 0.4090 0.7118
vt 0.4008 0.7152
vt 0.3989 0.7032
vt 0.4133 0.6976
vt 0.4198 0.6930
vt 0.3968 0.6481
vt 0.3935 0.6335
vt 0.3988 0.6336
vt 0.4022 0.6479
vt 0.3850 0.6181
vt 0.3879 0.6331
vt 0.3155 0.7263
vt 0.3089 0.7249
vt 0.3092 0.7135
vt 0.3158 0.7143
vt 0.2544 0.6677
vt 0.2286 0.6952
vt 0.2301 0.6902
vt 0.2420 0.6903
vt 0.2416 0.6953
vt 0.2936 0.6731
vt 0.2882 0.6723
vt 0.2887 0.6590
vt 0.2942 0.6593
vt 0.3955 0.6188
vt 0.3928 0.6038
vt 0.4042 0.6332
vt 0.4078 0.6471
vt 0.3771 0.6469
vt 0.3843 0.6474
vt 0.3862 0.6621
vt 0.3784 0.6615
vt 0.3040 0.6737
vt 0.3098 0.6736
vt 0.3251 0.6730
vt 0.3357 0.6730
vt 0.3351 0.6875
vt 0.3246 0.6874
vt 0.2934 0.6981
vt 0.2934 0.6861
vt 0.2985 0.6871
vt 0.2984 0.6996
vt 0.3908 0.6479
vt 0.3932 0.6625
vt 0.2822 0.6712
vt 0.2882 0.6723
vt 0.2882 0.6848
vt 0.2822 0.6829
vt 0.3687 0.6464
vt 0.3695 0.6608
vt 0.3929 0.7293
vt 0.3952 0.7403
vt 0.3829 0.7431
vt 0.3814 0.7311
vt 0.4136 0.6456
vt 0.4199 0.6431
vt 0.4237 0.6549
vt 0.4172 0.6580
vt 0.3968 0.6481
vt 0.3996 0.6624
vt 0.2754 0.6448
vt 0.2747 0.6578
vt 0.2664 0.7014
vt 0.2659 0.6950
vt 0.2825 0.6936
vt 0.2883 0.6962
vt 0.2425 0.6840
vt 0.2541 0.6851
vt 0.2543 0.6918
vt 0.2420 0.6903
vt 0.4022 0.6760
vt 0.3996 0.6624
vt 0.4054 0.6616
vt 0.4082 0.6745
vt 0.4031 0.7259
vt 0.4059 0.7358
vt 0.3335 0.7290
vt 0.3236 0.7277
vt 0.3240 0.7150
vt 0.3341 0.7158
vt 0.2391 0.6444
vt 0.3521 0.5860
vt 0.3603 0.5862
vt 0.3624 0.6015
vt 0.3540 0.6011
vt 0.3678 0.5866
vt 0.3700 0.6018
vt 0.3743 0.5870
vt 0.3800 0.5877
vt 0.3823 0.6028
vt 0.3765 0.6022
vt 0.3647 0.6168
vt 0.3559 0.6163
vt 0.3590 0.6744
vt 0.3696 0.6753
vt 0.3693 0.6899
vt 0.3583 0.6890
vt 0.3435 0.5859
vt 0.3450 0.6008
vt 0.3191 0.6442
vt 0.3272 0.6442
vt 0.3260 0.6587
vt 0.3175 0.6588
vt 0.3962 0.5888
vt 0.4021 0.5884
vt 0.4041 0.6034
vt 0.3982 0.6038
vt 0.4875 0.6684
vt 0.4875 0.6652
vt 0.5042 0.6652
vt 0.5042 0.6684
vt 0.3814 0.7311
vt 0.3690 0.7316
vt 0.3689 0.7184
vt 0.3804 0.7184
vt 0.4068 0.6181
vt 0.4129 0.6165
vt 0.4162 0.6303
vt 0.4100 0.6323
vt 0.4221 0.7017
vt 0.4241 0.7092
vt 0.3036 0.7005
vt 0.3037 0.6876
vt 0.3094 0.6877
vt 0.3093 0.7011
vt 0.2603 0.5898
vt 0.2677 0.5894
vt 0.2641 0.6040
vt 0.2563 0.6043
vt 0.2547 0.6973
vt 0.2543 0.6918
vt 0.3875 0.6766
vt 0.3952 0.6766
vt 0.3970 0.6903
vt 0.3887 0.6908
vt 0.3474 0.6735
vt 0.3467 0.6880
vt 0.3160 0.7014
vt 0.3243 0.7016
vt 0.3240 0.7150
vt 0.3158 0.7143
vt 0.4010 0.6187
vt 0.3982 0.6038
vt 0.4206 0.6691
vt 0.4274 0.6651
vt 0.4308 0.6739
vt 0.4237 0.6789
vt 0.2525 0.6184
vt 0.2492 0.6319
vt 0.2418 0.6314
vt 0.2453 0.6178
vt 0.4550 0.6619
vt 0.4550 0.6652
vt 0.4425 0.6652
vt 0.4425 0.6619
vt 0.4914 0.6211
vt 0.4847 0.6211
vt 0.4847 0.6132
vt 0.4914 0.6132
vt 0.5373 0.6619
vt 0.5373 0.6652
vt 0.5207 0.6652
vt 0.5207 0.6619
vt 0.5505 0.6684
vt 0.5373 0.6684
vt 0.5373 0.6652
vt 0.5505 0.6652
vt 0.3346 0.7019
vt 0.2317 0.6839
vt 0.4022 0.6760
vt 0.4045 0.6888
vt 0.3906 0.5887
vt 0.2956 0.6449
vt 0.2974 0.6301
vt 0.3031 0.6299
vt 0.3012 0.6448
vt 0.4308 0.7008
vt 0.4389 0.6916
vt 0.4914 0.5097
vt 0.4847 0.5097
vt 0.4847 0.5021
vt 0.4914 0.5021
vt 0.4875 0.6619
vt 0.4875 0.6652
vt 0.4711 0.6652
vt 0.4711 0.6619
vt 0.5207 0.6652
vt 0.5207 0.6684
vt 0.4550 0.6684
vt 0.4550 0.6652
vt 0.4711 0.6652
vt 0.4711 0.6684
vt 0.3282 0.5856
vt 0.3353 0.5858
vt 0.3363 0.6004
vt 0.3286 0.6000
vt 0.3800 0.5877
vt 0.3780 0.5726
vt 0.3835 0.5732
vt 0.3854 0.5883
vt 0.3854 0.5883
vt 0.2907 0.5872
vt 0.2888 0.6017
vt 0.2813 0.6024
vt 0.2837 0.5878
vt 0.4082 0.5872
vt 0.4102 0.6020
vt 0.2536 0.5895
vt 0.2495 0.6038
vt 0.2758 0.5886
vt 0.2787 0.5736
vt 0.2860 0.5728
vt 0.2837 0.5878
vt 0.2677 0.5894
vt 0.2712 0.5744
vt 0.4031 0.7259
vt 0.3332 0.5528
vt 0.3408 0.5526
vt 0.3420 0.5708
vt 0.3342 0.5710
vt 0.3639 0.5529
vt 0.3703 0.5536
vt 0.3721 0.5718
vt 0.3656 0.5713
vt 0.2879 0.5546
vt 0.2812 0.5552
vt 0.2838 0.5325
vt 0.2901 0.5320
vt 0.3819 0.5551
vt 0.3762 0.5545
vt 0.3735 0.5312
vt 0.3791 0.5318
vt 0.3762 0.5545
vt 0.3780 0.5726
vt 0.2743 0.5560
vt 0.2772 0.5331
vt 0.3932 0.5556
vt 0.3993 0.5552
vt 0.4006 0.5732
vt 0.3946 0.5736
vt 0.3267 0.5531
vt 0.3274 0.5710
vt 0.3214 0.5533
vt 0.3170 0.5535
vt 0.3173 0.5309
vt 0.3215 0.5305
vt 0.4053 0.5540
vt 0.4067 0.5720
vt 0.3489 0.5524
vt 0.3503 0.5708
vt 0.3128 0.5538
vt 0.3085 0.5540
vt 0.3093 0.5315
vt 0.3133 0.5312
vt 0.2612 0.5571
vt 0.2676 0.5568
vt 0.2641 0.5749
vt 0.2576 0.5749
vt 0.3568 0.5525
vt 0.3583 0.5709
vt 0.2743 0.5560
vt 0.2712 0.5744
vt 0.3705 0.5072
vt 0.3758 0.5076
vt 0.3651 0.5067
vt 0.3678 0.5304
vt 0.2800 0.5092
vt 0.2864 0.5088
vt 0.3869 0.5078
vt 0.3930 0.5076
vt 0.3965 0.5319
vt 0.3905 0.5322
vt 0.3267 0.5058
vt 0.3328 0.5055
vt 0.3329 0.5297
vt 0.3265 0.5301
vt 0.3178 0.5067
vt 0.3218 0.5063
vt 0.3991 0.5067
vt 0.4025 0.5309
vt 0.3397 0.5052
vt 0.3468 0.5053
vt 0.3478 0.5291
vt 0.3402 0.5293
vt 0.3103 0.5073
vt 0.3141 0.5070
vt 0.2671 0.5091
vt 0.2735 0.5093
vt 0.2707 0.5337
vt 0.2643 0.5337
vt 0.3535 0.5056
vt 0.3551 0.5292
vt 0.3596 0.5061
vt 0.3618 0.5296
vt 0.2924 0.5083
vt 0.3839 0.4903
vt 0.3900 0.4899
vt 0.3266 0.4883
vt 0.3325 0.4880
vt 0.3180 0.4889
vt 0.3219 0.4886
vt 0.3962 0.4889
vt 0.3391 0.4880
vt 0.3458 0.4882
vt 0.3110 0.4895
vt 0.3145 0.4892
vt 0.2697 0.4911
vt 0.2761 0.4918
vt 0.3521 0.4887
vt 0.2825 0.4919
vt 0.3578 0.4893
vt 0.3629 0.4898
vt 0.2886 0.4916
vt 0.2943 0.4911
vt 0.3680 0.4901
vt 0.3731 0.4903
vt 0.3883 0.4821
vt 0.3944 0.4808
vt 0.3386 0.4802
vt 0.3451 0.4805
vt 0.2715 0.4830
vt 0.2777 0.4841
vt 0.3513 0.4810
vt 0.2839 0.4843
vt 0.3568 0.4816
vt 0.3323 0.4801
vt 0.3619 0.4822
vt 0.3669 0.4823
vt 0.3823 0.4825
vt 0.3265 0.4803
vt 0.3039 0.3517
vt 0.3032 0.3611
vt 0.3144 0.3645
vt 0.3148 0.3546
vt 0.3460 0.7026
vt 0.3454 0.7167
vt 0.4133 0.6976
vt 0.3018 0.3314
vt 0.3037 0.3420
vt 0.3147 0.3441
vt 0.3132 0.3323
vt 0.4777 0.5606
vt 0.4847 0.5606
vt 0.4847 0.5689
vt 0.4777 0.5689
vt 0.2608 0.6182
vt 0.2580 0.6318
vt 0.3127 0.5860
vt 0.3175 0.5857
vt 0.3170 0.5999
vt 0.3119 0.6001
vt 0.4914 0.4786
vt 0.4847 0.4786
vt 0.4847 0.4706
vt 0.4914 0.4706
vt 0.3224 0.5856
vt 0.3219 0.5711
vt 0.3274 0.5710
vt 0.3282 0.5856
vt 0.3819 0.5551
vt 0.3875 0.5555
vt 0.3889 0.5735
vt 0.3835 0.5732
vt 0.3812 0.5078
vt 0.3847 0.5322
vt 0.3782 0.4904
vt 0.3718 0.4825
vt 0.3768 0.4826
vt 0.3217 0.6145
vt 0.3206 0.6294
vt 0.3791 0.6761
vt 0.3794 0.6906
vt 0.4914 0.4943
vt 0.4847 0.4943
vt 0.4914 0.6059
vt 0.4847 0.6059
vt 0.4847 0.5987
vt 0.4914 0.5987
vt 0.2957 0.5318
vt 0.2977 0.5079
vt 0.3039 0.5542
vt 0.3085 0.5540
vt 0.3082 0.5718
vt 0.3033 0.5720
vt 0.3024 0.5866
vt 0.3077 0.5863
vt 0.3066 0.6005
vt 0.3010 0.6008
vt 0.3051 0.5316
vt 0.3006 0.5317
vt 0.3022 0.5077
vt 0.3064 0.5075
vt 0.2939 0.5543
vt 0.2991 0.5542
vt 0.2980 0.5721
vt 0.2924 0.5724
vt 0.2992 0.4906
vt 0.3035 0.4901
vt 0.3074 0.4898
vt 0.4914 0.5242
vt 0.4914 0.5310
vt 0.4847 0.5310
vt 0.4847 0.5242
vt 0.7062 0.4186
vt 0.7132 0.4051
vt 0.7175 0.4108
vt 0.7097 0.4224
vt 0.2820 0.2013
vt 0.2965 0.2031
vt 0.2972 0.1962
vt 0.2830 0.1946
vt 0.3117 0.2044
vt 0.3267 0.2051
vt 0.3266 0.1976
vt 0.3120 0.1972
vt 0.7209 0.3474
vt 0.7198 0.3349
vt 0.7283 0.3335
vt 0.7296 0.3463
vt 0.3901 0.3342
vt 0.3882 0.3439
vt 0.3932 0.3445
vt 0.3951 0.3348
vt 0.3772 0.4265
vt 0.3771 0.4427
vt 0.3825 0.4424
vt 0.3825 0.4261
vt 0.6924 0.4429
vt 0.6988 0.4312
vt 0.7025 0.4340
vt 0.6958 0.4452
vt 0.3783 0.4115
vt 0.3827 0.4110
vt 0.3798 0.3981
vt 0.3844 0.3983
vt 0.3829 0.3747
vt 0.3813 0.3859
vt 0.3860 0.3866
vt 0.3876 0.3755
vt 0.7188 0.3241
vt 0.7270 0.3225
vt 0.7184 0.3907
vt 0.7211 0.3760
vt 0.7306 0.3765
vt 0.7286 0.3947
vt 0.7216 0.3613
vt 0.7305 0.3607
vt 0.6409 0.2265
vt 0.6274 0.2268
vt 0.6270 0.2196
vt 0.6405 0.2191
vt 0.2686 0.1993
vt 0.2698 0.1928
vt 0.3864 0.3538
vt 0.3846 0.3640
vt 0.3893 0.3647
vt 0.3912 0.3544
vt 0.6531 0.3409
vt 0.6446 0.3401
vt 0.6397 0.3310
vt 0.6474 0.3304
vt 0.6555 0.3512
vt 0.6465 0.3493
vt 0.3032 0.7232
vt 0.2979 0.7212
vt 0.2983 0.7110
vt 0.3035 0.7124
vt 0.6555 0.3627
vt 0.6459 0.3598
vt 0.4078 0.6471
vt 0.4112 0.6602
vt 0.3447 0.7302
vt 0.3567 0.7312
vt 0.3725 0.6171
vt 0.2790 0.6168
vt 0.2813 0.6024
vt 0.2448 0.2812
vt 0.2458 0.2857
vt 0.2597 0.2906
vt 0.2606 0.2870
vt 0.3559 0.6163
vt 0.3578 0.6313
vt 0.6375 0.3205
vt 0.6311 0.3224
vt 0.6193 0.3151
vt 0.6232 0.3129
vt 0.2993 0.6154
vt 0.3010 0.6008
vt 0.2941 0.4149
vt 0.2965 0.4010
vt 0.2816 0.3952
vt 0.2782 0.4097
vt 0.4010 0.6187
vt 0.4042 0.6332
vt 0.2971 0.3194
vt 0.2876 0.3068
vt 0.2821 0.3084
vt 0.2888 0.3191
vt 0.3020 0.3702
vt 0.3032 0.3611
vt 0.2921 0.3555
vt 0.2901 0.3641
vt 0.2987 0.3894
vt 0.3005 0.3794
vt 0.2876 0.3731
vt 0.2848 0.3832
vt 0.3251 0.3661
vt 0.3257 0.3560
vt 0.3361 0.3563
vt 0.3353 0.3666
vt 0.3445 0.3664
vt 0.3456 0.3561
vt 0.3545 0.3554
vt 0.3532 0.3655
vt 0.3617 0.3646
vt 0.3631 0.3546
vt 0.3716 0.3538
vt 0.3701 0.3636
vt 0.3778 0.3633
vt 0.3794 0.3534
vt 0.6644 0.3648
vt 0.6645 0.3523
vt 0.6726 0.3536
vt 0.6723 0.3664
vt 0.6795 0.3682
vt 0.6800 0.3553
vt 0.6866 0.3554
vt 0.6860 0.3688
vt 0.6923 0.3701
vt 0.6929 0.3563
vt 0.6994 0.3572
vt 0.6986 0.3713
vt 0.7051 0.3727
vt 0.7059 0.3582
vt 0.7131 0.3593
vt 0.7124 0.3741
vt 0.6614 0.4066
vt 0.6555 0.4193
vt 0.6634 0.4205
vt 0.6690 0.4081
vt 0.6753 0.4101
vt 0.6696 0.4228
vt 0.6753 0.4246
vt 0.6812 0.4118
vt 0.6871 0.4135
vt 0.6811 0.4263
vt 0.6869 0.4281
vt 0.6930 0.4152
vt 0.6991 0.4170
vt 0.6926 0.4299
vt 0.6619 0.3408
vt 0.6711 0.3416
vt 0.6791 0.3430
vt 0.6862 0.3428
vt 0.6927 0.3433
vt 0.6992 0.3438
vt 0.7058 0.3445
vt 0.7129 0.3452
vt 0.6705 0.3797
vt 0.6667 0.3933
vt 0.6740 0.3950
vt 0.6775 0.3816
vt 0.6843 0.3827
vt 0.6805 0.3967
vt 0.6866 0.3983
vt 0.6904 0.3843
vt 0.6967 0.3859
vt 0.6926 0.4000
vt 0.6988 0.4017
vt 0.7031 0.3876
vt 0.7105 0.3892
vt 0.7054 0.4036
vt 0.6555 0.3293
vt 0.6481 0.3182
vt 0.6628 0.3198
vt 0.6672 0.3302
vt 0.6770 0.3318
vt 0.6745 0.3217
vt 0.6830 0.3207
vt 0.6848 0.3311
vt 0.6916 0.3313
vt 0.6902 0.3209
vt 0.6971 0.3211
vt 0.6983 0.3316
vt 0.7050 0.3320
vt 0.7040 0.3213
vt 0.7110 0.3215
vt 0.7121 0.3324
vt 0.3135 0.3741
vt 0.3124 0.3836
vt 0.3232 0.3858
vt 0.3242 0.3760
vt 0.3343 0.3769
vt 0.3332 0.3874
vt 0.3425 0.3871
vt 0.3436 0.3767
vt 0.3521 0.3758
vt 0.3509 0.3862
vt 0.3593 0.3852
vt 0.3605 0.3747
vt 0.3688 0.3736
vt 0.3675 0.3840
vt 0.3750 0.3842
vt 0.3764 0.3736
vt 0.3110 0.3936
vt 0.3094 0.4051
vt 0.3204 0.4078
vt 0.3219 0.3961
vt 0.3319 0.3986
vt 0.3304 0.4109
vt 0.3396 0.4104
vt 0.3411 0.3981
vt 0.3495 0.3973
vt 0.3479 0.4099
vt 0.3562 0.4093
vt 0.3578 0.3964
vt 0.3660 0.3953
vt 0.3644 0.4085
vt 0.3719 0.4085
vt 0.3735 0.3956
vt 0.3077 0.4188
vt 0.3190 0.4216
vt 0.3292 0.4249
vt 0.3384 0.4246
vt 0.3466 0.4245
vt 0.3548 0.4242
vt 0.3629 0.4239
vt 0.3705 0.4238
vt 0.6498 0.4311
vt 0.6580 0.4323
vt 0.6643 0.4348
vt 0.6702 0.4367
vt 0.6759 0.4386
vt 0.6816 0.4405
vt 0.6870 0.4422
vt 0.3181 0.4377
vt 0.3288 0.4409
vt 0.3380 0.4408
vt 0.3463 0.4409
vt 0.3545 0.4409
vt 0.3625 0.4408
vt 0.3700 0.4410
vt 0.3261 0.3454
vt 0.3260 0.3343
vt 0.3377 0.3353
vt 0.3369 0.3458
vt 0.3471 0.3458
vt 0.3483 0.3357
vt 0.3578 0.3356
vt 0.3561 0.3454
vt 0.3648 0.3448
vt 0.3669 0.3352
vt 0.3755 0.3345
vt 0.3733 0.3441
vt 0.3813 0.3437
vt 0.3834 0.3341
vt 0.3691 0.2043
vt 0.3779 0.2037
vt 0.3771 0.1957
vt 0.3683 0.1963
vt 0.3389 0.2053
vt 0.3386 0.1976
vt 0.3867 0.2031
vt 0.3956 0.2025
vt 0.3948 0.1942
vt 0.3859 0.1950
vt 0.3502 0.2051
vt 0.3601 0.2048
vt 0.3593 0.1969
vt 0.3496 0.1973
vt 0.6921 0.2255
vt 0.6854 0.2257
vt 0.6847 0.2178
vt 0.6915 0.2175
vt 0.6631 0.2261
vt 0.6530 0.2263
vt 0.6525 0.2187
vt 0.6626 0.2184
vt 0.7232 0.2237
vt 0.7149 0.2243
vt 0.7144 0.2163
vt 0.7227 0.2158
vt 0.6785 0.2259
vt 0.6715 0.2261
vt 0.6709 0.2182
vt 0.6779 0.2180
vt 0.6889 0.3123
vt 0.6815 0.3121
vt 0.6805 0.3051
vt 0.6880 0.3053
vt 0.4777 0.5463
vt 0.4777 0.5412
vt 0.4847 0.5412
vt 0.4847 0.5463
vt 0.6851 0.2816
vt 0.6777 0.2812
vt 0.6769 0.2752
vt 0.6842 0.2755
vt 0.6834 0.2691
vt 0.6760 0.2688
vt 0.6752 0.2622
vt 0.6825 0.2625
vt 0.6816 0.2556
vt 0.6744 0.2554
vt 0.6736 0.2484
vt 0.6808 0.2485
vt 0.4914 0.5463
vt 0.4996 0.5463
vt 0.4996 0.5528
vt 0.4914 0.5528
vt 0.6599 0.3109
vt 0.6446 0.3090
vt 0.6439 0.3022
vt 0.6587 0.3038
vt 0.6799 0.2995
vt 0.6795 0.2950
vt 0.6869 0.2953
vt 0.6874 0.2998
vt 0.6570 0.2799
vt 0.6434 0.2790
vt 0.6431 0.2731
vt 0.6564 0.2739
vt 0.6559 0.2676
vt 0.6428 0.2669
vt 0.6425 0.2606
vt 0.6553 0.2612
vt 0.6548 0.2546
vt 0.6422 0.2541
vt 0.6419 0.2475
vt 0.6544 0.2478
vt 0.7341 0.3125
vt 0.7259 0.3135
vt 0.7250 0.3063
vt 0.7331 0.3054
vt 0.6439 0.2970
vt 0.6440 0.2927
vt 0.6582 0.2937
vt 0.6583 0.2982
vt 0.7297 0.2808
vt 0.7216 0.2813
vt 0.7207 0.2753
vt 0.7289 0.2747
vt 0.7281 0.2682
vt 0.7199 0.2688
vt 0.7190 0.2620
vt 0.7272 0.2613
vt 0.7264 0.2542
vt 0.7181 0.2548
vt 0.7172 0.2475
vt 0.7255 0.2469
vt 0.6800 0.2413
vt 0.6729 0.2413
vt 0.6722 0.2338
vt 0.6792 0.2338
vt 0.6724 0.3130
vt 0.6711 0.3057
vt 0.7242 0.3006
vt 0.7235 0.2959
vt 0.7317 0.2952
vt 0.7323 0.2998
vt 0.6684 0.2801
vt 0.6676 0.2743
vt 0.6669 0.2681
vt 0.6662 0.2616
vt 0.6656 0.2549
vt 0.6649 0.2481
vt 0.6539 0.2409
vt 0.6416 0.2407
vt 0.6413 0.2338
vt 0.6535 0.2338
vt 0.7031 0.3126
vt 0.6961 0.3124
vt 0.6953 0.3055
vt 0.7023 0.3057
vt 0.6700 0.2948
vt 0.6704 0.2998
vt 0.6992 0.2822
vt 0.6922 0.2819
vt 0.6914 0.2758
vt 0.6983 0.2761
vt 0.6974 0.2697
vt 0.6905 0.2694
vt 0.6896 0.2627
vt 0.6965 0.2629
vt 0.6955 0.2559
vt 0.6887 0.2558
vt 0.6878 0.2486
vt 0.6946 0.2486
vt 0.7247 0.2393
vt 0.7164 0.2399
vt 0.7156 0.2322
vt 0.7239 0.2316
vt 0.3411 0.3141
vt 0.3516 0.3163
vt 0.3543 0.3025
vt 0.3444 0.3041
vt 0.3505 0.8575
vt 0.3535 0.8605
vt 0.3534 0.8606
vt 0.3504 0.8578
vt 0.3475 0.2736
vt 0.3580 0.2744
vt 0.3590 0.2657
vt 0.3485 0.2648
vt 0.3495 0.2561
vt 0.3599 0.2570
vt 0.3605 0.2483
vt 0.3502 0.2475
vt 0.3507 0.2389
vt 0.3609 0.2395
vt 0.3611 0.2306
vt 0.3509 0.2302
vt 0.6643 0.2410
vt 0.6637 0.2336
vt 0.3938 0.3155
vt 0.3986 0.3167
vt 0.4002 0.3077
vt 0.3956 0.3062
vt 0.3908 0.4151
vt 0.3914 0.4299
vt 0.3957 0.4311
vt 0.3940 0.4168
vt 0.4264 0.2573
vt 0.4284 0.2490
vt 0.4273 0.2475
vt 0.4257 0.2560
vt 0.6937 0.2412
vt 0.6869 0.2412
vt 0.6861 0.2336
vt 0.6928 0.2335
vt 0.3800 0.3156
vt 0.3873 0.3154
vt 0.3893 0.3029
vt 0.3813 0.3015
vt 0.3430 0.8547
vt 0.3430 0.8552
vt 0.3846 0.2743
vt 0.3931 0.2743
vt 0.3938 0.2658
vt 0.3854 0.2659
vt 0.3860 0.2573
vt 0.3943 0.2572
vt 0.3948 0.2483
vt 0.3865 0.2485
vt 0.3870 0.2395
vt 0.3953 0.2392
vt 0.3959 0.2299
vt 0.3874 0.2302
vt 0.3509 0.2216
vt 0.3611 0.2217
vt 0.3608 0.2128
vt 0.3507 0.2131
vt 0.3118 0.3063
vt 0.3277 0.3123
vt 0.3304 0.3024
vt 0.3141 0.2983
vt 0.6946 0.3000
vt 0.6941 0.2957
vt 0.7011 0.2960
vt 0.7016 0.3003
vt 0.3215 0.2679
vt 0.3351 0.2715
vt 0.3363 0.2629
vt 0.3226 0.2600
vt 0.3238 0.2521
vt 0.3373 0.2545
vt 0.3382 0.2462
vt 0.3248 0.2442
vt 0.3256 0.2362
vt 0.3387 0.2378
vt 0.3391 0.2295
vt 0.3261 0.2282
vt 0.3614 0.3166
vt 0.3708 0.3163
vt 0.3725 0.3022
vt 0.3635 0.3026
vt 0.3224 0.8526
vt 0.3332 0.8533
vt 0.3333 0.8539
vt 0.3225 0.8532
vt 0.3673 0.2745
vt 0.3761 0.2744
vt 0.3769 0.2660
vt 0.3682 0.2660
vt 0.3690 0.2574
vt 0.3776 0.2574
vt 0.3781 0.2486
vt 0.3696 0.2486
vt 0.3699 0.2397
vt 0.3785 0.2396
vt 0.3788 0.2305
vt 0.3702 0.2306
vt 0.3877 0.2208
vt 0.3963 0.2204
vt 0.3963 0.2109
vt 0.3875 0.2114
vt 0.2457 0.2716
vt 0.2626 0.2780
vt 0.2642 0.2733
vt 0.2479 0.2668
vt 0.3319 0.2949
vt 0.3326 0.2899
vt 0.3178 0.2859
vt 0.3159 0.2914
vt 0.2553 0.2472
vt 0.2707 0.2521
vt 0.2724 0.2461
vt 0.2572 0.2416
vt 0.2590 0.2359
vt 0.2740 0.2399
vt 0.2756 0.2337
vt 0.2609 0.2300
vt 0.2626 0.2240
vt 0.2771 0.2273
vt 0.2785 0.2209
vt 0.2643 0.2179
vt 0.3265 0.2203
vt 0.3393 0.2212
vt 0.3392 0.2131
vt 0.3267 0.2125
vt 0.6277 0.3048
vt 0.6279 0.2997
vt 0.2656 0.2690
vt 0.2667 0.2654
vt 0.2509 0.2593
vt 0.2497 0.2628
vt 0.6284 0.2784
vt 0.6284 0.2725
vt 0.6284 0.2664
vt 0.6283 0.2601
vt 0.6282 0.2537
vt 0.6280 0.2472
vt 0.3703 0.2215
vt 0.3790 0.2211
vt 0.3787 0.2119
vt 0.3699 0.2124
vt 0.2793 0.2865
vt 0.2954 0.2968
vt 0.2976 0.2902
vt 0.2810 0.2812
vt 0.6280 0.2952
vt 0.6283 0.2915
vt 0.2873 0.2576
vt 0.3045 0.2631
vt 0.3058 0.2558
vt 0.2888 0.2510
vt 0.2902 0.2442
vt 0.3071 0.2485
vt 0.3083 0.2411
vt 0.2916 0.2375
vt 0.2928 0.2306
vt 0.3092 0.2337
vt 0.3101 0.2263
vt 0.2939 0.2237
vt 0.2658 0.2118
vt 0.2798 0.2144
vt 0.2809 0.2080
vt 0.2672 0.2057
vt 0.2992 0.2845
vt 0.3010 0.2796
vt 0.2836 0.2724
vt 0.2824 0.2764
vt 0.6279 0.2406
vt 0.6276 0.2340
vt 0.2949 0.2169
vt 0.3108 0.2189
vt 0.3113 0.2116
vt 0.2958 0.2101
vt 0.7028 0.4479
vt 0.7099 0.4383
vt 0.7133 0.4405
vt 0.7060 0.4495
vt 0.4180 0.1835
vt 0.4237 0.1828
vt 0.4220 0.1740
vt 0.4160 0.1747
vt 0.3997 0.0886
vt 0.4041 0.0889
vt 0.4039 0.0808
vt 0.3994 0.0804
vt 0.4062 0.1610
vt 0.4122 0.1614
vt 0.4115 0.1584
vt 0.4043 0.1529
vt 0.3489 0.1896
vt 0.3585 0.1891
vt 0.3577 0.1813
vt 0.3483 0.1819
vt 0.3468 0.1703
vt 0.3563 0.1697
vt 0.3556 0.1650
vt 0.3461 0.1656
vt 0.4555 0.1647
vt 0.4570 0.1553
vt 0.4508 0.1555
vt 0.4494 0.1647
vt 0.6319 0.1499
vt 0.6308 0.1380
vt 0.6442 0.1367
vt 0.6444 0.1488
vt 0.3320 0.0908
vt 0.3421 0.0906
vt 0.3405 0.0808
vt 0.3304 0.0810
vt 0.3298 0.0587
vt 0.3397 0.0585
vt 0.3400 0.0533
vt 0.3300 0.0536
vt 0.4084 0.3177
vt 0.4066 0.3265
vt 0.4113 0.3268
vt 0.4130 0.3180
vt 0.6401 0.2115
vt 0.6266 0.2123
vt 0.6262 0.2047
vt 0.6397 0.2038
vt 0.6378 0.1921
vt 0.6245 0.1931
vt 0.6237 0.1883
vt 0.6368 0.1873
vt 0.3920 0.1538
vt 0.3989 0.1526
vt 0.3982 0.1448
vt 0.3898 0.1461
vt 0.2963 0.1346
vt 0.2951 0.1248
vt 0.2840 0.1258
vt 0.2851 0.1353
vt 0.6254 0.1014
vt 0.6111 0.1024
vt 0.6090 0.0908
vt 0.6235 0.0900
vt 0.6205 0.0627
vt 0.6060 0.0629
vt 0.6058 0.0562
vt 0.6203 0.0561
vt 0.6521 0.2110
vt 0.6517 0.2032
vt 0.6498 0.1912
vt 0.6488 0.1864
vt 0.4067 0.1260
vt 0.4057 0.1168
vt 0.4020 0.1172
vt 0.4033 0.1275
vt 0.6390 0.1007
vt 0.6372 0.0895
vt 0.6339 0.0625
vt 0.6334 0.0560
vt 0.3123 0.1899
vt 0.3265 0.1902
vt 0.3263 0.1827
vt 0.3125 0.1825
vt 0.3121 0.1710
vt 0.3251 0.1711
vt 0.3246 0.1664
vt 0.3117 0.1663
vt 0.3008 0.0924
vt 0.3112 0.0916
vt 0.3092 0.0818
vt 0.2992 0.0828
vt 0.2966 0.0613
vt 0.3081 0.0599
vt 0.3078 0.0549
vt 0.2960 0.0563
vt 0.6911 0.2095
vt 0.6843 0.2098
vt 0.6840 0.2016
vt 0.6909 0.2013
vt 0.6910 0.1890
vt 0.6838 0.1894
vt 0.6837 0.1844
vt 0.6911 0.1840
vt 0.6912 0.1767
vt 0.6837 0.1771
vt 0.6836 0.1683
vt 0.6914 0.1680
vt 0.6174 0.1395
vt 0.6188 0.1513
vt 0.6910 0.0994
vt 0.6821 0.0996
vt 0.6806 0.0885
vt 0.6897 0.0883
vt 0.6866 0.0610
vt 0.6770 0.0613
vt 0.6762 0.0547
vt 0.6857 0.0544
vt 0.3674 0.1884
vt 0.3761 0.1877
vt 0.3750 0.1799
vt 0.3665 0.1807
vt 0.3650 0.1689
vt 0.3732 0.1680
vt 0.3725 0.1633
vt 0.3643 0.1642
vt 0.2863 0.1602
vt 0.2983 0.1595
vt 0.2979 0.1513
vt 0.2866 0.1529
vt 0.3518 0.0904
vt 0.3609 0.0903
vt 0.3599 0.0807
vt 0.3505 0.0808
vt 0.3495 0.0586
vt 0.3592 0.0587
vt 0.3595 0.0534
vt 0.3499 0.0533
vt 0.2978 0.1892
vt 0.2983 0.1821
vt 0.2986 0.1710
vt 0.2986 0.1664
vt 0.6355 0.1802
vt 0.6224 0.1813
vt 0.6206 0.1731
vt 0.6335 0.1720
vt 0.7159 0.1326
vt 0.7158 0.1411
vt 0.7108 0.1453
vt 0.7111 0.1336
vt 0.2907 0.0937
vt 0.2894 0.0844
vt 0.2864 0.0629
vt 0.2857 0.0579
vt 0.4115 0.3011
vt 0.4100 0.3093
vt 0.4146 0.3097
vt 0.4161 0.3020
vt 0.6774 0.2100
vt 0.6704 0.2103
vt 0.6700 0.2023
vt 0.6771 0.2020
vt 0.6765 0.1898
vt 0.6689 0.1901
vt 0.6684 0.1851
vt 0.6762 0.1848
vt 0.7059 0.1759
vt 0.7054 0.1833
vt 0.6982 0.1837
vt 0.6984 0.1764
vt 0.6730 0.0997
vt 0.6635 0.0999
vt 0.6616 0.0889
vt 0.6713 0.0887
vt 0.6674 0.0616
vt 0.6576 0.0620
vt 0.6567 0.0555
vt 0.6665 0.0551
vt 0.6621 0.2105
vt 0.6618 0.2026
vt 0.6601 0.1906
vt 0.6593 0.1857
vt 0.6586 0.1783
vt 0.6477 0.1792
vt 0.6457 0.1708
vt 0.6572 0.1695
vt 0.3970 0.1181
vt 0.3996 0.1333
vt 0.6518 0.0999
vt 0.6501 0.0889
vt 0.6462 0.0624
vt 0.6456 0.0565
vt 0.2708 0.1863
vt 0.2838 0.1879
vt 0.2845 0.1811
vt 0.2717 0.1797
vt 0.2735 0.1699
vt 0.2856 0.1707
vt 0.2860 0.1664
vt 0.2742 0.1660
vt 0.2696 0.0980
vt 0.2803 0.0957
vt 0.2791 0.0865
vt 0.2684 0.0889
vt 0.2649 0.0675
vt 0.2761 0.0650
vt 0.2751 0.0599
vt 0.2639 0.0624
vt 0.3922 0.3766
vt 0.3965 0.3777
vt 0.3984 0.3665
vt 0.3939 0.3656
vt 0.7222 0.2079
vt 0.7139 0.2083
vt 0.7135 0.2003
vt 0.7217 0.1999
vt 0.7205 0.1878
vt 0.7128 0.1881
vt 0.7127 0.1831
vt 0.7200 0.1829
vt 0.4148 0.2014
vt 0.4207 0.2011
vt 0.4196 0.1922
vt 0.4137 0.1927
vt 0.3080 0.1343
vt 0.3065 0.1246
vt 0.7241 0.0985
vt 0.7184 0.0987
vt 0.7182 0.0877
vt 0.7241 0.0874
vt 0.7231 0.0611
vt 0.7168 0.0612
vt 0.7161 0.0551
vt 0.7220 0.0551
vt 0.3849 0.1869
vt 0.3936 0.1860
vt 0.3919 0.1777
vt 0.3835 0.1789
vt 0.3811 0.1670
vt 0.3887 0.1658
vt 0.3875 0.1611
vt 0.3801 0.1623
vt 0.3694 0.0900
vt 0.3775 0.0896
vt 0.3769 0.0805
vt 0.3687 0.0807
vt 0.3681 0.0589
vt 0.3765 0.0591
vt 0.3765 0.0538
vt 0.3683 0.0536
vt 0.3991 0.0731
vt 0.4036 0.0736
vt 0.4031 0.0674
vt 0.3987 0.0669
vt 0.7179 0.4290
vt 0.7263 0.4207
vt 0.7302 0.4261
vt 0.7216 0.4324
vt 0.3834 0.0727
vt 0.3892 0.0728
vt 0.3890 0.0660
vt 0.3833 0.0658
vt 0.6564 0.1357
vt 0.6564 0.1478
vt 0.3382 0.1900
vt 0.3377 0.1824
vt 0.3363 0.1708
vt 0.3357 0.1661
vt 0.3786 0.1557
vt 0.3858 0.1544
vt 0.7209 0.1327
vt 0.7246 0.1329
vt 0.7256 0.1433
vt 0.7198 0.1448
vt 0.3217 0.0912
vt 0.3200 0.0813
vt 0.3194 0.0591
vt 0.3194 0.0540
vt 0.4171 0.1614
vt 0.4173 0.1574
vt 0.3995 0.2735
vt 0.4058 0.2727
vt 0.4069 0.2646
vt 0.4003 0.2649
vt 0.4010 0.2563
vt 0.4076 0.2563
vt 0.4083 0.2476
vt 0.4017 0.2475
vt 0.4022 0.2386
vt 0.4089 0.2387
vt 0.4094 0.2295
vt 0.4027 0.2294
vt 0.4023 0.2023
vt 0.4086 0.2017
vt 0.4076 0.1932
vt 0.4014 0.1938
vt 0.3999 0.1854
vt 0.4061 0.1848
vt 0.4041 0.1762
vt 0.3980 0.1769
vt 0.3949 0.1648
vt 0.4007 0.1633
vt 0.3995 0.1581
vt 0.3936 0.1602
vt 0.3841 0.0898
vt 0.3898 0.0892
vt 0.3894 0.0806
vt 0.3836 0.0808
vt 0.3831 0.0599
vt 0.3887 0.0602
vt 0.3884 0.0551
vt 0.3830 0.0555
vt 0.7356 0.4134
vt 0.7397 0.4217
vt 0.3085 0.0732
vt 0.3196 0.0726
vt 0.3196 0.0652
vt 0.3086 0.0659
vt 0.2780 0.0782
vt 0.2883 0.0760
vt 0.2873 0.0689
vt 0.2770 0.0711
vt 0.6856 0.1348
vt 0.6942 0.1346
vt 0.6940 0.1461
vt 0.6855 0.1465
vt 0.3683 0.0724
vt 0.3767 0.0725
vt 0.3765 0.0654
vt 0.3681 0.0651
vt 0.7241 0.0773
vt 0.7180 0.0776
vt 0.7175 0.0687
vt 0.7238 0.0685
vt 0.2672 0.0808
vt 0.2660 0.0736
vt 0.6484 0.0789
vt 0.6360 0.0793
vt 0.6348 0.0702
vt 0.6472 0.0700
vt 0.6698 0.0785
vt 0.6600 0.0787
vt 0.6587 0.0697
vt 0.6685 0.0694
vt 0.2980 0.0744
vt 0.2972 0.0672
vt 0.3497 0.0723
vt 0.3594 0.0723
vt 0.3592 0.0650
vt 0.3495 0.0648
vt 0.6886 0.0780
vt 0.6793 0.0782
vt 0.6781 0.0691
vt 0.6876 0.0689
vt 0.6222 0.0797
vt 0.6213 0.0705
vt 0.6076 0.0802
vt 0.6066 0.0709
vt 0.3300 0.0722
vt 0.3398 0.0722
vt 0.3397 0.0647
vt 0.3299 0.0648
vt 0.3162 0.1138
vt 0.3265 0.1130
vt 0.3239 0.1018
vt 0.3133 0.1023
vt 0.2828 0.1158
vt 0.2936 0.1145
vt 0.2921 0.1039
vt 0.2816 0.1056
vt 0.7241 0.1212
vt 0.7199 0.1215
vt 0.7190 0.1101
vt 0.7242 0.1099
vt 0.2722 0.1175
vt 0.2708 0.1076
vt 0.6555 0.1234
vt 0.6428 0.1246
vt 0.6411 0.1124
vt 0.6538 0.1115
vt 0.6760 0.1232
vt 0.6667 0.1233
vt 0.6653 0.1114
vt 0.6746 0.1113
vt 0.3046 0.1138
vt 0.3027 0.1029
vt 0.6932 0.1230
vt 0.6848 0.1230
vt 0.6836 0.1112
vt 0.6922 0.1111
vt 0.6291 0.1258
vt 0.6273 0.1134
vt 0.6154 0.1273
vt 0.6133 0.1147
vt 0.3364 0.1123
vt 0.3459 0.1120
vt 0.3439 0.1010
vt 0.3341 0.1013
vt 0.4022 0.0622
vt 0.4012 0.0579
vt 0.3967 0.4455
vt 0.3928 0.4017
vt 0.3957 0.4033
vt 0.4047 0.3358
vt 0.4026 0.3456
vt 0.4071 0.3460
vt 0.4093 0.3361
vt 0.3965 0.3777
vt 0.3946 0.3893
vt 0.3987 0.3905
vt 0.4007 0.3786
vt 0.4004 0.3558
vt 0.3984 0.3665
vt 0.4026 0.3672
vt 0.4048 0.3564
vt 0.4232 0.2722
vt 0.4244 0.2642
vt 0.4262 0.2001
vt 0.4251 0.1915
vt 0.2983 0.1595
vt 0.3109 0.1594
vt 0.7370 0.3325
vt 0.7388 0.3453
vt 0.7409 0.3595
vt 0.7430 0.3744
vt 0.7452 0.3890
vt 0.7179 0.3151
vt 0.7188 0.3241
vt 0.7110 0.3215
vt 0.7101 0.3128
vt 0.7162 0.3017
vt 0.7170 0.3077
vt 0.7093 0.3059
vt 0.7087 0.3005
vt 0.7354 0.3215
vt 0.7134 0.2815
vt 0.7142 0.2869
vt 0.7069 0.2878
vt 0.7062 0.2824
vt 0.7063 0.0611
vt 0.7070 0.0689
vt 0.6972 0.0688
vt 0.6962 0.0609
vt 0.4049 0.1070
vt 0.4043 0.0978
vt 0.7078 0.0779
vt 0.7084 0.0881
vt 0.6989 0.0882
vt 0.6980 0.0779
vt 0.7085 0.1568
vt 0.7067 0.1669
vt 0.6988 0.1676
vt 0.7005 0.1576
vt 0.7091 0.0993
vt 0.7098 0.1113
vt 0.7007 0.1111
vt 0.6998 0.0994
vt 0.3810 0.1302
vt 0.3867 0.1299
vt 0.3854 0.1207
vt 0.3787 0.1222
vt 0.7056 0.2087
vt 0.7060 0.2168
vt 0.6985 0.2172
vt 0.6981 0.2091
vt 0.7051 0.1925
vt 0.7054 0.2006
vt 0.6980 0.2010
vt 0.6980 0.1928
vt 0.7066 0.2248
vt 0.7072 0.2327
vt 0.6998 0.2332
vt 0.6991 0.2252
vt 0.7099 0.2553
vt 0.7108 0.2624
vt 0.7035 0.2629
vt 0.7025 0.2558
vt 0.4030 0.2202
vt 0.4096 0.2200
vt 0.4094 0.2104
vt 0.4028 0.2112
vt 0.7117 0.2692
vt 0.7126 0.2756
vt 0.7053 0.2762
vt 0.7044 0.2697
vt 0.4000 0.3353
vt 0.4047 0.3358
vt 0.4066 0.3265
vt 0.4018 0.3261
vt 0.4036 0.3173
vt 0.4084 0.3177
vt 0.4100 0.3093
vt 0.4051 0.3086
vt 0.7064 0.4360
vt 0.6995 0.4463
vt 0.3868 0.4131
vt 0.4140 0.2561
vt 0.4204 0.2560
vt 0.4211 0.2475
vt 0.4148 0.2476
vt 0.7140 0.4256
vt 0.7221 0.4157
vt 0.4425 0.6684
vt 0.3944 0.0729
vt 0.3941 0.0665
vt 0.3950 0.0887
vt 0.3946 0.0804
vt 0.7310 0.4057
vt 0.4082 0.1511
vt 0.4145 0.1499
vt 0.4121 0.1425
vt 0.4050 0.1441
vt 0.4018 0.2989
vt 0.4037 0.2930
vt 0.3997 0.2921
vt 0.3978 0.2959
vt 0.3887 0.3999
vt 0.3928 0.4017
vt 0.3946 0.3893
vt 0.3904 0.3880
vt 0.4122 0.1841
vt 0.4101 0.1754
vt 0.4658 0.6059
vt 0.4658 0.5987
vt 0.4609 0.6059
vt 0.4609 0.5987
vt 0.4550 0.6586
vt 0.4550 0.6576
vt 0.4711 0.6576
vt 0.4711 0.6586
vt 0.5505 0.6714
vt 0.5373 0.6714
vt 0.4875 0.6714
vt 0.5042 0.6714
vt 0.5207 0.6714
vt 0.7081 0.2404
vt 0.7089 0.2480
vt 0.7015 0.2485
vt 0.7006 0.2410
vt 0.4777 0.5021
vt 0.4777 0.4943
vt 0.4658 0.4786
vt 0.4658 0.5528
vt 0.4658 0.5463
vt 0.4658 0.6211
vt 0.4658 0.6132
vt 0.4658 0.5916
vt 0.4777 0.4786
vt 0.4777 0.4706
vt 0.4777 0.5310
vt 0.4777 0.5242
vt 0.4609 0.5916
vt 0.4609 0.5845
vt 0.4609 0.6211
vt 0.4609 0.6132
vt 0.4996 0.5242
vt 0.4996 0.5310
vt 0.4914 0.4943
vt 0.4996 0.4943
vt 0.4609 0.5770
vt 0.4285 0.2391
vt 0.4295 0.2412
vt 0.4297 0.2333
vt 0.4287 0.2304
vt 0.4281 0.2215
vt 0.4292 0.2251
vt 0.4609 0.5606
vt 0.4609 0.5689
vt 0.4609 0.5242
vt 0.4609 0.5310
vt 0.4425 0.6576
vt 0.4609 0.5463
vt 0.4609 0.5528
vt 0.4658 0.5097
vt 0.4658 0.5021
vt 0.4996 0.5097
vt 0.4996 0.5021
vt 0.4996 0.5916
vt 0.4996 0.6059
vt 0.4996 0.5987
vt 0.4996 0.6211
vt 0.4996 0.6132
vt 0.4115 0.3011
vt 0.4132 0.2943
vt 0.4086 0.2939
vt 0.4068 0.2999
vt 0.5505 0.6747
vt 0.5373 0.6747
vt 0.4875 0.6747
vt 0.5042 0.6747
vt 0.4425 0.6714
vt 0.5207 0.6747
vt 0.4425 0.6747
vt 0.3110 0.3936
vt 0.3124 0.3836
vt 0.3135 0.3741
vt 0.3084 0.3160
vt 0.6272 0.3105
vt 0.2432 0.2767
vt 0.2923 0.3293
vt 0.2936 0.3384
vt 0.2933 0.3470
vt 0.2751 0.4260
vt 0.6382 0.3838
vt 0.6431 0.3716
vt 0.6321 0.3963
vt 0.2722 0.2983
vt 0.6257 0.4084
vt 0.6194 0.4197
vt 0.3040 0.4823
vt 0.3077 0.4818
vt 0.2952 0.4834
vt 0.2999 0.4828
vt 0.3181 0.4810
vt 0.3218 0.4807
vt 0.2898 0.4840
vt 0.3113 0.4815
vt 0.3147 0.4812
vt 0.4777 0.4943
vt 0.4036 0.1487
vt 0.4024 0.1436
vt 0.4281 0.2215
vt 0.4273 0.2086
vt 0.7483 0.4091
vt 0.7497 0.4192
vt 0.7468 0.3991
vt 0.3165 0.6733
vt 0.3251 0.6730
vt 0.7056 0.0545
vt 0.6954 0.0543
vt 0.3194 0.0493
vt 0.3076 0.0502
vt 0.3881 0.0505
vt 0.3829 0.0522
vt 0.3964 0.0528
vt 0.3925 0.0517
vt 0.6754 0.0487
vt 0.6849 0.0486
vt 0.3599 0.0487
vt 0.3503 0.0486
vt 0.2742 0.0553
vt 0.2628 0.0577
vt 0.7158 0.0498
vt 0.7205 0.0511
vt 0.2954 0.0516
vt 0.6560 0.0497
vt 0.6658 0.0491
vt 0.3767 0.0490
vt 0.3686 0.0488
vt 0.3404 0.0486
vt 0.3303 0.0488
vt 0.6202 0.0501
vt 0.6331 0.0501
vt 0.6058 0.0501
vt 0.2849 0.0533
vt 0.6453 0.0524
vt 0.6945 0.0483
vt 0.7051 0.0481
vt 0.4000 0.0540
vt 0.6674 0.1472
vt 0.6766 0.1469
vt 0.6758 0.1588
vt 0.6669 0.1591
vt 0.3550 0.1118
vt 0.3634 0.1115
vt 0.3622 0.1006
vt 0.3534 0.1009
vt 0.3646 0.1222
vt 0.3569 0.1227
vt 0.7151 0.1492
vt 0.7141 0.1574
vt 0.7085 0.1568
vt 0.7108 0.1453
vt 0.3869 0.8880
vt 0.3985 0.8896
vt 0.3948 0.8936
vt 0.3844 0.8922
vt 0.7026 0.1454
vt 0.2545 0.9121
vt 0.2549 0.9042
vt 0.2589 0.9008
vt 0.2576 0.9079
vt 0.6924 0.1580
vt 0.6843 0.1584
vt 0.3043 0.9239
vt 0.2959 0.9245
vt 0.2958 0.9203
vt 0.3041 0.9201
vt 0.3516 0.9193
vt 0.3431 0.9187
vt 0.3433 0.9158
vt 0.3518 0.9162
vt 0.3814 0.1385
vt 0.3881 0.1382
vt 0.4092 0.1346
vt 0.4037 0.1358
vt 0.3195 0.9126
vt 0.3195 0.9219
vt 0.3189 0.9185
vt 0.3181 0.9092
vt 0.2971 0.1438
vt 0.2859 0.1448
vt 0.7198 0.1448
vt 0.7199 0.1560
vt 0.2746 0.1362
vt 0.2753 0.1455
vt 0.6563 0.1595
vt 0.6564 0.1478
vt 0.2872 0.9247
vt 0.2871 0.9201
vt 0.3609 0.9200
vt 0.3611 0.9165
vt 0.3213 0.1290
vt 0.6326 0.1619
vt 0.6449 0.1608
vt 0.6199 0.1630
vt 0.3851 0.1102
vt 0.3854 0.1207
vt 0.3917 0.1195
vt 0.3909 0.1088
vt 0.6768 0.1350
vt 0.6677 0.1352
vt 0.3397 0.1244
vt 0.3486 0.1234
vt 0.7029 0.1342
vt 0.3305 0.1259
vt 0.3265 0.1130
vt 0.7029 0.1342
vt 0.6942 0.1346
vt 0.6932 0.1230
vt 0.7018 0.1229
vt 0.3931 0.1297
vt 0.3917 0.1195
vt 0.2735 0.1270
vt 0.2840 0.1258
vt 0.3955 0.1371
vt 0.4002 0.1389
vt 0.4012 0.1388
vt 0.7102 0.1228
vt 0.7018 0.1229
vt 0.3705 0.1003
vt 0.3711 0.1112
vt 0.3785 0.1107
vt 0.3783 0.0997
vt 0.3847 0.0996
vt 0.3851 0.1102
vt 0.2779 0.9243
vt 0.2780 0.9195
vt 0.3237 0.1596
vt 0.4914 0.5412
vt 0.4914 0.5463
vt 0.3481 0.2957
vt 0.3451 0.2915
vt 0.3904 0.0986
vt 0.7143 0.1107
vt 0.7153 0.1223
vt 0.3710 0.9205
vt 0.3711 0.9165
vt 0.2850 0.8899
vt 0.2943 0.8900
vt 0.2958 0.8937
vt 0.2867 0.8937
vt 0.3717 0.1219
vt 0.3711 0.1112
vt 0.2680 0.9232
vt 0.2686 0.9186
vt 0.7109 0.0548
vt 0.7106 0.0488
vt 0.7114 0.0612
vt 0.7164 0.2399
vt 0.7172 0.2475
vt 0.7199 0.2688
vt 0.7207 0.2753
vt 0.7181 0.2548
vt 0.7190 0.2620
vt 0.7149 0.2243
vt 0.7156 0.2322
vt 0.7130 0.1921
vt 0.7135 0.2003
vt 0.7139 0.2083
vt 0.7144 0.2163
vt 0.7137 0.0991
vt 0.7129 0.1669
vt 0.7128 0.0777
vt 0.7132 0.0879
vt 0.7122 0.0688
vt 0.7216 0.2813
vt 0.7223 0.2867
vt 0.7242 0.3006
vt 0.7250 0.3063
vt 0.7259 0.3135
vt 0.6679 0.1778
vt 0.6670 0.1691
vt 0.3202 0.1344
vt 0.3080 0.1343
vt 0.3085 0.1427
vt 0.3221 0.1408
vt 0.3818 0.9205
vt 0.3816 0.9162
vt 0.6980 0.0779
vt 0.6998 0.0994
vt 0.6989 0.0882
vt 0.6981 0.1887
vt 0.6982 0.1837
vt 0.6981 0.2091
vt 0.6980 0.2010
vt 0.3920 0.1538
vt 0.3328 0.8677
vt 0.3224 0.8677
vt 0.3225 0.8672
vt 0.3327 0.8671
vt 0.7006 0.2410
vt 0.6998 0.2332
vt 0.7025 0.2558
vt 0.7015 0.2485
vt 0.7044 0.2697
vt 0.7035 0.2629
vt 0.7062 0.2824
vt 0.7053 0.2762
vt 0.7101 0.3128
vt 0.7093 0.3059
vt 0.6991 0.2252
vt 0.6985 0.2172
vt 0.6984 0.1764
vt 0.6988 0.1676
vt 0.3993 0.2911
vt 0.3986 0.2925
vt 0.7081 0.2962
vt 0.7087 0.3005
vt 0.3844 0.3983
vt 0.3860 0.3866
vt 0.6759 0.1774
vt 0.6755 0.1687
vt 0.3951 0.3348
vt 0.3969 0.3255
vt 0.3876 0.3755
vt 0.3893 0.3647
vt 0.3912 0.3544
vt 0.3932 0.3445
vt 0.3982 0.1448
vt 0.4013 0.1436
vt 0.2757 0.1536
vt 0.2866 0.1529
vt 0.7190 0.1665
vt 0.3881 0.1382
vt 0.5509 0.1547
vt 0.5376 0.1553
vt 0.5364 0.1645
vt 0.5500 0.1638
vt 0.4433 0.1720
vt 0.4440 0.1646
vt 0.4391 0.1644
vt 0.4392 0.1718
vt 0.7127 0.1758
vt 0.7127 0.1831
vt 0.4149 0.1497
vt 0.4124 0.1424
vt 0.7194 0.1755
vt 0.7127 0.1758
vt 0.4485 0.1721
vt 0.4494 0.1647
vt 0.2749 0.1603
vt 0.8189 0.1713
vt 0.8187 0.1639
vt 0.8281 0.1640
vt 0.8281 0.1713
vt 0.4674 0.1721
vt 0.4687 0.1645
vt 0.4622 0.1644
vt 0.4608 0.1721
vt 0.4079 0.1671
vt 0.4019 0.1680
vt 0.3655 0.1729
vt 0.3568 0.1736
vt 0.6769 0.1938
vt 0.6840 0.1935
vt 0.6910 0.1931
vt 0.3821 0.1709
vt 0.3739 0.1720
vt 0.3958 0.1687
vt 0.3901 0.1696
vt 0.7128 0.1881
vt 0.7053 0.1884
vt 0.3475 0.1742
vt 0.3371 0.1747
vt 0.6612 0.1945
vt 0.6697 0.1942
vt 0.6981 0.1887
vt 0.4198 0.1654
vt 0.4139 0.1662
vt 0.3259 0.1750
vt 0.2986 0.1749
vt 0.2851 0.1742
vt 0.7208 0.1919
vt 0.2725 0.1731
vt 0.6511 0.1952
vt 0.3125 0.1748
vt 0.6391 0.1960
vt 0.6255 0.1970
vt 0.4284 0.2154
vt 0.4847 0.4865
vt 0.4718 0.4706
vt 0.4658 0.4706
vt 0.4996 0.4706
vt 0.4996 0.5171
vt 0.4914 0.5171
vt 0.4718 0.5171
vt 0.4658 0.5171
vt 0.4847 0.5171
vt 0.4777 0.5171
vt 0.4249 0.2652
vt 0.4047 0.2810
vt 0.4105 0.2809
vt 0.6930 0.2873
vt 0.6859 0.2869
vt 0.3570 0.2829
vt 0.3664 0.2828
vt 0.7000 0.2876
vt 0.3752 0.2825
vt 0.3837 0.2822
vt 0.3921 0.2821
vt 0.3989 0.2821
vt 0.6785 0.2865
vt 0.6691 0.2854
vt 0.3338 0.2798
vt 0.3464 0.2822
vt 0.4609 0.5171
vt 0.4658 0.5171
vt 0.4161 0.2804
vt 0.4210 0.2799
vt 0.2689 0.2581
vt 0.2857 0.2642
vt 0.3032 0.2704
vt 0.3201 0.2758
vt 0.6437 0.2843
vt 0.6284 0.2843
vt 0.2533 0.2527
vt 0.6575 0.2852
vt 0.7304 0.2862
vt 0.4068 0.2999
vt 0.4018 0.2989
vt 0.3647 0.2980
vt 0.3556 0.2975
vt 0.3824 0.2971
vt 0.3736 0.2978
vt 0.3978 0.2959
vt 0.3907 0.2967
vt 0.4847 0.5528
vt 0.7229 0.2914
vt 0.7148 0.2918
vt 0.4658 0.5363
vt 0.4609 0.5363
vt 0.4718 0.5363
vt 0.7075 0.2922
vt 0.4148 0.2872
vt 0.4192 0.2873
vt 0.4996 0.5363
vt 0.4914 0.5363
vt 0.3498 0.3259
vt 0.3597 0.3259
vt 0.3690 0.3256
vt 0.3779 0.3250
vt 0.3854 0.3246
vt 0.3919 0.3248
vt 0.3247 0.3226
vt 0.3389 0.3247
vt 0.2879 0.5546
vt 0.2860 0.5728
vt 0.2968 0.5868
vt 0.2898 0.6449
vt 0.2914 0.6304
vt 0.2880 0.7154
vt 0.2883 0.7064
vt 0.3050 0.6151
vt 0.2987 0.6736
vt 0.2996 0.6595
vt 0.2979 0.7212
vt 0.2969 0.7305
vt 0.3050 0.6151
vt 0.3031 0.6299
vt 0.3012 0.6448
vt 0.4996 0.6300
vt 0.4914 0.6300
vt 0.4658 0.6300
vt 0.4609 0.6300
vt 0.4718 0.6300
vt 0.4819 0.6300
vt 0.4695 0.6300
vt 0.4695 0.6211
vt 0.4819 0.6211
vt 0.3175 0.5857
vt 0.3173 0.5713
vt 0.3267 0.5531
vt 0.3093 0.7011
vt 0.4639 0.6122
vt 0.4718 0.6122
vt 0.4639 0.6211
vt 0.3229 0.7397
vt 0.3148 0.7377
vt 0.3081 0.7356
vt 0.3023 0.7332
vt 0.2933 0.7090
vt 0.2818 0.7188
vt 0.3698 0.7443
vt 0.3328 0.7416
vt 0.4263 0.7159
vt 0.4326 0.7064
vt 0.2548 0.7017
vt 0.2410 0.6993
vt 0.4143 0.7302
vt 0.4408 0.6957
vt 0.2666 0.7068
vt 0.4206 0.7238
vt 0.2755 0.7131
vt 0.2268 0.6993
vt 0.3161 0.6876
vt 0.4045 0.6888
vt 0.2334 0.6762
vt 0.2432 0.6763
vt 0.2747 0.6578
vt 0.2824 0.6584
vt 0.3578 0.6313
vt 0.3670 0.6318
vt 0.2676 0.6315
vt 0.3879 0.6331
vt 0.3750 0.6322
vt 0.3170 0.5999
vt 0.3223 0.5999
vt 0.3286 0.6000
vt 0.3082 0.5718
vt 0.3129 0.5716
vt 0.3733 0.2969
vt 0.3646 0.2969
vt 0.3557 0.2962
vt 0.3500 0.2958
vt 0.3572 0.2945
vt 0.3576 0.2955
vt 0.3959 0.2955
vt 0.3902 0.2956
vt 0.3820 0.2963
vt 0.3923 0.2938
vt 0.3832 0.2939
vt 0.3828 0.2942
vt 0.3918 0.2942
vt 0.3659 0.2944
vt 0.3657 0.2947
vt 0.3542 0.8615
vt 0.3539 0.8615
vt 0.3501 0.8649
vt 0.3497 0.8627
vt 0.3535 0.8630
vt 0.3507 0.8646
vt 0.3131 0.8664
vt 0.3138 0.8624
vt 0.3233 0.8627
vt 0.3225 0.8672
vt 0.3327 0.8671
vt 0.3332 0.8629
vt 0.3423 0.8631
vt 0.3422 0.8668
vt 0.3077 0.8651
vt 0.3050 0.8631
vt 0.3128 0.8669
vt 0.3075 0.8653
vt 0.3119 0.8534
vt 0.3122 0.8540
vt 0.3424 0.8673
vt 0.3510 0.8646
vt 0.3502 0.8651
vt 0.3065 0.8570
vt 0.3068 0.8571
vt 0.3745 0.2941
vt 0.3741 0.2944
vt 0.4675 0.3029
vt 0.4609 0.3032
vt 0.4613 0.3094
vt 0.4680 0.3092
vt 0.4864 0.5762
vt 0.4864 0.5834
vt 0.4790 0.5834
vt 0.4790 0.5762
vt 0.4777 0.5363
vt 0.4716 0.5906
vt 0.4716 0.5834
vt 0.4790 0.5834
vt 0.4790 0.5906
vt 0.4864 0.6054
vt 0.4864 0.5979
vt 0.4928 0.5979
vt 0.4928 0.6054
vt 0.4864 0.4794
vt 0.4928 0.4794
vt 0.4928 0.4872
vt 0.4864 0.4872
vt 0.4864 0.5468
vt 0.4928 0.5468
vt 0.4928 0.5532
vt 0.4864 0.5532
vt 0.4864 0.6210
vt 0.4864 0.6131
vt 0.4928 0.6131
vt 0.4928 0.6210
vt 0.4864 0.5906
vt 0.4864 0.5834
vt 0.4928 0.5834
vt 0.4928 0.5906
vt 0.5355 0.6836
vt 0.5207 0.6836
vt 0.5207 0.6811
vt 0.5355 0.6811
vt 0.4864 0.5103
vt 0.4864 0.5027
vt 0.4928 0.5027
vt 0.4928 0.5103
vt 0.5058 0.6836
vt 0.4907 0.6836
vt 0.4907 0.6811
vt 0.5058 0.6811
vt 0.4757 0.6836
vt 0.4757 0.6811
vt 0.4481 0.6836
vt 0.4481 0.6811
vt 0.4604 0.6811
vt 0.4604 0.6836
vt 0.4604 0.6800
vt 0.4757 0.6800
vt 0.4757 0.6811
vt 0.4604 0.6811
vt 0.4980 0.4950
vt 0.4928 0.4950
vt 0.4928 0.4872
vt 0.4980 0.4872
vt 0.4980 0.5610
vt 0.4980 0.5692
vt 0.4928 0.5692
vt 0.4928 0.5610
vt 0.4980 0.5762
vt 0.4980 0.5834
vt 0.4928 0.5834
vt 0.4928 0.5762
vt 0.4980 0.5248
vt 0.4980 0.5315
vt 0.4928 0.5315
vt 0.4928 0.5248
vt 0.5058 0.6800
vt 0.5207 0.6800
vt 0.5207 0.6811
vt 0.5058 0.6811
vt 0.5355 0.6800
vt 0.5475 0.6800
vt 0.5475 0.6811
vt 0.5355 0.6811
vt 0.4716 0.4794
vt 0.4716 0.4872
vt 0.4644 0.4872
vt 0.4644 0.4794
vt 0.5058 0.6800
vt 0.4907 0.6800
vt 0.4907 0.6789
vt 0.5058 0.6789
vt 0.4481 0.6800
vt 0.4481 0.6789
vt 0.4604 0.6789
vt 0.4604 0.6800
vt 0.4757 0.6800
vt 0.4757 0.6789
vt 0.4433 0.2337
vt 0.4436 0.2244
vt 0.4381 0.2249
vt 0.4377 0.2340
vt 0.4534 0.1084
vt 0.4538 0.0958
vt 0.4487 0.0958
vt 0.4482 0.1083
vt 0.4431 0.2518
vt 0.4432 0.2428
vt 0.4375 0.2430
vt 0.4374 0.2519
vt 0.4586 0.0498
vt 0.4595 0.0446
vt 0.4554 0.0455
vt 0.4541 0.0501
vt 0.4439 0.2840
vt 0.4435 0.2767
vt 0.4382 0.2767
vt 0.4388 0.2842
vt 0.4716 0.5762
vt 0.4716 0.5834
vt 0.4644 0.5834
vt 0.4644 0.5762
vt 0.4716 0.5610
vt 0.4716 0.5692
vt 0.4644 0.5692
vt 0.4644 0.5610
vt 0.4720 0.4271
vt 0.4698 0.4142
vt 0.4664 0.4160
vt 0.4682 0.4286
vt 0.5355 0.6980
vt 0.5207 0.6980
vt 0.5207 0.6943
vt 0.5355 0.6943
vt 0.4558 0.3560
vt 0.4537 0.3477
vt 0.4499 0.3487
vt 0.4521 0.3571
vt 0.2618 0.6730
vt 0.2615 0.6836
vt 0.2716 0.6865
vt 0.2717 0.6749
vt 0.4173 0.6995
vt 0.4197 0.7083
vt 0.4265 0.7008
vt 0.4238 0.6935
vt 0.2785 0.7177
vt 0.2784 0.7092
vt 0.2723 0.7058
vt 0.2726 0.7137
vt 0.3698 0.6215
vt 0.3718 0.6367
vt 0.3787 0.6372
vt 0.3764 0.6220
vt 0.3766 0.7112
vt 0.3770 0.7243
vt 0.3877 0.7236
vt 0.3867 0.7110
vt 0.2498 0.6894
vt 0.2617 0.6929
vt 0.2615 0.6836
vt 0.2502 0.6811
vt 0.2895 0.7246
vt 0.2841 0.7214
vt 0.2835 0.7294
vt 0.2888 0.7331
vt 0.5595 0.3066
vt 0.5766 0.3007
vt 0.5768 0.2964
vt 0.5578 0.3026
vt 0.3451 0.6504
vt 0.3448 0.6656
vt 0.3559 0.6662
vt 0.3557 0.6510
vt 0.2597 0.6214
vt 0.2687 0.6210
vt 0.2716 0.6068
vt 0.2631 0.6074
vt 0.8504 0.3576
vt 0.8414 0.3611
vt 0.8380 0.3484
vt 0.8466 0.3454
vt 0.2543 0.6480
vt 0.2524 0.6602
vt 0.2627 0.6612
vt 0.2642 0.6483
vt 0.2839 0.6202
vt 0.2903 0.6199
vt 0.2924 0.6053
vt 0.2862 0.6057
vt 0.8771 0.4061
vt 0.8673 0.4103
vt 0.8606 0.3990
vt 0.8703 0.3948
vt 0.2510 0.6713
vt 0.8535 0.3869
vt 0.8630 0.3827
vt 0.5454 0.3149
vt 0.5405 0.3127
vt 0.8468 0.3740
vt 0.8561 0.3701
vt 0.3050 0.6498
vt 0.3033 0.6652
vt 0.3096 0.6652
vt 0.3113 0.6497
vt 0.3348 0.6196
vt 0.3264 0.6192
vt 0.3256 0.6342
vt 0.3348 0.6347
vt 0.3535 0.7360
vt 0.3417 0.7348
vt 0.3413 0.7467
vt 0.3533 0.7480
vt 0.3449 0.6352
vt 0.3441 0.6202
vt 0.3546 0.7099
vt 0.3539 0.7233
vt 0.3656 0.7241
vt 0.3659 0.7107
vt 0.4338 0.6926
vt 0.4309 0.6869
vt 0.2318 0.6694
vt 0.2407 0.6701
vt 0.2428 0.6595
vt 0.2346 0.6588
vt 0.2452 0.6476
vt 0.2428 0.6595
vt 0.3342 0.6499
vt 0.3334 0.6651
vt 0.5417 0.3954
vt 0.5317 0.3993
vt 0.5340 0.4115
vt 0.5444 0.4077
vt 0.4081 0.7282
vt 0.4152 0.7231
vt 0.4130 0.7142
vt 0.4061 0.7184
vt 0.2719 0.6968
vt 0.2799 0.6491
vt 0.2817 0.6347
vt 0.2753 0.6347
vt 0.2736 0.6487
vt 0.3087 0.6191
vt 0.3069 0.6342
vt 0.3131 0.6342
vt 0.3146 0.6191
vt 0.3875 0.6232
vt 0.3851 0.6080
vt 0.3798 0.6075
vt 0.3822 0.6227
vt 0.4053 0.6808
vt 0.4081 0.6930
vt 0.4144 0.6896
vt 0.4113 0.6784
vt 0.4039 0.7075
vt 0.3958 0.7098
vt 0.3976 0.7216
vt 0.4061 0.7184
vt 0.4107 0.7042
vt 0.4173 0.6995
vt 0.3935 0.6534
vt 0.3990 0.6532
vt 0.3957 0.6385
vt 0.3904 0.6383
vt 0.3822 0.6227
vt 0.3848 0.6378
vt 0.3144 0.7316
vt 0.3147 0.7200
vt 0.3080 0.7194
vt 0.3077 0.7305
vt 0.2510 0.6713
vt 0.2223 0.6964
vt 0.2358 0.6984
vt 0.2366 0.6934
vt 0.2245 0.6917
vt 0.2903 0.6789
vt 0.2912 0.6647
vt 0.2850 0.6640
vt 0.2842 0.6778
vt 0.3927 0.6234
vt 0.3902 0.6083
vt 0.4046 0.6525
vt 0.4012 0.6382
vt 0.3737 0.6521
vt 0.3750 0.6675
vt 0.3829 0.6680
vt 0.3810 0.6525
vt 0.3023 0.6800
vt 0.3087 0.6800
vt 0.3220 0.6798
vt 0.3216 0.6942
vt 0.3320 0.6943
vt 0.3326 0.6799
vt 0.2899 0.7043
vt 0.2956 0.7059
vt 0.2959 0.6934
vt 0.2900 0.6922
vt 0.3899 0.6684
vt 0.3875 0.6531
vt 0.2779 0.6764
vt 0.2779 0.6886
vt 0.2841 0.6906
vt 0.2842 0.6778
vt 0.3653 0.6516
vt 0.3661 0.6669
vt 0.3891 0.7352
vt 0.3777 0.7365
vt 0.3789 0.7478
vt 0.3910 0.7458
vt 0.4104 0.6511
vt 0.4140 0.6638
vt 0.4204 0.6606
vt 0.4166 0.6486
vt 0.3964 0.6682
vt 0.3935 0.6534
vt 0.2723 0.6623
vt 0.2736 0.6487
vt 0.2621 0.7009
vt 0.2626 0.7077
vt 0.2781 0.6995
vt 0.2841 0.7021
vt 0.2377 0.6870
vt 0.2366 0.6934
vt 0.2498 0.6964
vt 0.2498 0.6894
vt 0.3991 0.6823
vt 0.4053 0.6808
vt 0.4022 0.6675
vt 0.3964 0.6682
vt 0.3994 0.7323
vt 0.4017 0.7420
vt 0.3307 0.7336
vt 0.3312 0.7212
vt 0.3213 0.7205
vt 0.3210 0.7325
vt 0.2376 0.6469
vt 0.3504 0.5904
vt 0.3518 0.6054
vt 0.3602 0.6057
vt 0.3585 0.5906
vt 0.3677 0.6062
vt 0.3658 0.5910
vt 0.3722 0.5915
vt 0.3742 0.6068
vt 0.3798 0.6075
vt 0.3778 0.5923
vt 0.3620 0.6211
vt 0.3534 0.6207
vt 0.3557 0.6812
vt 0.3552 0.6958
vt 0.3662 0.6967
vt 0.3664 0.6821
vt 0.3420 0.5902
vt 0.3430 0.6050
vt 0.3178 0.6496
vt 0.3163 0.6651
vt 0.3229 0.6650
vt 0.3243 0.6496
vt 0.3938 0.5936
vt 0.3957 0.6085
vt 0.4015 0.6083
vt 0.3996 0.5934
vt 0.5058 0.6909
vt 0.4907 0.6909
vt 0.4907 0.6873
vt 0.5058 0.6873
vt 0.3777 0.7365
vt 0.3770 0.7243
vt 0.3656 0.7241
vt 0.3656 0.7366
vt 0.4039 0.6230
vt 0.4070 0.6374
vt 0.4131 0.6355
vt 0.4100 0.6216
vt 0.4219 0.7161
vt 0.4197 0.7083
vt 0.3017 0.7068
vt 0.3082 0.7073
vt 0.3084 0.6942
vt 0.3020 0.6940
vt 0.2593 0.5932
vt 0.2555 0.6075
vt 0.2631 0.6074
vt 0.2666 0.5929
vt 0.2498 0.6964
vt 0.2499 0.7022
vt 0.3844 0.6831
vt 0.3856 0.6975
vt 0.3941 0.6969
vt 0.3921 0.6831
vt 0.3442 0.6804
vt 0.3436 0.6949
vt 0.3149 0.7076
vt 0.3147 0.7200
vt 0.3213 0.7205
vt 0.3214 0.7077
vt 0.3982 0.6235
vt 0.3957 0.6085
vt 0.4174 0.6751
vt 0.4208 0.6850
vt 0.4276 0.6798
vt 0.4241 0.6710
vt 0.2516 0.6214
vt 0.2448 0.6207
vt 0.2409 0.6341
vt 0.2482 0.6348
vt 0.5355 0.6836
vt 0.5475 0.6836
vt 0.5475 0.6873
vt 0.5355 0.6873
vt 0.4716 0.6210
vt 0.4716 0.6131
vt 0.4790 0.6131
vt 0.4790 0.6210
vt 0.4604 0.6836
vt 0.4757 0.6836
vt 0.4757 0.6873
vt 0.4604 0.6873
vt 0.4481 0.6909
vt 0.4481 0.6873
vt 0.4604 0.6873
vt 0.4604 0.6909
vt 0.3316 0.7081
vt 0.2268 0.6857
vt 0.3991 0.6823
vt 0.4016 0.6954
vt 0.3883 0.5934
vt 0.2927 0.6497
vt 0.2989 0.6498
vt 0.3008 0.6343
vt 0.2946 0.6345
vt 0.4288 0.7071
vt 0.4363 0.6971
vt 0.4716 0.5103
vt 0.4716 0.5027
vt 0.4790 0.5027
vt 0.4790 0.5103
vt 0.5058 0.6836
vt 0.5207 0.6836
vt 0.5207 0.6873
vt 0.5058 0.6873
vt 0.4757 0.6909
vt 0.4757 0.6873
vt 0.5355 0.6909
vt 0.5207 0.6909
vt 0.5207 0.6873
vt 0.5355 0.6873
vt 0.3267 0.5898
vt 0.3267 0.6043
vt 0.3344 0.6047
vt 0.3338 0.5900
vt 0.3778 0.5923
vt 0.3831 0.5929
vt 0.3814 0.5782
vt 0.3760 0.5775
vt 0.3831 0.5929
vt 0.2883 0.5911
vt 0.2824 0.5914
vt 0.2800 0.6060
vt 0.2862 0.6057
vt 0.4075 0.6072
vt 0.4056 0.5924
vt 0.2528 0.5928
vt 0.2488 0.6069
vt 0.2745 0.5922
vt 0.2824 0.5914
vt 0.2848 0.5756
vt 0.2774 0.5765
vt 0.2666 0.5929
vt 0.2699 0.5776
vt 0.3994 0.7323
vt 0.3327 0.5552
vt 0.3333 0.5748
vt 0.3411 0.5750
vt 0.3402 0.5554
vt 0.3623 0.5569
vt 0.3641 0.5760
vt 0.3704 0.5767
vt 0.3684 0.5578
vt 0.2874 0.5554
vt 0.2898 0.5308
vt 0.2835 0.5315
vt 0.2805 0.5562
vt 0.3795 0.5594
vt 0.3774 0.5353
vt 0.3719 0.5347
vt 0.3740 0.5587
vt 0.3760 0.5775
vt 0.3740 0.5587
vt 0.2768 0.5325
vt 0.2734 0.5574
vt 0.3905 0.5598
vt 0.3922 0.5787
vt 0.3981 0.5785
vt 0.3964 0.5593
vt 0.3262 0.5550
vt 0.3264 0.5746
vt 0.3215 0.5550
vt 0.3213 0.5306
vt 0.3170 0.5306
vt 0.3169 0.5550
vt 0.4041 0.5773
vt 0.4023 0.5580
vt 0.3492 0.5752
vt 0.3480 0.5557
vt 0.3122 0.5549
vt 0.3127 0.5305
vt 0.3084 0.5305
vt 0.3076 0.5549
vt 0.2601 0.5591
vt 0.2564 0.5783
vt 0.2629 0.5783
vt 0.2666 0.5586
vt 0.3570 0.5755
vt 0.3555 0.5561
vt 0.2699 0.5776
vt 0.2734 0.5574
vt 0.3752 0.5096
vt 0.3698 0.5092
vt 0.3643 0.5086
vt 0.3663 0.5339
vt 0.2863 0.5066
vt 0.2800 0.5073
vt 0.3865 0.5095
vt 0.3886 0.5354
vt 0.3946 0.5348
vt 0.3926 0.5089
vt 0.3253 0.5049
vt 0.3257 0.5306
vt 0.3321 0.5307
vt 0.3315 0.5050
vt 0.3212 0.5050
vt 0.3171 0.5050
vt 0.4006 0.5335
vt 0.3986 0.5078
vt 0.3385 0.5054
vt 0.3393 0.5310
vt 0.3467 0.5314
vt 0.3456 0.5061
vt 0.3131 0.5051
vt 0.3091 0.5052
vt 0.2671 0.5081
vt 0.2637 0.5343
vt 0.2702 0.5337
vt 0.2735 0.5079
vt 0.3539 0.5320
vt 0.3525 0.5069
vt 0.3604 0.5329
vt 0.3587 0.5078
vt 0.2921 0.5059
vt 0.3838 0.4912
vt 0.3898 0.4907
vt 0.3256 0.4867
vt 0.3316 0.4868
vt 0.3216 0.4868
vt 0.3176 0.4869
vt 0.3959 0.4896
vt 0.3383 0.4872
vt 0.3452 0.4880
vt 0.3138 0.4870
vt 0.3101 0.4872
vt 0.2695 0.4894
vt 0.2760 0.4898
vt 0.3516 0.4890
vt 0.2823 0.4896
vt 0.3573 0.4899
vt 0.3626 0.4907
vt 0.2940 0.4885
vt 0.2884 0.4891
vt 0.3729 0.4913
vt 0.3678 0.4911
vt 0.3880 0.4830
vt 0.3940 0.4816
vt 0.3385 0.4787
vt 0.3452 0.4800
vt 0.2709 0.4811
vt 0.2773 0.4820
vt 0.3513 0.4811
vt 0.2835 0.4820
vt 0.3568 0.4821
vt 0.3317 0.4787
vt 0.3618 0.4830
vt 0.3668 0.4833
vt 0.3821 0.4835
vt 0.3258 0.4789
vt 0.5296 0.3465
vt 0.5213 0.3485
vt 0.5220 0.3567
vt 0.5304 0.3540
vt 0.3430 0.7088
vt 0.3423 0.7222
vt 0.4107 0.7042
vt 0.5319 0.3315
vt 0.5222 0.3322
vt 0.5215 0.3404
vt 0.5301 0.3390
vt 0.4864 0.5610
vt 0.4864 0.5692
vt 0.4790 0.5692
vt 0.4790 0.5610
vt 0.2567 0.6350
vt 0.2597 0.6214
vt 0.3109 0.5899
vt 0.3100 0.6043
vt 0.3156 0.6043
vt 0.3162 0.5899
vt 0.4716 0.4794
vt 0.4716 0.4714
vt 0.4790 0.4714
vt 0.4790 0.4794
vt 0.3214 0.5898
vt 0.3267 0.5898
vt 0.3264 0.5746
vt 0.3215 0.5746
vt 0.3795 0.5594
vt 0.3814 0.5782
vt 0.3867 0.5786
vt 0.3848 0.5598
vt 0.3828 0.5355
vt 0.3807 0.5097
vt 0.3781 0.4914
vt 0.3717 0.4835
vt 0.3766 0.4836
vt 0.3206 0.6191
vt 0.3194 0.6342
vt 0.3759 0.6828
vt 0.3763 0.6974
vt 0.4716 0.4950
vt 0.4790 0.4950
vt 0.4716 0.6054
vt 0.4716 0.5979
vt 0.4790 0.5979
vt 0.4790 0.6054
vt 0.2946 0.5308
vt 0.2965 0.5057
vt 0.3028 0.5550
vt 0.3014 0.5749
vt 0.3066 0.5747
vt 0.3076 0.5549
vt 0.3000 0.5904
vt 0.2985 0.6049
vt 0.3043 0.6045
vt 0.3056 0.5901
vt 0.3040 0.5305
vt 0.3051 0.5053
vt 0.3009 0.5055
vt 0.2994 0.5306
vt 0.2926 0.5552
vt 0.2904 0.5754
vt 0.2959 0.5752
vt 0.2978 0.5551
vt 0.2982 0.4881
vt 0.3062 0.4874
vt 0.3023 0.4877
vt 0.4716 0.5248
vt 0.4790 0.5248
vt 0.4790 0.5315
vt 0.4716 0.5315
vt 0.8026 0.4076
vt 0.7979 0.4108
vt 0.7890 0.3999
vt 0.7944 0.3955
vt 0.5661 0.2104
vt 0.5654 0.2030
vt 0.5508 0.2042
vt 0.5513 0.2117
vt 0.5369 0.2129
vt 0.5367 0.2053
vt 0.5233 0.2062
vt 0.5233 0.2140
vt 0.7804 0.3351
vt 0.7718 0.3367
vt 0.7719 0.3236
vt 0.7803 0.3221
vt 0.4608 0.3381
vt 0.4562 0.3388
vt 0.4579 0.3468
vt 0.4625 0.3460
vt 0.4778 0.4112
vt 0.4735 0.4126
vt 0.4759 0.4257
vt 0.4803 0.4243
vt 0.8177 0.4301
vt 0.8136 0.4320
vt 0.8062 0.4215
vt 0.8106 0.4190
vt 0.4753 0.3987
vt 0.4714 0.4002
vt 0.4728 0.3895
vt 0.4687 0.3906
vt 0.4683 0.3715
vt 0.4640 0.3725
vt 0.4663 0.3814
vt 0.4705 0.3805
vt 0.7723 0.3125
vt 0.7804 0.3110
vt 0.7856 0.3810
vt 0.7783 0.3862
vt 0.7736 0.3670
vt 0.7834 0.3650
vt 0.7814 0.3496
vt 0.7724 0.3514
vt 0.8487 0.2108
vt 0.8487 0.2034
vt 0.8623 0.2031
vt 0.8624 0.2103
vt 0.5806 0.2089
vt 0.5798 0.2017
vt 0.4644 0.3542
vt 0.4599 0.3551
vt 0.4619 0.3636
vt 0.4663 0.3628
vt 0.4205 0.7384
vt 0.4269 0.7299
vt 0.4241 0.7232
vt 0.4175 0.7311
vt 0.4135 0.7451
vt 0.4105 0.7370
vt 0.3012 0.7290
vt 0.3015 0.7185
vt 0.2954 0.7171
vt 0.2951 0.7271
vt 0.4044 0.7509
vt 0.4017 0.7420
vt 0.4046 0.6525
vt 0.4080 0.6661
vt 0.3417 0.7348
vt 0.3535 0.7360
vt 0.3698 0.6215
vt 0.2776 0.6205
vt 0.2800 0.6060
vt 0.2173 0.7036
vt 0.2336 0.7057
vt 0.2349 0.7025
vt 0.2200 0.7002
vt 0.3548 0.6358
vt 0.3534 0.6207
vt 0.4333 0.7192
vt 0.4406 0.7049
vt 0.4385 0.7011
vt 0.4309 0.7131
vt 0.2967 0.6196
vt 0.2985 0.6049
vt 0.3298 0.7561
vt 0.3302 0.7452
vt 0.3206 0.7437
vt 0.3200 0.7541
vt 0.3982 0.6235
vt 0.4012 0.6382
vt 0.2708 0.7274
vt 0.2724 0.7208
vt 0.2628 0.7136
vt 0.2622 0.7187
vt 0.2990 0.7474
vt 0.3005 0.7387
vt 0.2943 0.7362
vt 0.2926 0.7443
vt 0.3130 0.7521
vt 0.3139 0.7423
vt 0.3071 0.7406
vt 0.3059 0.7499
vt 0.5128 0.3504
vt 0.5138 0.3588
vt 0.5045 0.3517
vt 0.4967 0.3525
vt 0.4982 0.3612
vt 0.5058 0.3603
vt 0.4893 0.3528
vt 0.4823 0.3531
vt 0.4841 0.3617
vt 0.4910 0.3615
vt 0.4756 0.3533
vt 0.4692 0.3536
vt 0.4710 0.3621
vt 0.4774 0.3619
vt 0.8380 0.3484
vt 0.8306 0.3507
vt 0.8287 0.3382
vt 0.8363 0.3363
vt 0.8235 0.3527
vt 0.8169 0.3546
vt 0.8150 0.3414
vt 0.8216 0.3399
vt 0.8107 0.3565
vt 0.8044 0.3584
vt 0.8024 0.3444
vt 0.8087 0.3429
vt 0.7980 0.3604
vt 0.7913 0.3626
vt 0.7892 0.3479
vt 0.7959 0.3461
vt 0.8527 0.4019
vt 0.8457 0.3898
vt 0.8453 0.4046
vt 0.8386 0.4071
vt 0.8317 0.3949
vt 0.8383 0.3924
vt 0.8325 0.4095
vt 0.8267 0.4119
vt 0.8197 0.3997
vt 0.8256 0.3973
vt 0.8211 0.4142
vt 0.8154 0.4166
vt 0.8079 0.4046
vt 0.8138 0.4021
vt 0.8288 0.3264
vt 0.8371 0.3249
vt 0.8141 0.3290
vt 0.8211 0.3278
vt 0.8012 0.3313
vt 0.8076 0.3301
vt 0.7880 0.3339
vt 0.7947 0.3325
vt 0.8390 0.3769
vt 0.8338 0.3637
vt 0.8318 0.3795
vt 0.8252 0.3819
vt 0.8200 0.3683
vt 0.8266 0.3661
vt 0.8190 0.3843
vt 0.8130 0.3867
vt 0.8077 0.3728
vt 0.8138 0.3705
vt 0.8069 0.3892
vt 0.8007 0.3917
vt 0.7947 0.3778
vt 0.8013 0.3752
vt 0.8415 0.3131
vt 0.8314 0.3148
vt 0.8348 0.3041
vt 0.8473 0.3017
vt 0.8222 0.3162
vt 0.8144 0.3173
vt 0.8153 0.3069
vt 0.8240 0.3058
vt 0.8076 0.3183
vt 0.8010 0.3192
vt 0.8011 0.3086
vt 0.8079 0.3078
vt 0.7944 0.3202
vt 0.7877 0.3212
vt 0.7878 0.3103
vt 0.7945 0.3094
vt 0.5234 0.3648
vt 0.5154 0.3672
vt 0.5173 0.3756
vt 0.5253 0.3730
vt 0.5075 0.3689
vt 0.5000 0.3699
vt 0.5020 0.3787
vt 0.5095 0.3775
vt 0.4928 0.3704
vt 0.4860 0.3705
vt 0.4881 0.3795
vt 0.4949 0.3792
vt 0.4794 0.3707
vt 0.4730 0.3709
vt 0.4751 0.3799
vt 0.4815 0.3796
vt 0.5273 0.3811
vt 0.5193 0.3838
vt 0.5212 0.3919
vt 0.5293 0.3889
vt 0.5115 0.3860
vt 0.5041 0.3873
vt 0.5062 0.3958
vt 0.5135 0.3942
vt 0.4971 0.3881
vt 0.4903 0.3884
vt 0.4926 0.3972
vt 0.4993 0.3967
vt 0.4837 0.3886
vt 0.4774 0.3889
vt 0.4797 0.3980
vt 0.4861 0.3976
vt 0.5236 0.4024
vt 0.5317 0.3993
vt 0.5086 0.4066
vt 0.5158 0.4048
vt 0.4952 0.4086
vt 0.5018 0.4078
vt 0.4826 0.4102
vt 0.4889 0.4093
vt 0.8592 0.4132
vt 0.8517 0.4158
vt 0.8449 0.4184
vt 0.8387 0.4209
vt 0.8330 0.4234
vt 0.8274 0.4258
vt 0.8220 0.4282
vt 0.5256 0.4145
vt 0.5104 0.4188
vt 0.5177 0.4169
vt 0.4973 0.4211
vt 0.5037 0.4201
vt 0.4851 0.4232
vt 0.4911 0.4221
vt 0.5120 0.3340
vt 0.5122 0.3421
vt 0.5024 0.3353
vt 0.4939 0.3360
vt 0.4953 0.3441
vt 0.5034 0.3434
vt 0.4863 0.3364
vt 0.4792 0.3368
vt 0.4807 0.3448
vt 0.4878 0.3445
vt 0.4724 0.3371
vt 0.4658 0.3375
vt 0.4674 0.3454
vt 0.4739 0.3451
vt 0.4863 0.2158
vt 0.4869 0.2075
vt 0.4793 0.2075
vt 0.4786 0.2158
vt 0.5128 0.2068
vt 0.5125 0.2148
vt 0.4708 0.2157
vt 0.4715 0.2074
vt 0.4636 0.2072
vt 0.4630 0.2156
vt 0.5027 0.2154
vt 0.5031 0.2072
vt 0.4947 0.2075
vt 0.4941 0.2157
vt 0.7987 0.2134
vt 0.7987 0.2054
vt 0.8054 0.2051
vt 0.8054 0.2131
vt 0.8280 0.2119
vt 0.8280 0.2042
vt 0.8379 0.2038
vt 0.8379 0.2114
vt 0.7675 0.2141
vt 0.7675 0.2062
vt 0.7764 0.2060
vt 0.7765 0.2140
vt 0.8123 0.2128
vt 0.8123 0.2049
vt 0.8196 0.2045
vt 0.8196 0.2124
vt 0.8083 0.2992
vt 0.8086 0.2922
vt 0.8163 0.2913
vt 0.8160 0.2983
vt 0.4790 0.5468
vt 0.4790 0.5417
vt 0.4864 0.5417
vt 0.4864 0.5468
vt 0.8095 0.2686
vt 0.8099 0.2625
vt 0.8175 0.2615
vt 0.8171 0.2675
vt 0.8103 0.2561
vt 0.8107 0.2495
vt 0.8182 0.2486
vt 0.8179 0.2551
vt 0.8111 0.2426
vt 0.8115 0.2355
vt 0.8190 0.2348
vt 0.8186 0.2418
vt 0.4716 0.5468
vt 0.4716 0.5532
vt 0.4644 0.5532
vt 0.4644 0.5468
vt 0.8367 0.2952
vt 0.8371 0.2883
vt 0.8500 0.2860
vt 0.8498 0.2927
vt 0.8087 0.2867
vt 0.8088 0.2823
vt 0.8164 0.2813
vt 0.8164 0.2857
vt 0.8370 0.2646
vt 0.8371 0.2587
vt 0.8491 0.2572
vt 0.8491 0.2631
vt 0.8373 0.2525
vt 0.8375 0.2461
vt 0.8490 0.2447
vt 0.8491 0.2510
vt 0.8376 0.2395
vt 0.8377 0.2328
vt 0.8489 0.2317
vt 0.8490 0.2383
vt 0.7640 0.3033
vt 0.7644 0.2961
vt 0.7729 0.2963
vt 0.7726 0.3035
vt 0.8369 0.2828
vt 0.8367 0.2784
vt 0.8493 0.2766
vt 0.8496 0.2808
vt 0.7657 0.2714
vt 0.7660 0.2653
vt 0.7746 0.2655
vt 0.7743 0.2716
vt 0.7663 0.2587
vt 0.7666 0.2518
vt 0.7754 0.2520
vt 0.7750 0.2589
vt 0.7669 0.2447
vt 0.7672 0.2373
vt 0.7760 0.2374
vt 0.7757 0.2448
vt 0.8119 0.2282
vt 0.8121 0.2207
vt 0.8195 0.2202
vt 0.8193 0.2276
vt 0.8252 0.2970
vt 0.8256 0.2900
vt 0.7647 0.2905
vt 0.7649 0.2858
vt 0.7735 0.2860
vt 0.7732 0.2907
vt 0.8261 0.2662
vt 0.8264 0.2602
vt 0.8267 0.2539
vt 0.8270 0.2474
vt 0.8273 0.2407
vt 0.8276 0.2338
vt 0.8378 0.2259
vt 0.8379 0.2188
vt 0.8488 0.2181
vt 0.8488 0.2250
vt 0.7946 0.3008
vt 0.7948 0.2939
vt 0.8016 0.2931
vt 0.8014 0.3000
vt 0.8256 0.2844
vt 0.8255 0.2800
vt 0.7959 0.2703
vt 0.7963 0.2642
vt 0.8030 0.2634
vt 0.8026 0.2695
vt 0.7967 0.2577
vt 0.7972 0.2509
vt 0.8039 0.2503
vt 0.8034 0.2570
vt 0.7976 0.2439
vt 0.7980 0.2366
vt 0.8047 0.2361
vt 0.8043 0.2433
vt 0.7673 0.2297
vt 0.7674 0.2220
vt 0.7764 0.2220
vt 0.7763 0.2298
vt 0.5009 0.3200
vt 0.5000 0.3130
vt 0.4908 0.3141
vt 0.4918 0.3210
vt 0.4976 0.2804
vt 0.4980 0.2733
vt 0.4891 0.2749
vt 0.4887 0.2820
vt 0.4986 0.2658
vt 0.4993 0.2578
vt 0.4905 0.2593
vt 0.4897 0.2673
vt 0.5001 0.2495
vt 0.5009 0.2410
vt 0.4921 0.2420
vt 0.4913 0.2508
vt 0.8278 0.2268
vt 0.8279 0.2196
vt 0.4582 0.3232
vt 0.4572 0.3163
vt 0.4524 0.3167
vt 0.4535 0.3237
vt 0.4652 0.4039
vt 0.4630 0.4057
vt 0.4632 0.4176
vt 0.4664 0.4160
vt 0.4980 0.5103
vt 0.4980 0.5027
vt 0.5024 0.5027
vt 0.5024 0.5103
vt 0.7983 0.2291
vt 0.7986 0.2214
vt 0.8053 0.2211
vt 0.8050 0.2287
vt 0.4697 0.3224
vt 0.4687 0.3156
vt 0.4622 0.3159
vt 0.4632 0.3228
vt 0.4672 0.2838
vt 0.4675 0.2767
vt 0.4607 0.2769
vt 0.4605 0.2840
vt 0.4678 0.2691
vt 0.4683 0.2608
vt 0.4612 0.2609
vt 0.4609 0.2692
vt 0.4687 0.2521
vt 0.4692 0.2430
vt 0.4618 0.2430
vt 0.4615 0.2521
vt 0.5016 0.2323
vt 0.5022 0.2236
vt 0.4935 0.2240
vt 0.4928 0.2330
vt 0.5238 0.3144
vt 0.5230 0.3072
vt 0.5109 0.3108
vt 0.5118 0.3180
vt 0.7950 0.2884
vt 0.7952 0.2841
vt 0.8019 0.2832
vt 0.8017 0.2876
vt 0.5205 0.2752
vt 0.5208 0.2683
vt 0.5088 0.2711
vt 0.5084 0.2781
vt 0.5212 0.2610
vt 0.5217 0.2535
vt 0.5099 0.2559
vt 0.5093 0.2636
vt 0.5222 0.2457
vt 0.5227 0.2377
vt 0.5112 0.2395
vt 0.5106 0.2478
vt 0.4838 0.3216
vt 0.4829 0.3148
vt 0.4756 0.3152
vt 0.4766 0.3220
vt 0.4811 0.2829
vt 0.4815 0.2759
vt 0.4744 0.2764
vt 0.4741 0.2835
vt 0.4820 0.2683
vt 0.4827 0.2602
vt 0.4754 0.2606
vt 0.4749 0.2688
vt 0.4835 0.2516
vt 0.4842 0.2426
vt 0.4767 0.2429
vt 0.4761 0.2520
vt 0.4697 0.2336
vt 0.4701 0.2242
vt 0.4624 0.2241
vt 0.4621 0.2336
vt 0.5958 0.2880
vt 0.5943 0.2829
vt 0.5754 0.2866
vt 0.5761 0.2915
vt 0.5223 0.3005
vt 0.5212 0.2948
vt 0.5088 0.2978
vt 0.5100 0.3040
vt 0.5897 0.2612
vt 0.5884 0.2551
vt 0.5717 0.2581
vt 0.5725 0.2645
vt 0.5871 0.2489
vt 0.5858 0.2426
vt 0.5701 0.2450
vt 0.5709 0.2516
vt 0.5847 0.2361
vt 0.5836 0.2295
vt 0.5683 0.2314
vt 0.5692 0.2383
vt 0.5231 0.2297
vt 0.5233 0.2217
vt 0.5123 0.2228
vt 0.5118 0.2312
vt 0.8666 0.2825
vt 0.8670 0.2876
vt 0.5932 0.2784
vt 0.5925 0.2746
vt 0.5742 0.2786
vt 0.5747 0.2823
vt 0.8642 0.2556
vt 0.8646 0.2615
vt 0.8636 0.2433
vt 0.8639 0.2495
vt 0.8630 0.2305
vt 0.8633 0.2370
vt 0.4849 0.2334
vt 0.4856 0.2242
vt 0.4779 0.2242
vt 0.4773 0.2336
vt 0.5569 0.2972
vt 0.5562 0.2920
vt 0.5387 0.2997
vt 0.5394 0.3061
vt 0.8658 0.2745
vt 0.8663 0.2781
vt 0.5545 0.2684
vt 0.5542 0.2616
vt 0.5369 0.2654
vt 0.5368 0.2726
vt 0.5539 0.2547
vt 0.5536 0.2477
vt 0.5371 0.2507
vt 0.5369 0.2581
vt 0.5533 0.2406
vt 0.5529 0.2335
vt 0.5374 0.2356
vt 0.5373 0.2432
vt 0.5825 0.2228
vt 0.5816 0.2161
vt 0.5668 0.2176
vt 0.5675 0.2245
vt 0.5558 0.2872
vt 0.5553 0.2833
vt 0.5372 0.2886
vt 0.5381 0.2939
vt 0.8625 0.2174
vt 0.8627 0.2240
vt 0.5524 0.2263
vt 0.5518 0.2191
vt 0.5372 0.2205
vt 0.5374 0.2280
vt 0.8066 0.4356
vt 0.8033 0.4375
vt 0.7952 0.4292
vt 0.7985 0.4266
vt 0.4405 0.1978
vt 0.4412 0.1893
vt 0.4363 0.1890
vt 0.4355 0.1975
vt 0.4494 0.0839
vt 0.4504 0.0731
vt 0.4455 0.0735
vt 0.4446 0.0843
vt 0.4478 0.1772
vt 0.4427 0.1770
vt 0.5035 0.1992
vt 0.5039 0.1910
vt 0.4957 0.1912
vt 0.4952 0.1993
vt 0.5047 0.1787
vt 0.5051 0.1736
vt 0.4969 0.1737
vt 0.4965 0.1788
vt 0.7639 0.1660
vt 0.7627 0.1571
vt 0.7694 0.1565
vt 0.7711 0.1655
vt 0.8501 0.1353
vt 0.8384 0.1347
vt 0.8376 0.1228
vt 0.8495 0.1235
vt 0.5139 0.0856
vt 0.5152 0.0741
vt 0.5064 0.0740
vt 0.5051 0.0854
vt 0.5188 0.0483
vt 0.5191 0.0429
vt 0.5092 0.0424
vt 0.5091 0.0480
vt 0.4450 0.3250
vt 0.4410 0.3259
vt 0.4427 0.3335
vt 0.4465 0.3326
vt 0.8485 0.1959
vt 0.8482 0.1882
vt 0.8620 0.1882
vt 0.8622 0.1958
vt 0.8490 0.1765
vt 0.8494 0.1716
vt 0.8625 0.1719
vt 0.8624 0.1767
vt 0.4622 0.1644
vt 0.4639 0.1548
vt 0.5521 0.1363
vt 0.5648 0.1371
vt 0.5658 0.1264
vt 0.5528 0.1256
vt 0.8541 0.0858
vt 0.8567 0.0736
vt 0.8716 0.0742
vt 0.8687 0.0867
vt 0.8619 0.0451
vt 0.8623 0.0391
vt 0.8771 0.0386
vt 0.8768 0.0448
vt 0.8377 0.1961
vt 0.8374 0.1883
vt 0.8380 0.1763
vt 0.8384 0.1714
vt 0.4433 0.1333
vt 0.4473 0.1333
vt 0.4478 0.1211
vt 0.4437 0.1213
vt 0.8412 0.0853
vt 0.8433 0.0734
vt 0.8481 0.0455
vt 0.8486 0.0395
vt 0.5363 0.1976
vt 0.5358 0.1896
vt 0.5233 0.1904
vt 0.5233 0.1983
vt 0.5358 0.1772
vt 0.5360 0.1721
vt 0.5239 0.1728
vt 0.5236 0.1779
vt 0.3167 0.8949
vt 0.3183 0.9026
vt 0.3164 0.9005
vt 0.3140 0.8958
vt 0.5448 0.0875
vt 0.5460 0.0758
vt 0.5348 0.0748
vt 0.5334 0.0866
vt 0.5485 0.0500
vt 0.5490 0.0450
vt 0.5388 0.0442
vt 0.5382 0.0492
vt 0.7984 0.1973
vt 0.7978 0.1892
vt 0.8047 0.1889
vt 0.8052 0.1971
vt 0.7959 0.1769
vt 0.7950 0.1719
vt 0.8027 0.1717
vt 0.8034 0.1767
vt 0.7936 0.1646
vt 0.7919 0.1560
vt 0.8004 0.1557
vt 0.8016 0.1643
vt 0.8631 0.1248
vt 0.8630 0.1362
vt 0.7877 0.0850
vt 0.7887 0.0733
vt 0.7985 0.0735
vt 0.7972 0.0852
vt 0.7914 0.0456
vt 0.7919 0.0397
vt 0.8022 0.0400
vt 0.8016 0.0459
vt 0.4875 0.1993
vt 0.4881 0.1911
vt 0.4805 0.1910
vt 0.4799 0.1992
vt 0.4888 0.1786
vt 0.4892 0.1736
vt 0.4817 0.1733
vt 0.4813 0.1783
vt 0.5632 0.1643
vt 0.5633 0.1561
vt 0.4968 0.0855
vt 0.4980 0.0741
vt 0.4899 0.0742
vt 0.4888 0.0856
vt 0.4999 0.0477
vt 0.5000 0.0420
vt 0.4918 0.0419
vt 0.4917 0.0477
vt 0.5503 0.1967
vt 0.5497 0.1890
vt 0.5494 0.1768
vt 0.5495 0.1716
vt 0.8498 0.1646
vt 0.8507 0.1564
vt 0.8634 0.1569
vt 0.8628 0.1650
vt 0.7638 0.1212
vt 0.7714 0.1212
vt 0.7738 0.1341
vt 0.7670 0.1332
vt 0.5567 0.0888
vt 0.5577 0.0772
vt 0.5595 0.0513
vt 0.5600 0.0462
vt 0.4424 0.3111
vt 0.4382 0.3117
vt 0.4395 0.3186
vt 0.4436 0.3179
vt 0.8121 0.1968
vt 0.8117 0.1887
vt 0.8191 0.1885
vt 0.8195 0.1966
vt 0.8110 0.1765
vt 0.8106 0.1714
vt 0.8189 0.1713
vt 0.8190 0.1763
vt 0.7784 0.1652
vt 0.7858 0.1649
vt 0.7875 0.1722
vt 0.7800 0.1725
vt 0.8072 0.0852
vt 0.8087 0.0735
vt 0.8193 0.0734
vt 0.8177 0.0851
vt 0.8122 0.0460
vt 0.8129 0.0402
vt 0.8239 0.0402
vt 0.8232 0.0460
vt 0.8279 0.1963
vt 0.8275 0.1884
vt 0.8279 0.1763
vt 0.8281 0.1713
vt 0.8281 0.1640
vt 0.8286 0.1554
vt 0.8394 0.1558
vt 0.8386 0.1642
vt 0.4527 0.1335
vt 0.4531 0.1214
vt 0.8290 0.0851
vt 0.8308 0.0733
vt 0.8351 0.0458
vt 0.8357 0.0399
vt 0.5790 0.1944
vt 0.5784 0.1868
vt 0.5640 0.1880
vt 0.5647 0.1956
vt 0.5772 0.1754
vt 0.5767 0.1708
vt 0.5632 0.1714
vt 0.5634 0.1763
vt 0.3031 0.8902
vt 0.3040 0.8939
vt 0.5823 0.0933
vt 0.5829 0.0818
vt 0.5700 0.0792
vt 0.5692 0.0908
vt 0.5842 0.0549
vt 0.5846 0.0493
vt 0.5718 0.0477
vt 0.5714 0.0530
vt 0.4602 0.3736
vt 0.4580 0.3647
vt 0.4544 0.3658
vt 0.4568 0.3748
vt 0.7673 0.1983
vt 0.7669 0.1903
vt 0.7755 0.1900
vt 0.7762 0.1980
vt 0.7655 0.1783
vt 0.7649 0.1734
vt 0.7724 0.1729
vt 0.7733 0.1779
vt 0.4444 0.2155
vt 0.4451 0.2066
vt 0.4397 0.2065
vt 0.4388 0.2156
vt 0.5392 0.1358
vt 0.5396 0.1253
vt 0.7610 0.0832
vt 0.7609 0.0717
vt 0.7636 0.0715
vt 0.7634 0.0831
vt 0.7617 0.0454
vt 0.7626 0.0400
vt 0.7654 0.0397
vt 0.7647 0.0451
vt 0.4721 0.1990
vt 0.4727 0.1907
vt 0.4648 0.1903
vt 0.4642 0.1987
vt 0.4739 0.1779
vt 0.4744 0.1728
vt 0.4674 0.1721
vt 0.4666 0.1773
vt 0.4811 0.0857
vt 0.4820 0.0743
vt 0.4743 0.0744
vt 0.4734 0.0858
vt 0.4838 0.0479
vt 0.4839 0.0420
vt 0.4765 0.0424
vt 0.4763 0.0483
vt 0.4515 0.0638
vt 0.4527 0.0561
vt 0.4482 0.0565
vt 0.4467 0.0642
vt 0.7899 0.4180
vt 0.7866 0.4220
vt 0.7777 0.4164
vt 0.7807 0.4103
vt 0.4683 0.0643
vt 0.4691 0.0558
vt 0.4630 0.0559
vt 0.4621 0.0639
vt 0.8273 0.1342
vt 0.8262 0.1223
vt 0.5131 0.1908
vt 0.5130 0.1988
vt 0.5142 0.1733
vt 0.5138 0.1784
vt 0.4756 0.1654
vt 0.4772 0.1535
vt 0.4705 0.1522
vt 0.4687 0.1645
vt 0.5248 0.0743
vt 0.5234 0.0859
vt 0.5290 0.0434
vt 0.5286 0.0487
vt 0.4387 0.1768
vt 0.4548 0.2839
vt 0.4547 0.2767
vt 0.4490 0.2767
vt 0.4492 0.2840
vt 0.4548 0.2690
vt 0.4550 0.2607
vt 0.4489 0.2606
vt 0.4489 0.2689
vt 0.4551 0.2519
vt 0.4554 0.2428
vt 0.4491 0.2428
vt 0.4490 0.2518
vt 0.4565 0.2155
vt 0.4571 0.2070
vt 0.4509 0.2068
vt 0.4502 0.2154
vt 0.4577 0.1985
vt 0.4583 0.1901
vt 0.4520 0.1899
vt 0.4515 0.1983
vt 0.4600 0.1773
vt 0.4608 0.1721
vt 0.4544 0.1722
vt 0.4536 0.1773
vt 0.4666 0.0850
vt 0.4674 0.0742
vt 0.4612 0.0733
vt 0.4602 0.0841
vt 0.4696 0.0487
vt 0.4700 0.0429
vt 0.4644 0.0437
vt 0.4638 0.0492
vt 0.7681 0.4126
vt 0.7696 0.4019
vt 0.5362 0.0643
vt 0.5374 0.0558
vt 0.5278 0.0554
vt 0.5264 0.0640
vt 0.5705 0.0687
vt 0.5710 0.0599
vt 0.5589 0.0581
vt 0.5584 0.0668
vt 0.7967 0.1226
vt 0.7981 0.1345
vt 0.7894 0.1346
vt 0.7879 0.1226
vt 0.4829 0.0641
vt 0.4835 0.0552
vt 0.4759 0.0555
vt 0.4752 0.0643
vt 0.7609 0.0613
vt 0.7611 0.0524
vt 0.7642 0.0523
vt 0.7639 0.0611
vt 0.5834 0.0713
vt 0.5838 0.0622
vt 0.8326 0.0626
vt 0.8341 0.0533
vt 0.8470 0.0531
vt 0.8453 0.0625
vt 0.8101 0.0628
vt 0.8113 0.0536
vt 0.8223 0.0535
vt 0.8209 0.0627
vt 0.5478 0.0566
vt 0.5469 0.0653
vt 0.4989 0.0638
vt 0.4995 0.0550
vt 0.4914 0.0550
vt 0.4908 0.0639
vt 0.7898 0.0625
vt 0.7906 0.0532
vt 0.8008 0.0534
vt 0.7997 0.0627
vt 0.8607 0.0529
vt 0.8588 0.0625
vt 0.8758 0.0528
vt 0.8740 0.0627
vt 0.5167 0.0639
vt 0.5181 0.0552
vt 0.5085 0.0551
vt 0.5075 0.0638
vt 0.5296 0.1118
vt 0.5316 0.0989
vt 0.5216 0.0980
vt 0.5197 0.1101
vt 0.5670 0.1149
vt 0.5682 0.1028
vt 0.5553 0.1012
vt 0.5540 0.1137
vt 0.7616 0.1083
vt 0.7612 0.0957
vt 0.7635 0.0953
vt 0.7645 0.1078
vt 0.5800 0.1165
vt 0.5813 0.1050
vt 0.8262 0.1100
vt 0.8273 0.0975
vt 0.8392 0.0977
vt 0.8379 0.1104
vt 0.8056 0.1100
vt 0.8060 0.0976
vt 0.8163 0.0974
vt 0.8156 0.1099
vt 0.5431 0.1000
vt 0.5407 0.1128
vt 0.7870 0.1100
vt 0.7869 0.0973
vt 0.7962 0.0976
vt 0.7961 0.1101
vt 0.8518 0.0984
vt 0.8502 0.1111
vt 0.8661 0.0996
vt 0.8642 0.1124
vt 0.5109 0.1090
vt 0.5123 0.0974
vt 0.5038 0.0972
vt 0.5029 0.1086
vt 0.4515 0.0461
vt 0.4498 0.0506
vt 0.4646 0.4301
vt 0.4620 0.3936
vt 0.4600 0.3953
vt 0.4479 0.3406
vt 0.4441 0.3415
vt 0.4463 0.3497
vt 0.4499 0.3487
vt 0.4568 0.3748
vt 0.4536 0.3761
vt 0.4563 0.3855
vt 0.4593 0.3840
vt 0.4521 0.3571
vt 0.4486 0.3582
vt 0.4511 0.3670
vt 0.4544 0.3658
vt 0.4330 0.2768
vt 0.4339 0.2844
vt 0.4348 0.2065
vt 0.4339 0.2155
vt 0.7622 0.3364
vt 0.7629 0.3234
vt 0.7616 0.3507
vt 0.7609 0.3657
vt 0.7602 0.3804
vt 0.7806 0.3022
vt 0.7879 0.3016
vt 0.7878 0.3103
vt 0.7804 0.3110
vt 0.7811 0.2898
vt 0.7883 0.2892
vt 0.7881 0.2947
vt 0.7809 0.2953
vt 0.7635 0.3123
vt 0.7822 0.2716
vt 0.7893 0.2711
vt 0.7890 0.2765
vt 0.7819 0.2771
vt 0.7728 0.0453
vt 0.7815 0.0454
vt 0.7809 0.0529
vt 0.7722 0.0525
vt 0.4441 0.0963
vt 0.4439 0.1087
vt 0.7717 0.0613
vt 0.7802 0.0622
vt 0.7794 0.0730
vt 0.7712 0.0718
vt 0.7751 0.1458
vt 0.7824 0.1461
vt 0.7838 0.1562
vt 0.7764 0.1563
vt 0.7707 0.0833
vt 0.7786 0.0845
vt 0.7780 0.0967
vt 0.7704 0.0956
vt 0.4720 0.1354
vt 0.4748 0.1266
vt 0.4662 0.1233
vt 0.4657 0.1348
vt 0.7843 0.1978
vt 0.7916 0.1975
vt 0.7920 0.2056
vt 0.7846 0.2059
vt 0.7821 0.1816
vt 0.7895 0.1813
vt 0.7909 0.1894
vt 0.7835 0.1897
vt 0.7847 0.2139
vt 0.7920 0.2137
vt 0.7919 0.2217
vt 0.7846 0.2219
vt 0.7837 0.2448
vt 0.7909 0.2444
vt 0.7905 0.2515
vt 0.7833 0.2519
vt 0.4556 0.2335
vt 0.4559 0.2240
vt 0.4496 0.2241
vt 0.4493 0.2335
vt 0.7829 0.2588
vt 0.7901 0.2583
vt 0.7897 0.2649
vt 0.7825 0.2654
vt 0.4519 0.3397
vt 0.4505 0.3318
vt 0.4465 0.3326
vt 0.4479 0.3406
vt 0.4491 0.3243
vt 0.4478 0.3173
vt 0.4436 0.3179
vt 0.4450 0.3250
vt 0.8022 0.4239
vt 0.8100 0.4338
vt 0.4681 0.4020
vt 0.4432 0.2688
vt 0.4431 0.2605
vt 0.4375 0.2605
vt 0.4378 0.2688
vt 0.7936 0.4143
vt 0.7844 0.4048
vt 0.5475 0.6909
vt 0.4565 0.0636
vt 0.4576 0.0559
vt 0.4545 0.0838
vt 0.4555 0.0729
vt 0.7731 0.3930
vt 0.4452 0.1555
vt 0.4402 0.1553
vt 0.4562 0.3097
vt 0.4556 0.3034
vt 0.4505 0.3037
vt 0.4514 0.3101
vt 0.4652 0.3919
vt 0.4626 0.3826
vt 0.4593 0.3840
vt 0.4620 0.3936
vt 0.4457 0.1980
vt 0.4464 0.1896
vt 0.4980 0.5979
vt 0.4980 0.6054
vt 0.5024 0.5979
vt 0.5024 0.6054
vt 0.5355 0.6800
vt 0.5207 0.6800
vt 0.5207 0.6789
vt 0.5355 0.6789
vt 0.4481 0.6943
vt 0.4604 0.6943
vt 0.5058 0.6943
vt 0.4907 0.6943
vt 0.4757 0.6943
vt 0.7844 0.2297
vt 0.7917 0.2295
vt 0.7913 0.2370
vt 0.7841 0.2374
vt 0.4864 0.4950
vt 0.4864 0.5027
vt 0.4980 0.4794
vt 0.4980 0.5468
vt 0.4980 0.5532
vt 0.4980 0.6131
vt 0.4980 0.6210
vt 0.4980 0.5906
vt 0.4864 0.4714
vt 0.4864 0.4794
vt 0.4864 0.5248
vt 0.4864 0.5315
vt 0.4321 0.2606
vt 0.4325 0.2689
vt 0.5024 0.5834
vt 0.5024 0.5906
vt 0.5024 0.6131
vt 0.5024 0.6210
vt 0.4644 0.5315
vt 0.4644 0.5248
vt 0.4716 0.4950
vt 0.4644 0.4950
vt 0.5024 0.5762
vt 0.5024 0.4950
vt 0.5024 0.4872
vt 0.5024 0.4794
vt 0.5024 0.5610
vt 0.5024 0.5692
vt 0.5024 0.5248
vt 0.5024 0.5315
vt 0.5475 0.6789
vt 0.5024 0.5468
vt 0.5024 0.5532
vt 0.4644 0.5103
vt 0.4644 0.5027
vt 0.4644 0.5906
vt 0.4644 0.6054
vt 0.4644 0.5979
vt 0.4644 0.6210
vt 0.4644 0.6131
vt 0.4468 0.3106
vt 0.4457 0.3041
vt 0.4411 0.3045
vt 0.4424 0.3111
vt 0.4481 0.6980
vt 0.4604 0.6980
vt 0.5058 0.6980
vt 0.4907 0.6980
vt 0.5475 0.6943
vt 0.4757 0.6980
vt 0.5475 0.6980
vt 0.5273 0.3811
vt 0.5365 0.3772
vt 0.5341 0.3694
vt 0.5253 0.3730
vt 0.5234 0.3648
vt 0.5320 0.3616
vt 0.5245 0.3221
vt 0.5350 0.3242
vt 0.5387 0.3848
vt 0.8580 0.3033
vt 0.8496 0.3134
vt 0.8677 0.2931
vt 0.8721 0.2954
vt 0.5973 0.2936
vt 0.5947 0.2980
vt 0.8449 0.3342
vt 0.8457 0.3239
vt 0.2781 0.7252
vt 0.2763 0.7320
vt 0.2815 0.7365
vt 0.2835 0.7294
vt 0.2888 0.7331
vt 0.2868 0.7407
vt 0.3411 0.7580
vt 0.3413 0.7467
vt 0.3806 0.7583
vt 0.3933 0.7555
vt 0.3661 0.7484
vt 0.3670 0.7595
vt 0.2499 0.7069
vt 0.2494 0.7108
vt 0.3533 0.7480
vt 0.3536 0.7592
vt 0.3069 0.4796
vt 0.3030 0.4799
vt 0.2989 0.4803
vt 0.2948 0.4810
vt 0.3219 0.4788
vt 0.3180 0.4789
vt 0.2894 0.4815
vt 0.3143 0.4792
vt 0.3107 0.4794
vt 0.4864 0.4950
vt 0.4173 0.1574
vt 0.4176 0.1573
vt 0.4323 0.2344
vt 0.4324 0.2237
vt 0.4319 0.2520
vt 0.4320 0.2432
vt 0.7576 0.4106
vt 0.7586 0.4005
vt 0.7595 0.3905
vt 0.3153 0.6799
vt 0.3220 0.6798
vt 0.7732 0.0396
vt 0.7820 0.0395
vt 0.5392 0.0399
vt 0.5292 0.0389
vt 0.4703 0.0379
vt 0.4649 0.0388
vt 0.4603 0.0400
vt 0.4563 0.0413
vt 0.7925 0.0347
vt 0.8028 0.0349
vt 0.5001 0.0371
vt 0.4918 0.0368
vt 0.5849 0.0446
vt 0.5723 0.0432
vt 0.7638 0.0364
vt 0.7659 0.0355
vt 0.5495 0.0407
vt 0.8134 0.0352
vt 0.8243 0.0352
vt 0.4840 0.0368
vt 0.4766 0.0372
vt 0.5191 0.0382
vt 0.5092 0.0376
vt 0.8490 0.0344
vt 0.8626 0.0340
vt 0.8771 0.0333
vt 0.5606 0.0417
vt 0.8361 0.0348
vt 0.7736 0.0347
vt 0.7825 0.0345
vt 0.4533 0.0428
vt 0.8169 0.1341
vt 0.8180 0.1455
vt 0.8084 0.1456
vt 0.8073 0.1343
vt 0.4954 0.1087
vt 0.4958 0.0973
vt 0.4880 0.0975
vt 0.4879 0.1093
vt 0.4892 0.1206
vt 0.4957 0.1195
vt 0.7751 0.1458
vt 0.7684 0.1460
vt 0.4078 0.9091
vt 0.4047 0.9170
vt 0.4033 0.9140
vt 0.4044 0.9056
vt 0.7811 0.1345
vt 0.3445 0.8868
vt 0.3537 0.8872
vt 0.3522 0.8905
vt 0.3441 0.8910
vt 0.7993 0.1459
vt 0.7907 0.1461
vt 0.2577 0.9207
vt 0.2591 0.9171
vt 0.2573 0.8977
vt 0.2639 0.8901
vt 0.2673 0.8947
vt 0.2618 0.8958
vt 0.4646 0.1452
vt 0.4709 0.1459
vt 0.4416 0.1449
vt 0.4463 0.1450
vt 0.3931 0.9196
vt 0.3925 0.9155
vt 0.5516 0.1461
vt 0.5641 0.1471
vt 0.7627 0.1465
vt 0.7614 0.1352
vt 0.5761 0.1475
vt 0.5771 0.1377
vt 0.8282 0.1456
vt 0.8273 0.1342
vt 0.3110 0.8912
vt 0.3106 0.8947
vt 0.5235 0.1291
vt 0.8506 0.1466
vt 0.8391 0.1460
vt 0.8631 0.1472
vt 0.4658 0.1098
vt 0.4592 0.1089
vt 0.4592 0.1221
vt 0.4662 0.1233
vt 0.8060 0.1224
vt 0.8158 0.1222
vt 0.5095 0.1206
vt 0.5024 0.1194
vt 0.7792 0.1222
vt 0.5170 0.1232
vt 0.5197 0.1101
vt 0.7792 0.1222
vt 0.7782 0.1094
vt 0.7870 0.1100
vt 0.7879 0.1226
vt 0.4588 0.1340
vt 0.4592 0.1221
vt 0.5786 0.1275
vt 0.5658 0.1264
vt 0.7605 0.1187
vt 0.7638 0.1212
vt 0.4579 0.1452
vt 0.4518 0.1451
vt 0.7782 0.1094
vt 0.7707 0.1083
vt 0.4804 0.0978
vt 0.4728 0.0980
vt 0.4732 0.1106
vt 0.4804 0.1101
vt 0.4659 0.0969
vt 0.4658 0.1098
vt 0.4716 0.5468
vt 0.4716 0.5417
vt 0.4980 0.2999
vt 0.4991 0.3063
vt 0.4595 0.0961
vt 0.3346 0.9092
vt 0.3350 0.8984
vt 0.3380 0.8965
vt 0.3357 0.9058
vt 0.2749 0.8895
vt 0.2771 0.8939
vt 0.4824 0.1226
vt 0.4804 0.1101
vt 0.7763 0.2298
vt 0.7760 0.2374
vt 0.7750 0.2589
vt 0.7746 0.2655
vt 0.7757 0.2448
vt 0.7754 0.2520
vt 0.7765 0.2140
vt 0.7764 0.2220
vt 0.7742 0.1819
vt 0.7755 0.1900
vt 0.7762 0.1980
vt 0.7764 0.2060
vt 0.7634 0.0831
vt 0.7694 0.1565
vt 0.7639 0.0611
vt 0.7636 0.0715
vt 0.7743 0.2716
vt 0.7740 0.2770
vt 0.7732 0.2907
vt 0.7729 0.2963
vt 0.7726 0.3035
vt 0.8186 0.1553
vt 0.5257 0.1361
vt 0.5259 0.1444
vt 0.5390 0.1454
vt 0.5392 0.1358
vt 0.4073 0.9022
vt 0.4030 0.8989
vt 0.7802 0.0622
vt 0.7786 0.0845
vt 0.7794 0.0730
vt 0.7886 0.1772
vt 0.7875 0.1722
vt 0.7916 0.1975
vt 0.7909 0.1894
vt 0.7917 0.2295
vt 0.7919 0.2217
vt 0.7909 0.2444
vt 0.7913 0.2370
vt 0.7901 0.2583
vt 0.7905 0.2515
vt 0.7893 0.2711
vt 0.7897 0.2649
vt 0.7879 0.3016
vt 0.7881 0.2947
vt 0.7920 0.2137
vt 0.7920 0.2056
vt 0.7858 0.1649
vt 0.7838 0.1562
vt 0.7883 0.2892
vt 0.7886 0.2849
vt 0.4687 0.3906
vt 0.4663 0.3814
vt 0.8093 0.1554
vt 0.8099 0.1641
vt 0.4562 0.3388
vt 0.4549 0.3310
vt 0.4640 0.3725
vt 0.4619 0.3636
vt 0.4599 0.3551
vt 0.4579 0.3468
vt 0.5756 0.1565
vt 0.5633 0.1561
vt 0.4646 0.1452
vt 0.7711 0.1655
vt 0.7724 0.1729
vt 0.5763 0.1641
vt 0.5632 0.1643
vt 0.4387 0.1643
vt 0.4382 0.1715
vt 0.3347 0.1594
vt 0.4528 0.1815
vt 0.4471 0.1813
vt 0.4962 0.1829
vt 0.4886 0.1829
vt 0.8039 0.1808
vt 0.8111 0.1806
vt 0.7967 0.1810
vt 0.4811 0.1826
vt 0.4734 0.1822
vt 0.4657 0.1816
vt 0.4592 0.1816
vt 0.7733 0.1779
vt 0.7811 0.1775
vt 0.5133 0.1826
vt 0.5042 0.1829
vt 0.8187 0.1804
vt 0.8272 0.1803
vt 0.7886 0.1772
vt 0.4420 0.1811
vt 0.4372 0.1808
vt 0.5232 0.1822
vt 0.5635 0.1803
vt 0.5492 0.1811
vt 0.7659 0.1823
vt 0.5779 0.1792
vt 0.8372 0.1803
vt 0.5353 0.1812
vt 0.8481 0.1804
vt 0.8619 0.1806
vt 0.5024 0.4714
vt 0.4980 0.4714
vt 0.4790 0.4872
vt 0.4928 0.4714
vt 0.4644 0.4714
vt 0.4644 0.5177
vt 0.4716 0.5177
vt 0.4928 0.5177
vt 0.4980 0.5177
vt 0.4790 0.5177
vt 0.4864 0.5177
vt 0.5024 0.5177
vt 0.4495 0.2908
vt 0.4444 0.2910
vt 0.8023 0.2749
vt 0.8091 0.2739
vt 0.4886 0.2886
vt 0.4809 0.2895
vt 0.7956 0.2757
vt 0.4739 0.2900
vt 0.4671 0.2904
vt 0.4605 0.2906
vt 0.4549 0.2907
vt 0.8167 0.2728
vt 0.8258 0.2715
vt 0.5082 0.2849
vt 0.4975 0.2871
vt 0.4396 0.2912
vt 0.4351 0.2915
vt 0.5733 0.2709
vt 0.5549 0.2751
vt 0.5369 0.2798
vt 0.5204 0.2819
vt 0.8491 0.2683
vt 0.8651 0.2673
vt 0.5909 0.2672
vt 0.8368 0.2700
vt 0.7654 0.2768
vt 0.4514 0.3101
vt 0.4468 0.3106
vt 0.4790 0.5532
vt 0.7816 0.2816
vt 0.7738 0.2817
vt 0.5024 0.5367
vt 0.4980 0.5367
vt 0.4928 0.5367
vt 0.7888 0.2809
vt 0.4360 0.2983
vt 0.4403 0.2979
vt 0.4716 0.5367
vt 0.4644 0.5367
vt 0.4930 0.3283
vt 0.4850 0.3288
vt 0.4778 0.3292
vt 0.4710 0.3296
vt 0.4644 0.3300
vt 0.4595 0.3304
vt 0.5126 0.3255
vt 0.5020 0.3274
vt 0.2874 0.5554
vt 0.2848 0.5756
vt 0.2942 0.5908
vt 0.2864 0.6495
vt 0.2882 0.6346
vt 0.2841 0.7214
vt 0.2842 0.7123
vt 0.3028 0.6193
vt 0.2963 0.6797
vt 0.2973 0.6651
vt 0.2951 0.7271
vt 0.3028 0.6193
vt 0.3008 0.6343
vt 0.2989 0.6498
vt 0.4644 0.6289
vt 0.4716 0.6289
vt 0.4980 0.6289
vt 0.5024 0.6289
vt 0.4928 0.6289
vt 0.4790 0.6289
vt 0.4864 0.6289
vt 0.3162 0.5899
vt 0.3165 0.5746
vt 0.3262 0.5550
vt 0.3082 0.7073
vt 0.2897 0.7150
vt 0.3150 0.6942
vt 0.4016 0.6954
vt 0.2293 0.6783
vt 0.2390 0.6793
vt 0.2723 0.6623
vt 0.2786 0.6632
vt 0.3548 0.6358
vt 0.3639 0.6363
vt 0.2661 0.6349
vt 0.3848 0.6378
vt 0.3718 0.6367
vt 0.3156 0.6043
vt 0.3212 0.6043
vt 0.3267 0.6043
vt 0.3066 0.5747
vt 0.3116 0.5746
vt 0.4672 0.2967
vt 0.4606 0.2969
vt 0.4613 0.3094
vt 0.4864 0.5367
vt 0.4900 0.3076
vt 0.4887 0.2950
vt 0.4976 0.2935
vt 0.4821 0.3083
vt 0.4810 0.2958
vt 0.4740 0.2963
vt 0.4748 0.3088
vt 0.4680 0.3092
vt 0.4672 0.2967
vt 0.4552 0.2971
vt 0.4606 0.2969
vt 0.4556 0.3034
vt 0.4742 0.3025
vt 0.4814 0.3020
vt 0.4891 0.3012
vt 0.4980 0.2999
vt 0.4928 0.5417
vt 0.4864 0.5417
vt 0.4716 0.5417
vt 0.4644 0.5417
vt 0.4367 0.3050
vt 0.4411 0.3045
vt 0.7886 0.2849
vt 0.7814 0.2855
vt 0.4980 0.5417
vt 0.5024 0.5417
vt 0.7735 0.2860
vt 0.4499 0.2973
vt 0.4450 0.2976
vt 0.8020 0.2793
vt 0.8089 0.2784
vt 0.7954 0.2801
vt 0.8165 0.2773
vt 0.8256 0.2760
vt 0.5083 0.2914
vt 0.4790 0.5367
vt 0.5738 0.2751
vt 0.5551 0.2795
vt 0.5370 0.2845
vt 0.5206 0.2884
vt 0.8492 0.2727
vt 0.8655 0.2712
vt 0.5917 0.2712
vt 0.8367 0.2744
vt 0.7651 0.2815
vt 0.3047 0.8590
vt 0.3053 0.8590
vt 0.3050 0.8631
vt 0.3045 0.8635
vt 0.3424 0.8592
vt 0.3497 0.8603
vt 0.3231 0.8581
vt 0.3331 0.8585
vt 0.3134 0.8583
vt 0.3539 0.8615
vt 0.4777 0.5412
vt 0.4718 0.5412
vt 0.4996 0.5412
vt 0.4914 0.5412
vt 0.4132 0.2943
vt 0.4177 0.2946
vt 0.7155 0.2966
vt 0.7081 0.2962
vt 0.4658 0.5412
vt 0.4609 0.5412
vt 0.7235 0.2959
vt 0.4101 0.2869
vt 0.4050 0.2868
vt 0.6865 0.2914
vt 0.6936 0.2917
vt 0.3537 0.8633
vt 0.7006 0.2920
vt 0.6696 0.2902
vt 0.6790 0.2910
vt 0.3451 0.2878
vt 0.3334 0.2851
vt 0.4847 0.5363
vt 0.4006 0.2869
vt 0.2846 0.2686
vt 0.2677 0.2621
vt 0.3190 0.2811
vt 0.3020 0.2753
vt 0.6284 0.2882
vt 0.6439 0.2888
vt 0.2520 0.2563
vt 0.6579 0.2897
vt 0.7311 0.2908
vt 0.3546 0.8637
vt 0.3516 0.8653
vt 0.3518 0.8647
vt 0.3542 0.8636
vt 0.3514 0.8646
vt 0.3540 0.8635
vt 0.3551 0.8613
vt 0.3548 0.8615
vt 0.3545 0.8615
vt 0.3497 0.2935
vt 0.3482 0.2917
vt 0.3535 0.8596
vt 0.3538 0.8603
vt 0.3537 0.8604
vt 0.3481 0.2895
vt 0.3025 0.8590
vt 0.3060 0.8560
vt 0.3056 0.8568
vt 0.3034 0.8590
vt 0.3061 0.8569
vt 0.3042 0.8590
vt 0.3495 0.2872
vt 0.3024 0.8655
vt 0.3031 0.8648
vt 0.3039 0.8641
vt 0.3991 0.2859
vt 0.3999 0.2885
vt 0.3057 0.8656
vt 0.3068 0.8657
vt 0.3073 0.8656
vt 0.3075 0.8653
vt 0.3659 0.2937
vt 0.3577 0.2936
vt 0.3500 0.8661
vt 0.3426 0.8687
vt 0.3426 0.8682
vt 0.3502 0.8657
vt 0.3425 0.8677
vt 0.3502 0.8654
vt 0.3923 0.2854
vt 0.3114 0.8520
vt 0.3114 0.8525
vt 0.3117 0.8529
vt 0.3922 0.2932
vt 0.3831 0.2932
vt 0.3221 0.8695
vt 0.3121 0.8680
vt 0.3122 0.8676
vt 0.3222 0.8689
vt 0.3125 0.8672
vt 0.3223 0.8683
vt 0.3743 0.2935
vt 0.3329 0.8695
vt 0.3328 0.8689
vt 0.3328 0.8683
vt 0.3833 0.2855
vt 0.3221 0.8508
vt 0.3221 0.8513
vt 0.3223 0.8520
vt 0.3659 0.2860
vt 0.3745 0.2857
vt 0.3331 0.8514
vt 0.3430 0.8531
vt 0.3431 0.8537
vt 0.3332 0.8521
vt 0.3431 0.8542
vt 0.3332 0.8527
vt 0.3576 0.2864
vt 0.3504 0.8563
vt 0.3506 0.8568
vt 0.3505 0.8572
vt 0.8836 0.5543
vt 0.8730 0.5561
vt 0.8727 0.5534
vt 0.8822 0.5519
vt 0.8625 0.5561
vt 0.8521 0.5552
vt 0.8525 0.5527
vt 0.8625 0.5534
vt 0.8829 0.5420
vt 0.8898 0.5492
vt 0.8860 0.5487
vt 0.8827 0.5450
vt 0.8368 0.5476
vt 0.8405 0.5418
vt 0.8428 0.5435
vt 0.8402 0.5472
vt 0.8427 0.5530
vt 0.8447 0.5510
vt 0.8511 0.5392
vt 0.8517 0.5418
vt 0.8620 0.5391
vt 0.8621 0.5418
vt 0.8727 0.5398
vt 0.8727 0.5426
vt 0.8523 0.5445
vt 0.8441 0.5451
vt 0.8627 0.5512
vt 0.8725 0.5512
vt 0.8817 0.5468
vt 0.8723 0.5452
vt 0.8456 0.5494
vt 0.8532 0.5505
vt 0.8622 0.5445
vt 0.8815 0.5502
vt 0.8414 0.5470
vt 0.8857 0.5487
vt 0.8423 0.5469
vt 0.8461 0.5485
vt 0.8526 0.5462
vt 0.8446 0.5464
vt 0.8629 0.5501
vt 0.8725 0.5501
vt 0.8813 0.5481
vt 0.8721 0.5470
vt 0.8535 0.5494
vt 0.8623 0.5464
vt 0.8812 0.5493
vt 0.8852 0.5487
vt 0.3669 0.4820
vt 0.3718 0.4822
vt 0.3112 0.4812
vt 0.3147 0.4809
vt 0.3323 0.4798
vt 0.3386 0.4799
vt 0.3039 0.4819
vt 0.3077 0.4815
vt 0.2716 0.4827
vt 0.2778 0.4838
vt 0.2998 0.4825
vt 0.2897 0.4837
vt 0.2951 0.4831
vt 0.3882 0.4818
vt 0.3943 0.4805
vt 0.3569 0.4813
vt 0.3619 0.4819
vt 0.2838 0.4840
vt 0.3265 0.4800
vt 0.5512 0.6684
vt 0.5512 0.6714
vt 0.3768 0.4823
vt 0.3823 0.4822
vt 0.5006 0.6059
vt 0.5006 0.6132
vt 0.3513 0.4807
vt 0.5006 0.5528
vt 0.5006 0.5606
vt 0.3181 0.4807
vt 0.3218 0.4804
vt 0.5512 0.6652
vt 0.5373 0.6751
vt 0.5207 0.6751
vt 0.5042 0.6751
vt 0.4996 0.6305
vt 0.4914 0.6305
vt 0.5006 0.5845
vt 0.5006 0.5916
vt 0.4718 0.4701
vt 0.4777 0.4701
vt 0.5505 0.6751
vt 0.5006 0.5770
vt 0.5512 0.6596
vt 0.5512 0.6619
vt 0.4711 0.6751
vt 0.4550 0.6751
vt 0.4875 0.6751
vt 0.4399 0.1553
vt 0.4425 0.6751
vt 0.7244 0.0985
vt 0.7246 0.1099
vt 0.7234 0.0610
vt 0.7241 0.0684
vt 0.7244 0.0772
vt 0.4847 0.4701
vt 0.4819 0.6305
vt 0.4695 0.6305
vt 0.4240 0.1828
vt 0.4223 0.1739
vt 0.4914 0.4701
vt 0.4996 0.4701
vt 0.4171 0.1614
vt 0.4198 0.1654
vt 0.4202 0.1653
vt 0.4185 0.1614
vt 0.4042 0.0808
vt 0.4039 0.0736
vt 0.5512 0.6576
vt 0.5512 0.6586
vt 0.4266 0.2001
vt 0.4255 0.1915
vt 0.5006 0.6211
vt 0.5006 0.6300
vt 0.5006 0.4706
vt 0.5006 0.4786
vt 0.5006 0.5021
vt 0.5006 0.5097
vt 0.4033 0.0674
vt 0.4025 0.0622
vt 0.5006 0.5171
vt 0.5006 0.5242
vt 0.4044 0.0889
vt 0.4051 0.1070
vt 0.4046 0.0977
vt 0.4287 0.2153
vt 0.4277 0.2086
vt 0.5006 0.4865
vt 0.5006 0.4943
vt 0.5512 0.6747
vt 0.3451 0.4802
vt 0.4658 0.4701
vt 0.7223 0.0550
vt 0.4014 0.0578
vt 0.3194 0.0490
vt 0.3075 0.0499
vt 0.2741 0.0551
vt 0.2627 0.0575
vt 0.3882 0.0503
vt 0.3829 0.0497
vt 0.3504 0.0484
vt 0.3405 0.0483
vt 0.7107 0.0485
vt 0.7159 0.0495
vt 0.2953 0.0513
vt 0.2848 0.0530
vt 0.7206 0.0509
vt 0.6658 0.0488
vt 0.6754 0.0484
vt 0.6202 0.0498
vt 0.6331 0.0498
vt 0.6451 0.0496
vt 0.6059 0.0498
vt 0.3303 0.0485
vt 0.6849 0.0482
vt 0.3686 0.0486
vt 0.3599 0.0485
vt 0.4002 0.0538
vt 0.3965 0.0526
vt 0.3926 0.0514
vt 0.7244 0.1211
vt 0.6561 0.0494
vt 0.3767 0.0487
vt 0.6945 0.0480
vt 0.7052 0.0478
vt 0.4072 0.1259
vt 0.4060 0.1167
vt 0.4095 0.1345
vt 0.7244 0.0874
vt 0.7250 0.1328
vt 0.5006 0.5310
vt 0.5006 0.5463
vt 0.5006 0.5689
vt 0.5006 0.5987
vt 0.3717 0.4832
vt 0.3668 0.4830
vt 0.3143 0.4789
vt 0.3106 0.4791
vt 0.3385 0.4784
vt 0.3317 0.4784
vt 0.3069 0.4793
vt 0.3030 0.4796
vt 0.2773 0.4816
vt 0.2710 0.4808
vt 0.2988 0.4800
vt 0.2948 0.4807
vt 0.2893 0.4812
vt 0.3939 0.4813
vt 0.3879 0.4827
vt 0.3618 0.4827
vt 0.3569 0.4818
vt 0.2834 0.4817
vt 0.3259 0.4786
vt 0.4475 0.6943
vt 0.4475 0.6909
vt 0.3821 0.4832
vt 0.3766 0.4833
vt 0.4635 0.6131
vt 0.4635 0.6054
vt 0.3514 0.4808
vt 0.4635 0.5610
vt 0.4635 0.5532
vt 0.3219 0.4785
vt 0.3180 0.4786
vt 0.4475 0.6873
vt 0.4757 0.6983
vt 0.4604 0.6983
vt 0.4907 0.6983
vt 0.4716 0.6294
vt 0.4644 0.6294
vt 0.4635 0.5906
vt 0.4635 0.5834
vt 0.4864 0.4709
vt 0.4928 0.4709
vt 0.4481 0.6983
vt 0.4635 0.5762
vt 0.4475 0.6836
vt 0.4475 0.6811
vt 0.5355 0.6983
vt 0.5207 0.6983
vt 0.5058 0.6983
vt 0.5475 0.6983
vt 0.7608 0.0957
vt 0.7607 0.0832
vt 0.7608 0.0524
vt 0.7614 0.0453
vt 0.7606 0.0613
vt 0.4790 0.4709
vt 0.4864 0.6294
vt 0.4790 0.6294
vt 0.4359 0.1889
vt 0.4351 0.1975
vt 0.4644 0.4709
vt 0.4716 0.4709
vt 0.4376 0.1768
vt 0.4464 0.0641
vt 0.4452 0.0734
vt 0.4475 0.6800
vt 0.4475 0.6789
vt 0.4345 0.2064
vt 0.4335 0.2155
vt 0.4635 0.6289
vt 0.4635 0.6210
vt 0.4635 0.4794
vt 0.4635 0.4714
vt 0.4635 0.5103
vt 0.4635 0.5027
vt 0.4495 0.0505
vt 0.4479 0.0565
vt 0.4635 0.5248
vt 0.4635 0.5177
vt 0.4443 0.0843
vt 0.4438 0.0963
vt 0.4436 0.1087
vt 0.4315 0.2304
vt 0.4324 0.2237
vt 0.4321 0.2237
vt 0.4311 0.2303
vt 0.4635 0.4950
vt 0.4635 0.4872
vt 0.4475 0.6980
vt 0.3452 0.4797
vt 0.4980 0.4709
vt 0.3386 0.4784
vt 0.7623 0.0399
vt 0.4512 0.0460
vt 0.5391 0.0396
vt 0.5292 0.0386
vt 0.5850 0.0443
vt 0.5723 0.0429
vt 0.4703 0.0376
vt 0.4648 0.0385
vt 0.5092 0.0373
vt 0.5000 0.0368
vt 0.7658 0.0352
vt 0.7736 0.0344
vt 0.5606 0.0415
vt 0.5496 0.0404
vt 0.7636 0.0362
vt 0.8027 0.0346
vt 0.8133 0.0349
vt 0.8489 0.0341
vt 0.8625 0.0337
vt 0.8361 0.0345
vt 0.8771 0.0330
vt 0.5191 0.0379
vt 0.7924 0.0344
vt 0.4918 0.0365
vt 0.4840 0.0365
vt 0.4562 0.0410
vt 0.4531 0.0426
vt 0.4602 0.0397
vt 0.7612 0.1083
vt 0.8243 0.0349
vt 0.4766 0.0369
vt 0.7825 0.0342
vt 0.4433 0.1212
vt 0.4427 0.1333
vt 0.7635 0.1215
vt 0.7601 0.1189
vt 0.4413 0.1449
vt 0.7669 0.1340
vt 0.7606 0.0716
vt 0.4368 0.1808
vt 0.4635 0.5315
vt 0.4635 0.5468
vt 0.4635 0.5692
vt 0.4635 0.5979
vt 0.5006 0.5412
vt 0.5006 0.5363
vt 0.4635 0.5417
vt 0.4635 0.5367
vt 0.4639 0.6117
vt 0.4718 0.6117
vt 0.4718 0.6305
vt 0.4658 0.6305
vt 0.4609 0.6305
vt 0.4928 0.6294
vt 0.4980 0.6294
vt 0.5024 0.6294
vt 0.7259 0.1440
vt 0.6399 0.9012
vt 0.6373 0.9106
vt 0.6227 0.9112
vt 0.6174 0.9024
vt 0.6032 0.9394
vt 0.6131 0.9353
vt 0.6231 0.9449
vt 0.6171 0.9553
vt 0.6028 0.9185
vt 0.6134 0.9214
vt 0.6569 0.9409
vt 0.6474 0.9355
vt 0.6473 0.9211
vt 0.6576 0.9169
vt 0.6399 0.9570
vt 0.6370 0.9455
vt 0.6442 0.9224
vt 0.6358 0.9141
vt 0.6243 0.9419
vt 0.6357 0.9421
vt 0.6242 0.9144
vt 0.6164 0.9339
vt 0.6163 0.9226
vt 0.6441 0.9341
vt 0.6352 0.9303
vt 0.6330 0.9294
vt 0.6330 0.9270
vt 0.6352 0.9261
vt 0.6250 0.9261
vt 0.6272 0.9270
vt 0.6272 0.9294
vt 0.6250 0.9303
vt 0.6322 0.9333
vt 0.6313 0.9311
vt 0.6322 0.9231
vt 0.6313 0.9253
vt 0.6280 0.9333
vt 0.6289 0.9311
vt 0.6289 0.9253
vt 0.6280 0.9231
vt 0.6301 0.9282
vt 0.6251 0.9166
vt 0.6185 0.9235
vt 0.6261 0.9187
vt 0.6207 0.9244
vt 0.6270 0.9209
vt 0.6228 0.9252
vt 0.6186 0.9330
vt 0.6253 0.9398
vt 0.6207 0.9321
vt 0.6262 0.9376
vt 0.6229 0.9312
vt 0.6271 0.9354
vt 0.6349 0.9164
vt 0.6340 0.9186
vt 0.6331 0.9209
vt 0.6348 0.9399
vt 0.6340 0.9377
vt 0.6331 0.9355
vt 0.6419 0.9233
vt 0.6397 0.9242
vt 0.6375 0.9252
vt 0.6419 0.9331
vt 0.6397 0.9322
vt 0.6374 0.9313
vt 0.6553 0.9195
vt 0.6450 0.9238
vt 0.6358 0.9142
vt 0.6388 0.9038
vt 0.6023 0.9205
vt 0.6137 0.9239
vt 0.6133 0.9366
vt 0.6032 0.9404
vt 0.6166 0.9043
vt 0.6224 0.9144
vt 0.6381 0.9565
vt 0.6354 0.9465
vt 0.6452 0.9372
vt 0.6537 0.9418
vt 0.6167 0.9558
vt 0.6222 0.9461
vt 0.6421 0.9359
vt 0.6421 0.9250
vt 0.6163 0.9354
vt 0.6236 0.9430
vt 0.6345 0.9173
vt 0.6164 0.9250
vt 0.6238 0.9175
vt 0.6343 0.9434
vt 0.6310 0.9351
vt 0.6302 0.9330
vt 0.6318 0.9315
vt 0.6339 0.9323
vt 0.6272 0.9256
vt 0.6280 0.9276
vt 0.6264 0.9292
vt 0.6244 0.9283
vt 0.6271 0.9350
vt 0.6280 0.9330
vt 0.6339 0.9284
vt 0.6318 0.9292
vt 0.6244 0.9322
vt 0.6264 0.9314
vt 0.6303 0.9276
vt 0.6311 0.9256
vt 0.6291 0.9303
vt 0.6337 0.9194
vt 0.6246 0.9195
vt 0.6328 0.9215
vt 0.6255 0.9215
vt 0.6320 0.9235
vt 0.6263 0.9235
vt 0.6184 0.9258
vt 0.6183 0.9346
vt 0.6204 0.9266
vt 0.6203 0.9338
vt 0.6224 0.9275
vt 0.6224 0.9330
vt 0.6401 0.9258
vt 0.6380 0.9267
vt 0.6360 0.9275
vt 0.6245 0.9410
vt 0.6254 0.9390
vt 0.6262 0.9370
vt 0.6400 0.9350
vt 0.6380 0.9341
vt 0.6359 0.9332
vt 0.6335 0.9413
vt 0.6327 0.9392
vt 0.6318 0.9371
vt 0.6401 0.9018
vt 0.6373 0.9113
vt 0.6227 0.9114
vt 0.6175 0.9025
vt 0.6029 0.9390
vt 0.6129 0.9353
vt 0.6222 0.9455
vt 0.6158 0.9555
vt 0.6025 0.9184
vt 0.6129 0.9215
vt 0.6561 0.9426
vt 0.6467 0.9369
vt 0.6478 0.9221
vt 0.6585 0.9180
vt 0.6385 0.9580
vt 0.6362 0.9465
vt 0.6441 0.9235
vt 0.6358 0.9148
vt 0.6236 0.9424
vt 0.6349 0.9431
vt 0.6241 0.9147
vt 0.6159 0.9342
vt 0.6160 0.9229
vt 0.6436 0.9354
vt 0.6348 0.9312
vt 0.6326 0.9302
vt 0.6327 0.9277
vt 0.6349 0.9269
vt 0.6247 0.9266
vt 0.6268 0.9276
vt 0.6268 0.9300
vt 0.6246 0.9308
vt 0.6317 0.9341
vt 0.6308 0.9318
vt 0.6320 0.9238
vt 0.6310 0.9260
vt 0.6275 0.9339
vt 0.6284 0.9317
vt 0.6286 0.9259
vt 0.6277 0.9237
vt 0.6297 0.9289
vt 0.6250 0.9169
vt 0.6182 0.9238
vt 0.6259 0.9192
vt 0.6203 0.9247
vt 0.6268 0.9214
vt 0.6225 0.9256
vt 0.6180 0.9333
vt 0.6246 0.9403
vt 0.6202 0.9325
vt 0.6255 0.9382
vt 0.6224 0.9317
vt 0.6265 0.9360
vt 0.6349 0.9170
vt 0.6339 0.9193
vt 0.6329 0.9215
vt 0.6341 0.9408
vt 0.6333 0.9386
vt 0.6325 0.9363
vt 0.6417 0.9244
vt 0.6394 0.9252
vt 0.6372 0.9261
vt 0.6414 0.9343
vt 0.6392 0.9333
vt 0.6370 0.9322
vt 0.3450 0.1591
vt 0.3543 0.1585
vt 0.3529 0.1476
vt 0.3543 0.1585
vt 0.3630 0.1578
vt 0.3611 0.1469
vt 0.3710 0.1568
vt 0.3687 0.1459
vt 0.3786 0.1557
vt 0.3757 0.1449
vt 0.4828 0.1661
vt 0.4756 0.1654
vt 0.3098 0.1515
vt 0.3238 0.1448
vt 0.3640 0.8878
vt 0.3751 0.8879
vt 0.3732 0.8914
vt 0.3623 0.8908
vt 0.3358 0.8892
vt 0.3397 0.8921
vt 0.4046 0.8968
vt 0.4004 0.8956
vt 0.3352 0.9179
vt 0.3356 0.9152
vt 0.3826 0.1437
vt 0.5246 0.1497
vt 0.3121 0.9231
vt 0.3118 0.9195
vt 0.4901 0.1665
vt 0.4977 0.1666
vt 0.5058 0.1664
vt 0.5148 0.1660
vt 0.5243 0.1653
vt 0.4026 0.1488
vt 0.3989 0.1526
vt 0.3342 0.1469
vt 0.3238 0.1448
vt 0.3440 0.1477
vt 0.4841 0.1545
vt 0.4909 0.1554
vt 0.4983 0.1558
vt 0.5063 0.1548
vt 0.5153 0.1530
vt 0.5246 0.1497
vt 0.3727 0.8985
vt 0.3837 0.8991
vt 0.3941 0.8999
vt 0.3727 0.8985
vt 0.3726 0.9064
vt 0.3623 0.9063
vt 0.3621 0.8980
vt 0.3621 0.8980
vt 0.3524 0.8977
vt 0.3441 0.9061
vt 0.3443 0.8975
vt 0.3524 0.8977
vt 0.3527 0.9062
vt 0.3939 0.9066
vt 0.3833 0.9066
vt 0.2866 0.9009
vt 0.2771 0.9009
vt 0.2677 0.9011
vt 0.2866 0.9009
vt 0.2955 0.9011
vt 0.2948 0.9098
vt 0.2860 0.9095
vt 0.2955 0.9011
vt 0.3036 0.9013
vt 0.3107 0.9097
vt 0.3031 0.9099
vt 0.3036 0.9013
vt 0.3105 0.9012
vt 0.2673 0.9088
vt 0.2767 0.9092
vt 0.4720 0.1422
vt 0.4741 0.1333
vt 0.4841 0.1532
vt 0.4775 0.1521
vt 0.4716 0.1506
vt 0.4831 0.1257
vt 0.4893 0.1239
vt 0.5078 0.1232
vt 0.5146 0.1254
vt 0.5245 0.1400
vt 0.5228 0.1484
vt 0.5013 0.1223
vt 0.5198 0.1279
vt 0.5234 0.1320
vt 0.4780 0.1280
vt 0.5143 0.1516
vt 0.4953 0.1226
vt 0.5056 0.1533
vt 0.4978 0.1545
vt 0.4906 0.1541
vt 0.3413 0.1271
vt 0.3499 0.1263
vt 0.3814 0.1426
vt 0.3752 0.1437
vt 0.3227 0.1319
vt 0.3245 0.1293
vt 0.3722 0.1243
vt 0.3779 0.1230
vt 0.3805 0.1358
vt 0.3327 0.1282
vt 0.3579 0.1258
vt 0.3655 0.1251
vt 0.3793 0.1284
vt 0.3228 0.1373
vt 0.3354 0.1456
vt 0.3257 0.1438
vt 0.3445 0.1465
vt 0.3532 0.1464
vt 0.3613 0.1456
vt 0.3686 0.1447
vt 0.2869 0.8092
vt 0.2871 0.8026
vt 0.2884 0.8044
vt 0.2883 0.8089
vt 0.2913 0.8157
vt 0.2890 0.8212
vt 0.2893 0.8167
vt 0.2899 0.8140
vt 0.2891 0.7948
vt 0.2914 0.8025
vt 0.2899 0.8044
vt 0.2894 0.8016
vt 0.2914 0.8089
vt 0.2899 0.8088
vt 0.2885 0.7948
vt 0.2891 0.8017
vt 0.2874 0.8159
vt 0.2886 0.8140
vt 0.2229 0.8485
vt 0.2053 0.8591
vt 0.2053 0.8418
vt 0.2208 0.8361
vt 0.2043 0.8273
vt 0.2186 0.8236
vt 0.1823 0.9482
vt 0.1786 0.9642
vt 0.1681 0.9611
vt 0.1713 0.9448
vt 0.1536 0.9580
vt 0.1568 0.9423
vt 0.1595 0.9269
vt 0.1459 0.9235
vt 0.1483 0.9084
vt 0.1619 0.9123
vt 0.1681 0.8683
vt 0.1520 0.8684
vt 0.1528 0.8512
vt 0.1695 0.8500
vt 0.1317 0.9211
vt 0.1342 0.9055
vt 0.1365 0.8671
vt 0.1365 0.8512
vt 0.1171 0.9186
vt 0.1044 0.9162
vt 0.1066 0.8999
vt 0.1196 0.9025
vt 0.1212 0.8655
vt 0.1066 0.8641
vt 0.1063 0.8500
vt 0.1207 0.8506
vt 0.0884 0.0564
vt 0.0766 0.0568
vt 0.0775 0.0691
vt 0.0890 0.0686
vt 0.0923 0.2816
vt 0.0788 0.2804
vt 0.0784 0.2932
vt 0.0921 0.2944
vt 0.1915 0.3637
vt 0.1730 0.3658
vt 0.1758 0.3793
vt 0.1941 0.3773
vt 0.0784 0.0815
vt 0.0791 0.0940
vt 0.0901 0.0932
vt 0.0896 0.0808
vt 0.2094 0.4156
vt 0.1961 0.4115
vt 0.1905 0.4436
vt 0.2006 0.4444
vt 0.2318 0.3794
vt 0.2487 0.3751
vt 0.2430 0.3640
vt 0.2280 0.3681
vt 0.1546 0.4647
vt 0.1528 0.4647
vt 0.1514 0.4770
vt 0.1531 0.4772
vt 0.1514 0.4646
vt 0.1444 0.4641
vt 0.1433 0.4755
vt 0.1500 0.4768
vt 0.1325 0.4632
vt 0.1317 0.4750
vt 0.1207 0.4634
vt 0.1075 0.4632
vt 0.1074 0.4759
vt 0.1202 0.4751
vt 0.1568 0.3668
vt 0.1552 0.3669
vt 0.1551 0.3800
vt 0.1569 0.3799
vt 0.2119 0.3727
vt 0.2153 0.3852
vt 0.1531 0.3672
vt 0.1421 0.3679
vt 0.1432 0.3805
vt 0.1533 0.3802
vt 0.1897 0.9518
vt 0.1859 0.9671
vt 0.1305 0.3688
vt 0.1310 0.3812
vt 0.1577 0.4080
vt 0.1555 0.4079
vt 0.1542 0.4387
vt 0.1562 0.4383
vt 0.1869 0.8311
vt 0.1874 0.8469
vt 0.1695 0.8500
vt 0.1692 0.8341
vt 0.1540 0.4078
vt 0.1459 0.4071
vt 0.1452 0.4403
vt 0.1527 0.4389
vt 0.1327 0.4068
vt 0.1324 0.4385
vt 0.1199 0.4070
vt 0.1053 0.4071
vt 0.1062 0.4365
vt 0.1202 0.4387
vt 0.0938 0.4625
vt 0.0940 0.4775
vt 0.0907 0.3953
vt 0.1051 0.3949
vt 0.1051 0.3821
vt 0.0911 0.3824
vt 0.1184 0.3694
vt 0.1052 0.3697
vt 0.1051 0.3821
vt 0.1186 0.3817
vt 0.0914 0.3699
vt 0.2119 0.3727
vt 0.2091 0.3599
vt 0.2385 0.3523
vt 0.2247 0.3560
vt 0.2265 0.8584
vt 0.2284 0.8629
vt 0.2110 0.8864
vt 0.2036 0.8820
vt 0.0780 0.3060
vt 0.0919 0.3072
vt 0.1059 0.8364
vt 0.1205 0.8365
vt 0.1364 0.8363
vt 0.1526 0.8357
vt 0.1862 0.4687
vt 0.1734 0.4659
vt 0.1714 0.4792
vt 0.1840 0.4808
vt 0.2199 0.3954
vt 0.2249 0.4036
vt 0.2382 0.3967
vt 0.2350 0.3887
vt 0.2556 0.3889
vt 0.2532 0.3847
vt 0.1681 0.8683
vt 0.1860 0.8658
vt 0.1823 0.8874
vt 0.1658 0.8870
vt 0.0916 0.4307
vt 0.0904 0.4074
vt 0.1044 0.6292
vt 0.0932 0.6294
vt 0.0930 0.6160
vt 0.1039 0.6159
vt 0.1191 0.3946
vt 0.1051 0.3949
vt 0.1447 0.3939
vt 0.1319 0.3942
vt 0.1536 0.3940
vt 0.1572 0.3939
vt 0.1552 0.3939
vt 0.1960 0.3927
vt 0.1783 0.3942
vt 0.1071 0.8772
vt 0.1210 0.8794
vt 0.1364 0.8823
vt 0.1508 0.8851
vt 0.1658 0.8870
vt 0.1763 0.9135
vt 0.0918 0.8492
vt 0.0914 0.8360
vt 0.0920 0.8973
vt 0.0930 0.8753
vt 0.0905 0.5473
vt 0.0910 0.5347
vt 0.1015 0.5345
vt 0.1009 0.5472
vt 0.0916 0.3575
vt 0.0769 0.3573
vt 0.0766 0.3700
vt 0.0914 0.3699
vt 0.2153 0.3852
vt 0.1960 0.3927
vt 0.1961 0.4115
vt 0.2199 0.3954
vt 0.2036 0.8820
vt 0.1883 0.9153
vt 0.1954 0.4704
vt 0.1930 0.4829
vt 0.1969 0.9197
vt 0.1802 0.4098
vt 0.1770 0.4378
vt 0.2053 0.8591
vt 0.0872 0.0443
vt 0.0751 0.0447
vt 0.1080 0.7581
vt 0.0951 0.7588
vt 0.0955 0.7460
vt 0.1082 0.7452
vt 0.1186 0.6922
vt 0.1070 0.6931
vt 0.1066 0.6800
vt 0.1180 0.6791
vt 0.1732 0.2229
vt 0.1871 0.2204
vt 0.1859 0.2074
vt 0.1721 0.2097
vt 0.1425 0.6899
vt 0.1306 0.6911
vt 0.1299 0.6781
vt 0.1416 0.6770
vt 0.1997 0.2179
vt 0.2111 0.2158
vt 0.2095 0.2033
vt 0.1983 0.2052
vt 0.1044 0.2301
vt 0.1152 0.2301
vt 0.1145 0.2167
vt 0.1039 0.2168
vt 0.1547 0.6886
vt 0.1536 0.6758
vt 0.0926 0.2297
vt 0.0922 0.2165
vt 0.1820 0.6855
vt 0.1682 0.6871
vt 0.1668 0.6744
vt 0.1803 0.6729
vt 0.1246 0.2296
vt 0.1238 0.2162
vt 0.1936 0.6842
vt 0.1916 0.6716
vt 0.1339 0.2286
vt 0.1331 0.2151
vt 0.1589 0.2250
vt 0.1581 0.2117
vt 0.1446 0.2271
vt 0.1454 0.2270
vt 0.1443 0.2136
vt 0.1434 0.2137
vt 0.1480 0.2265
vt 0.1469 0.2131
vt 0.1540 0.3049
vt 0.1649 0.3035
vt 0.1640 0.2907
vt 0.1531 0.2921
vt 0.1505 0.3056
vt 0.1516 0.3055
vt 0.1507 0.2927
vt 0.1496 0.2928
vt 0.1342 0.7688
vt 0.1206 0.7700
vt 0.1206 0.7571
vt 0.1338 0.7558
vt 0.1808 0.3008
vt 0.1798 0.2880
vt 0.1278 0.3078
vt 0.1384 0.3069
vt 0.1375 0.2942
vt 0.1272 0.2951
vt 0.1774 0.7641
vt 0.1618 0.7658
vt 0.1604 0.7529
vt 0.1755 0.7512
vt 0.2062 0.7604
vt 0.1931 0.7621
vt 0.1910 0.7494
vt 0.2039 0.7477
vt 0.1169 0.3081
vt 0.1167 0.2954
vt 0.1050 0.3079
vt 0.1050 0.2952
vt 0.1970 0.2972
vt 0.2119 0.2937
vt 0.2099 0.2811
vt 0.1954 0.2845
vt 0.1478 0.7674
vt 0.1469 0.7544
vt 0.2249 0.2906
vt 0.2225 0.2781
vt 0.1077 0.7710
vt 0.1080 0.7581
vt 0.1011 0.1199
vt 0.1105 0.1193
vt 0.1100 0.1051
vt 0.1007 0.1057
vt 0.1861 0.1170
vt 0.1964 0.1161
vt 0.1946 0.1034
vt 0.1843 0.1041
vt 0.1341 0.5875
vt 0.1234 0.5876
vt 0.1224 0.5736
vt 0.1329 0.5736
vt 0.1617 0.1181
vt 0.1746 0.1177
vt 0.1728 0.1045
vt 0.1600 0.1046
vt 0.1127 0.5877
vt 0.1025 0.5877
vt 0.1016 0.5735
vt 0.1118 0.5736
vt 0.1403 0.1181
vt 0.1490 0.1181
vt 0.1475 0.1044
vt 0.1395 0.1041
vt 0.1187 0.1188
vt 0.1180 0.1046
vt 0.1373 0.1181
vt 0.1382 0.1181
vt 0.1375 0.1041
vt 0.1366 0.1042
vt 0.1269 0.1185
vt 0.1260 0.1044
vt 0.0929 0.7974
vt 0.0937 0.7845
vt 0.1072 0.7840
vt 0.1067 0.7971
vt 0.1572 0.5863
vt 0.1451 0.5871
vt 0.1437 0.5734
vt 0.1558 0.5728
vt 0.1798 0.5835
vt 0.1695 0.5849
vt 0.1681 0.5717
vt 0.1785 0.5704
vt 0.0906 0.1206
vt 0.0903 0.1064
vt 0.4644 0.7808
vt 0.4734 0.7808
vt 0.4734 0.7818
vt 0.4644 0.7818
vt 0.3465 0.7920
vt 0.3371 0.7920
vt 0.3371 0.7911
vt 0.3465 0.7911
vt 0.4029 0.7808
vt 0.4100 0.7808
vt 0.4100 0.7818
vt 0.4029 0.7818
vt 0.3858 0.7920
vt 0.3776 0.7920
vt 0.3776 0.7911
vt 0.3858 0.7911
vt 0.3870 0.7920
vt 0.3870 0.7911
vt 0.4467 0.7808
vt 0.4557 0.7808
vt 0.4557 0.7818
vt 0.4467 0.7818
vt 0.3565 0.7920
vt 0.3565 0.7911
vt 0.3960 0.7808
vt 0.3960 0.7818
vt 0.3371 0.7808
vt 0.3465 0.7808
vt 0.3465 0.7818
vt 0.3371 0.7818
vt 0.3886 0.7808
vt 0.3894 0.7808
vt 0.3894 0.7818
vt 0.3886 0.7818
vt 0.5111 0.7920
vt 0.5008 0.7920
vt 0.5008 0.7911
vt 0.5111 0.7911
vt 0.4100 0.7920
vt 0.4029 0.7920
vt 0.4029 0.7911
vt 0.4100 0.7911
vt 0.3674 0.7808
vt 0.3776 0.7808
vt 0.3776 0.7818
vt 0.3674 0.7818
vt 0.3565 0.7808
vt 0.3565 0.7818
vt 0.3674 0.7920
vt 0.3674 0.7911
vt 0.0926 0.2687
vt 0.0929 0.2558
vt 0.0800 0.2548
vt 0.0794 0.2676
vt 0.0803 0.2290
vt 0.0803 0.2419
vt 0.0929 0.2428
vt 0.0926 0.2297
vt 0.1009 0.5602
vt 0.0904 0.5601
vt 0.0945 0.7717
vt 0.1077 0.7710
vt 0.0957 0.7331
vt 0.0956 0.7201
vt 0.1077 0.7193
vt 0.1081 0.7323
vt 0.1059 0.8232
vt 0.1203 0.8230
vt 0.1062 0.8102
vt 0.1203 0.8096
vt 0.1067 0.7971
vt 0.1204 0.7963
vt 0.1206 0.7831
vt 0.2064 0.3472
vt 0.1890 0.3507
vt 0.2033 0.3347
vt 0.1864 0.3380
vt 0.2009 0.3222
vt 0.1840 0.3256
vt 0.1986 0.3098
vt 0.1822 0.3133
vt 0.1359 0.8224
vt 0.1517 0.8214
vt 0.1354 0.8088
vt 0.1507 0.8076
vt 0.1350 0.7953
vt 0.1497 0.7939
vt 0.1346 0.7819
vt 0.1487 0.7805
vt 0.2350 0.3403
vt 0.2217 0.3436
vt 0.2321 0.3280
vt 0.2188 0.3312
vt 0.2295 0.3156
vt 0.2163 0.3187
vt 0.2272 0.3031
vt 0.2138 0.3063
vt 0.1180 0.3574
vt 0.1052 0.3576
vt 0.1177 0.3453
vt 0.1052 0.3454
vt 0.1174 0.3330
vt 0.1052 0.3330
vt 0.1173 0.3206
vt 0.1050 0.3205
vt 0.1679 0.8198
vt 0.1663 0.8059
vt 0.1647 0.7923
vt 0.1633 0.7790
vt 0.0917 0.3451
vt 0.0918 0.3326
vt 0.0918 0.3199
vt 0.1853 0.8171
vt 0.2023 0.8139
vt 0.1832 0.8036
vt 0.2000 0.8008
vt 0.1812 0.7902
vt 0.1976 0.7878
vt 0.1793 0.7771
vt 0.1954 0.7749
vt 0.1299 0.3568
vt 0.1295 0.3448
vt 0.1289 0.3325
vt 0.1285 0.3203
vt 0.2161 0.8111
vt 0.2136 0.7984
vt 0.2111 0.7857
vt 0.2086 0.7730
vt 0.1061 0.6670
vt 0.0947 0.6679
vt 0.0942 0.6551
vt 0.1056 0.6544
vt 0.0777 0.3188
vt 0.4734 0.7920
vt 0.4644 0.7920
vt 0.4644 0.7911
vt 0.4734 0.7911
vt 0.0775 0.3316
vt 0.1414 0.3558
vt 0.1408 0.3437
vt 0.1401 0.3315
vt 0.1393 0.3193
vt 0.1707 0.3530
vt 0.1690 0.3405
vt 0.1673 0.3282
vt 0.1660 0.3159
vt 0.1542 0.3670
vt 0.1552 0.3669
vt 0.1550 0.3545
vt 0.1539 0.3546
vt 0.1544 0.3422
vt 0.1532 0.3424
vt 0.1535 0.3301
vt 0.1524 0.3302
vt 0.1526 0.3179
vt 0.1515 0.3180
vt 0.1585 0.3667
vt 0.1579 0.3541
vt 0.1571 0.3418
vt 0.1560 0.3296
vt 0.1550 0.3174
vt 0.1632 0.2776
vt 0.1523 0.2791
vt 0.1622 0.2645
vt 0.1514 0.2660
vt 0.1610 0.2514
vt 0.1503 0.2529
vt 0.1599 0.2383
vt 0.1491 0.2398
vt 0.5111 0.7808
vt 0.5208 0.7808
vt 0.5208 0.7818
vt 0.5111 0.7818
vt 0.0954 0.6941
vt 0.0952 0.6809
vt 0.1498 0.2797
vt 0.1488 0.2798
vt 0.1488 0.2665
vt 0.1478 0.2666
vt 0.1477 0.2534
vt 0.1468 0.2536
vt 0.1466 0.2403
vt 0.1457 0.2404
vt 0.1205 0.7442
vt 0.1333 0.7429
vt 0.1201 0.7313
vt 0.1326 0.7301
vt 0.1196 0.7183
vt 0.1319 0.7172
vt 0.1191 0.7053
vt 0.1313 0.7041
vt 0.1789 0.2750
vt 0.1775 0.2620
vt 0.1758 0.2491
vt 0.1743 0.2360
vt 0.1367 0.2812
vt 0.1267 0.2822
vt 0.1360 0.2681
vt 0.1263 0.2691
vt 0.1354 0.2551
vt 0.1259 0.2561
vt 0.1347 0.2419
vt 0.1253 0.2430
vt 0.0793 0.1072
vt 0.0903 0.1064
vt 0.0916 0.8231
vt 0.0922 0.8103
vt 0.1591 0.7401
vt 0.1739 0.7385
vt 0.1580 0.7274
vt 0.1724 0.7257
vt 0.1569 0.7145
vt 0.1711 0.7129
vt 0.1558 0.7016
vt 0.1697 0.7000
vt 0.1890 0.7367
vt 0.2016 0.7350
vt 0.1872 0.7239
vt 0.1996 0.7224
vt 0.1856 0.7112
vt 0.1977 0.7097
vt 0.1838 0.6984
vt 0.1957 0.6970
vt 0.1166 0.2825
vt 0.1165 0.2695
vt 0.1163 0.2565
vt 0.1159 0.2434
vt 0.1050 0.2823
vt 0.1051 0.2694
vt 0.1052 0.2564
vt 0.1050 0.2433
vt 0.0929 0.2428
vt 0.2077 0.2686
vt 0.1941 0.2717
vt 0.2055 0.2560
vt 0.1922 0.2590
vt 0.2032 0.2435
vt 0.1901 0.2462
vt 0.2013 0.2307
vt 0.1885 0.2334
vt 0.1460 0.7416
vt 0.1451 0.7288
vt 0.1442 0.7159
vt 0.1434 0.7029
vt 0.2201 0.2657
vt 0.2176 0.2533
vt 0.2151 0.2409
vt 0.2130 0.2284
vt 0.1081 0.7323
vt 0.1074 0.7063
vt 0.0761 0.3831
vt 0.0757 0.3964
vt 0.0955 0.7071
vt 0.1407 0.6645
vt 0.1526 0.6634
vt 0.1398 0.6523
vt 0.1517 0.6513
vt 0.1388 0.6401
vt 0.1507 0.6392
vt 0.1378 0.6277
vt 0.1496 0.6269
vt 0.1367 0.6148
vt 0.1482 0.6141
vt 0.1354 0.6013
vt 0.1466 0.6008
vt 0.1968 0.1928
vt 0.1846 0.1947
vt 0.1953 0.1805
vt 0.1833 0.1822
vt 0.1936 0.1683
vt 0.1818 0.1698
vt 0.1917 0.1559
vt 0.1801 0.1573
vt 0.1899 0.1432
vt 0.1784 0.1443
vt 0.1880 0.1302
vt 0.1765 0.1311
vt 0.1035 0.2034
vt 0.0918 0.2032
vt 0.1031 0.1900
vt 0.0915 0.1900
vt 0.1029 0.1766
vt 0.0914 0.1767
vt 0.1025 0.1631
vt 0.0914 0.1633
vt 0.1021 0.1490
vt 0.0912 0.1494
vt 0.1016 0.1345
vt 0.0909 0.1351
vt 0.1656 0.6621
vt 0.1788 0.6605
vt 0.1645 0.6499
vt 0.1775 0.6483
vt 0.1635 0.6378
vt 0.1762 0.6362
vt 0.1622 0.6255
vt 0.1748 0.6239
vt 0.1606 0.6128
vt 0.1731 0.6112
vt 0.1589 0.5997
vt 0.1712 0.5982
vt 0.1899 0.6592
vt 0.1884 0.6469
vt 0.1870 0.6347
vt 0.1853 0.6223
vt 0.1834 0.6096
vt 0.1815 0.5966
vt 0.0938 0.6423
vt 0.1050 0.6419
vt 0.0751 0.4092
vt 0.0769 0.4349
vt 0.0799 0.1497
vt 0.0798 0.1634
vt 0.0796 0.1897
vt 0.0798 0.2028
vt 0.0803 0.4648
vt 0.0812 0.4791
vt 0.0796 0.1213
vt 0.0798 0.1357
vt 0.1324 0.2017
vt 0.1232 0.2027
vt 0.1317 0.1882
vt 0.1226 0.1892
vt 0.1310 0.1748
vt 0.1220 0.1757
vt 0.1301 0.1613
vt 0.1213 0.1620
vt 0.1290 0.1472
vt 0.1204 0.1479
vt 0.1279 0.1329
vt 0.1195 0.1334
vt 0.1173 0.6662
vt 0.1290 0.6654
vt 0.1167 0.6537
vt 0.1282 0.6530
vt 0.1160 0.6414
vt 0.1273 0.6408
vt 0.1152 0.6288
vt 0.1264 0.6284
vt 0.1144 0.6157
vt 0.1254 0.6153
vt 0.1136 0.6019
vt 0.1245 0.6017
vt 0.1711 0.1968
vt 0.1572 0.1986
vt 0.1700 0.1840
vt 0.1564 0.1855
vt 0.1687 0.1713
vt 0.1553 0.1726
vt 0.1671 0.1585
vt 0.1540 0.1594
vt 0.1654 0.1453
vt 0.1524 0.1459
vt 0.1635 0.1317
vt 0.1507 0.1321
vt 0.1432 0.2003
vt 0.1424 0.2004
vt 0.1421 0.1870
vt 0.1414 0.1872
vt 0.1412 0.1738
vt 0.1405 0.1739
vt 0.1404 0.1604
vt 0.1396 0.1605
vt 0.1396 0.1465
vt 0.1388 0.1466
vt 0.1388 0.1324
vt 0.1381 0.1324
vt 0.1140 0.2032
vt 0.1135 0.1898
vt 0.1131 0.1763
vt 0.1126 0.1626
vt 0.1118 0.1484
vt 0.1112 0.1339
vt 0.0901 0.9140
vt 0.1016 0.5735
vt 0.0912 0.5734
vt 0.1458 0.1998
vt 0.1449 0.1867
vt 0.1439 0.1735
vt 0.1430 0.1601
vt 0.1420 0.1464
vt 0.1412 0.1323
vt 0.1061 0.6670
vt 0.1032 0.6020
vt 0.2079 0.1910
vt 0.2062 0.1789
vt 0.2043 0.1668
vt 0.2023 0.1545
vt 0.2003 0.1419
vt 0.1983 0.1291
vt 0.1321 0.5602
vt 0.1427 0.5601
vt 0.1313 0.5470
vt 0.1415 0.5470
vt 0.1307 0.5339
vt 0.1402 0.5340
vt 0.1304 0.5215
vt 0.1392 0.5216
vt 0.1302 0.5095
vt 0.1385 0.5095
vt 0.1300 0.4966
vt 0.1381 0.4965
vt 0.4910 0.7948
vt 0.4821 0.7948
vt 0.4821 0.7935
vt 0.4910 0.7935
vt 0.1827 0.0917
vt 0.1713 0.0919
vt 0.1817 0.0795
vt 0.1701 0.0798
vt 0.1811 0.0673
vt 0.1692 0.0676
vt 0.1809 0.0550
vt 0.1686 0.0552
vt 0.1813 0.0426
vt 0.1688 0.0428
vt 0.1791 0.0305
vt 0.1667 0.0309
vt 0.3565 0.7948
vt 0.3465 0.7948
vt 0.3465 0.7935
vt 0.3565 0.7935
vt 0.1005 0.0925
vt 0.1001 0.0802
vt 0.0998 0.0681
vt 0.0994 0.0559
vt 0.0985 0.0437
vt 0.1000 0.0321
vt 0.0886 0.0324
vt 0.4275 0.7948
vt 0.4183 0.7948
vt 0.4183 0.7935
vt 0.4275 0.7935
vt 0.1547 0.5598
vt 0.1672 0.5589
vt 0.1532 0.5469
vt 0.1657 0.5464
vt 0.1515 0.5341
vt 0.1640 0.5338
vt 0.1497 0.5217
vt 0.1621 0.5215
vt 0.1482 0.5095
vt 0.1599 0.5092
vt 0.1483 0.4964
vt 0.1607 0.4963
vt 0.5111 0.7948
vt 0.5008 0.7948
vt 0.5008 0.7935
vt 0.5111 0.7935
vt 0.1776 0.5578
vt 0.1762 0.5456
vt 0.1747 0.5333
vt 0.1730 0.5210
vt 0.1710 0.5087
vt 0.1720 0.4961
vt 0.5208 0.7948
vt 0.5208 0.7935
vt 0.0920 0.5876
vt 0.1038 0.5100
vt 0.0933 0.5101
vt 0.0920 0.4976
vt 0.1028 0.4974
vt 0.0773 0.3445
vt 0.0765 0.0325
vt 0.1254 0.0913
vt 0.1176 0.0915
vt 0.1247 0.0790
vt 0.1171 0.0792
vt 0.1242 0.0671
vt 0.1168 0.0673
vt 0.1238 0.0547
vt 0.1166 0.0550
vt 0.1234 0.0424
vt 0.1161 0.0427
vt 0.1235 0.0308
vt 0.1168 0.0311
vt 0.4029 0.7948
vt 0.3960 0.7948
vt 0.3960 0.7935
vt 0.4029 0.7935
vt 0.1110 0.5602
vt 0.1216 0.5602
vt 0.1109 0.5472
vt 0.1212 0.5471
vt 0.1113 0.5343
vt 0.1212 0.5341
vt 0.1120 0.5220
vt 0.1215 0.5217
vt 0.1132 0.5098
vt 0.1223 0.5096
vt 0.1124 0.4971
vt 0.1217 0.4968
vt 0.4734 0.7948
vt 0.4644 0.7948
vt 0.4644 0.7935
vt 0.4734 0.7935
vt 0.1586 0.0918
vt 0.1464 0.0915
vt 0.1574 0.0796
vt 0.1453 0.0793
vt 0.1563 0.0675
vt 0.1443 0.0672
vt 0.1554 0.0551
vt 0.1435 0.0548
vt 0.1554 0.0427
vt 0.1433 0.0424
vt 0.1535 0.0310
vt 0.1420 0.0308
vt 0.3776 0.7948
vt 0.3674 0.7948
vt 0.3674 0.7935
vt 0.3776 0.7935
vt 0.1368 0.0910
vt 0.1360 0.0911
vt 0.1362 0.0788
vt 0.1353 0.0788
vt 0.1354 0.0667
vt 0.1346 0.0668
vt 0.1346 0.0546
vt 0.1338 0.0546
vt 0.1339 0.0422
vt 0.1331 0.0422
vt 0.1328 0.0305
vt 0.1321 0.0306
vt 0.3886 0.7948
vt 0.3880 0.7948
vt 0.3880 0.7935
vt 0.3886 0.7935
vt 0.1097 0.0919
vt 0.1093 0.0796
vt 0.1091 0.0676
vt 0.1089 0.0553
vt 0.1082 0.0432
vt 0.1094 0.0316
vt 0.4100 0.7948
vt 0.4100 0.7935
vt 0.0924 0.8627
vt 0.1388 0.0911
vt 0.1381 0.0788
vt 0.1373 0.0668
vt 0.1365 0.0546
vt 0.1359 0.0423
vt 0.1348 0.0307
vt 0.3858 0.7948
vt 0.3858 0.7935
vt 0.1024 0.5222
vt 0.1038 0.5100
vt 0.4557 0.7948
vt 0.4557 0.7935
vt 0.1931 0.0911
vt 0.1923 0.0790
vt 0.1920 0.0667
vt 0.1920 0.0545
vt 0.1927 0.0422
vt 0.1905 0.0299
vt 0.3371 0.7948
vt 0.3371 0.7935
vt 0.0918 0.5223
vt 0.0925 0.6020
vt 0.4467 0.7948
vt 0.4467 0.7935
vt 0.0796 0.1767
vt 0.4372 0.7935
vt 0.4372 0.7948
vt 0.0800 0.2159
vt 0.0816 0.5101
vt 0.0803 0.4978
vt 0.0804 0.5224
vt 0.0798 0.5347
vt 0.0795 0.5473
vt 0.0795 0.5600
vt 0.0803 0.5732
vt 0.0815 0.6018
vt 0.0810 0.5874
vt 0.0818 0.6159
vt 0.0819 0.6296
vt 0.0822 0.6428
vt 0.0826 0.6558
vt 0.0830 0.6688
vt 0.0834 0.6819
vt 0.0831 0.7079
vt 0.0833 0.6949
vt 0.0829 0.7208
vt 0.0827 0.7336
vt 0.0822 0.7464
vt 0.0815 0.7592
vt 0.0797 0.7847
vt 0.0807 0.7720
vt 0.0787 0.7975
vt 0.0778 0.8102
vt 0.0770 0.8228
vt 0.0766 0.8355
vt 0.4372 0.7808
vt 0.4372 0.7818
vt 0.0782 0.8745
vt 0.0775 0.8618
vt 0.0770 0.9002
vt 0.0769 0.8485
vt 0.0757 0.9154
vt 0.3894 0.7948
vt 0.3894 0.7935
vt 0.1324 0.0423
vt 0.1315 0.0307
vt 0.1330 0.0547
vt 0.1337 0.0668
vt 0.1345 0.0789
vt 0.1351 0.0911
vt 0.1358 0.1042
vt 0.1373 0.1325
vt 0.1365 0.1182
vt 0.1381 0.1467
vt 0.1389 0.1606
vt 0.1398 0.1740
vt 0.1406 0.1873
vt 0.1416 0.2005
vt 0.1426 0.2139
vt 0.1448 0.2406
vt 0.1437 0.2273
vt 0.1459 0.2537
vt 0.1469 0.2668
vt 0.1477 0.2799
vt 0.1486 0.2929
vt 0.1504 0.3182
vt 0.1495 0.3057
vt 0.1513 0.3304
vt 0.1521 0.3425
vt 0.1528 0.3547
vt 0.3870 0.7808
vt 0.3880 0.7808
vt 0.3880 0.7818
vt 0.3870 0.7818
vt 0.1542 0.3801
vt 0.1544 0.3940
vt 0.1548 0.4079
vt 0.1534 0.4389
vt 0.1542 0.3670
vt 0.1521 0.4646
vt 0.1507 0.4769
vt 0.3870 0.7948
vt 0.3870 0.7935
vt 0.1349 0.0422
vt 0.1338 0.0306
vt 0.1355 0.0546
vt 0.1363 0.0668
vt 0.1371 0.0788
vt 0.1378 0.0911
vt 0.1385 0.1041
vt 0.1400 0.1323
vt 0.1392 0.1181
vt 0.1408 0.1464
vt 0.1417 0.1603
vt 0.1426 0.1736
vt 0.1435 0.1868
vt 0.1445 0.2001
vt 0.1456 0.2133
vt 0.1479 0.2400
vt 0.1467 0.2267
vt 0.1490 0.2532
vt 0.1501 0.2662
vt 0.1510 0.2794
vt 0.1519 0.2924
vt 0.1538 0.3177
vt 0.1528 0.3052
vt 0.1548 0.3299
vt 0.1557 0.3420
vt 0.1564 0.3543
vt 0.1568 0.3668
vt 0.4275 0.7920
vt 0.4183 0.7920
vt 0.4183 0.7911
vt 0.4275 0.7911
vt 0.1588 0.3798
vt 0.1593 0.3939
vt 0.1599 0.4081
vt 0.1582 0.4382
vt 0.1564 0.4648
vt 0.1549 0.4774
vt 0.3858 0.7808
vt 0.3858 0.7818
vt 0.4183 0.7837
vt 0.4100 0.7837
vt 0.4100 0.7818
vt 0.4183 0.7818
vt 0.3465 0.7837
vt 0.3371 0.7837
vt 0.4821 0.7837
vt 0.4734 0.7837
vt 0.4734 0.7818
vt 0.4821 0.7818
vt 0.3674 0.7837
vt 0.3565 0.7837
vt 0.3565 0.7818
vt 0.3674 0.7818
vt 0.4644 0.7837
vt 0.4557 0.7837
vt 0.3858 0.7837
vt 0.3776 0.7837
vt 0.3776 0.7818
vt 0.3858 0.7818
vt 0.4029 0.7837
vt 0.3886 0.7837
vt 0.3880 0.7837
vt 0.3880 0.7818
vt 0.3886 0.7818
vt 0.3960 0.7837
vt 0.5008 0.7837
vt 0.4910 0.7837
vt 0.4910 0.7818
vt 0.5008 0.7818
vt 0.5208 0.7837
vt 0.5111 0.7837
vt 0.4275 0.7837
vt 0.4275 0.7818
vt 0.4467 0.7837
vt 0.4372 0.7889
vt 0.4372 0.7911
vt 0.4275 0.7911
vt 0.4275 0.7889
vt 0.4372 0.7837
vt 0.3894 0.7837
vt 0.3894 0.7818
vt 0.3870 0.7837
vt 0.3880 0.7920
vt 0.3880 0.7911
vt 0.4821 0.7808
vt 0.4821 0.7920
vt 0.4821 0.7911
vt 0.4910 0.7808
vt 0.5008 0.7808
vt 0.4372 0.7920
vt 0.3886 0.7920
vt 0.3886 0.7911
vt 0.5208 0.7920
vt 0.5208 0.7911
vt 0.4557 0.7920
vt 0.4467 0.7920
vt 0.4467 0.7911
vt 0.4557 0.7911
vt 0.3894 0.7920
vt 0.3894 0.7911
vt 0.4183 0.7808
vt 0.4275 0.7808
vt 0.4275 0.7818
vt 0.4910 0.7920
vt 0.4910 0.7911
vt 0.3960 0.7920
vt 0.3960 0.7911
vt 0.1332 0.0210
vt 0.1321 0.0210
vt 0.1315 0.0211
vt 0.1309 0.0212
vt 0.1343 0.0211
vt 0.1235 0.0214
vt 0.0796 0.4877
vt 0.0914 0.4873
vt 0.0891 0.0226
vt 0.0770 0.0226
vt 0.1023 0.4869
vt 0.1096 0.0222
vt 0.1004 0.0225
vt 0.1894 0.0199
vt 0.1781 0.0206
vt 0.1215 0.4862
vt 0.1299 0.4859
vt 0.1658 0.0211
vt 0.1531 0.0213
vt 0.1120 0.4865
vt 0.1419 0.0213
vt 0.1170 0.0218
vt 0.1381 0.4858
vt 0.1485 0.4858
vt 0.1610 0.4858
vt 0.1724 0.4858
vt 0.3870 0.7889
vt 0.3880 0.7889
vt 0.3870 0.7863
vt 0.3880 0.7863
vt 0.3886 0.7889
vt 0.3894 0.7889
vt 0.3886 0.7863
vt 0.3894 0.7863
vt 0.3858 0.7889
vt 0.3858 0.7863
vt 0.3960 0.7889
vt 0.3960 0.7863
vt 0.4467 0.7889
vt 0.4372 0.7863
vt 0.4467 0.7863
vt 0.4275 0.7863
vt 0.4557 0.7889
vt 0.4557 0.7863
vt 0.4821 0.7889
vt 0.4910 0.7889
vt 0.4821 0.7863
vt 0.4910 0.7863
vt 0.3465 0.7889
vt 0.3565 0.7889
vt 0.3465 0.7863
vt 0.3565 0.7863
vt 0.4183 0.7889
vt 0.4183 0.7863
vt 0.5008 0.7889
vt 0.5111 0.7889
vt 0.5008 0.7863
vt 0.5111 0.7863
vt 0.5208 0.7889
vt 0.5208 0.7863
vt 0.4029 0.7889
vt 0.4029 0.7863
vt 0.4644 0.7889
vt 0.4734 0.7889
vt 0.4644 0.7863
vt 0.4734 0.7863
vt 0.3674 0.7889
vt 0.3776 0.7889
vt 0.3674 0.7863
vt 0.3776 0.7863
vt 0.4100 0.7889
vt 0.4100 0.7863
vt 0.3371 0.7889
vt 0.3371 0.7863
vt 0.2254 0.8479
vt 0.2231 0.8355
vt 0.2076 0.8414
vt 0.2079 0.8587
vt 0.2207 0.8231
vt 0.2065 0.8269
vt 0.1859 0.9481
vt 0.1749 0.9448
vt 0.1719 0.9612
vt 0.1825 0.9641
vt 0.1604 0.9425
vt 0.1573 0.9582
vt 0.1629 0.9271
vt 0.1651 0.9124
vt 0.1514 0.9087
vt 0.1493 0.9238
vt 0.1708 0.8684
vt 0.1720 0.8500
vt 0.1553 0.8514
vt 0.1547 0.8686
vt 0.1373 0.9059
vt 0.1350 0.9216
vt 0.1390 0.8516
vt 0.1392 0.8675
vt 0.1204 0.9193
vt 0.1228 0.9031
vt 0.1097 0.9006
vt 0.1076 0.9170
vt 0.1238 0.8661
vt 0.1232 0.8512
vt 0.1088 0.8508
vt 0.1093 0.8648
vt 0.0943 0.0571
vt 0.0947 0.0693
vt 0.0832 0.0695
vt 0.0825 0.0572
vt 0.0939 0.2823
vt 0.0934 0.2951
vt 0.0798 0.2936
vt 0.0804 0.2808
vt 0.1915 0.3662
vt 0.1938 0.3800
vt 0.1755 0.3816
vt 0.1730 0.3680
vt 0.0838 0.0819
vt 0.0950 0.0815
vt 0.0953 0.0939
vt 0.0843 0.0945
vt 0.2084 0.4185
vt 0.1991 0.4471
vt 0.1890 0.4461
vt 0.1951 0.4142
vt 0.2315 0.3828
vt 0.2279 0.3714
vt 0.2430 0.3675
vt 0.2485 0.3788
vt 0.1526 0.4665
vt 0.1509 0.4790
vt 0.1492 0.4788
vt 0.1508 0.4665
vt 0.1494 0.4663
vt 0.1478 0.4785
vt 0.1411 0.4771
vt 0.1425 0.4658
vt 0.1295 0.4764
vt 0.1306 0.4646
vt 0.1188 0.4646
vt 0.1181 0.4763
vt 0.1052 0.4768
vt 0.1056 0.4641
vt 0.1568 0.3687
vt 0.1566 0.3818
vt 0.1548 0.3818
vt 0.1551 0.3688
vt 0.2148 0.3882
vt 0.2117 0.3756
vt 0.1531 0.3690
vt 0.1529 0.3820
vt 0.1429 0.3822
vt 0.1420 0.3695
vt 0.1934 0.9516
vt 0.1897 0.9669
vt 0.1307 0.3826
vt 0.1304 0.3702
vt 0.1568 0.4099
vt 0.1547 0.4402
vt 0.1528 0.4406
vt 0.1547 0.4098
vt 0.1892 0.8310
vt 0.1715 0.8341
vt 0.1720 0.8500
vt 0.1898 0.8467
vt 0.1532 0.4097
vt 0.1512 0.4407
vt 0.1438 0.4420
vt 0.1451 0.4088
vt 0.1310 0.4400
vt 0.1319 0.4083
vt 0.1190 0.4082
vt 0.1187 0.4399
vt 0.1048 0.4374
vt 0.1045 0.4080
vt 0.0919 0.4631
vt 0.0919 0.4782
vt 0.0901 0.3959
vt 0.0907 0.3831
vt 0.1048 0.3830
vt 0.1046 0.3958
vt 0.1183 0.3706
vt 0.1182 0.3829
vt 0.1048 0.3830
vt 0.1051 0.3706
vt 0.0913 0.3705
vt 0.2117 0.3756
vt 0.2091 0.3628
vt 0.2248 0.3592
vt 0.2387 0.3558
vt 0.2291 0.8577
vt 0.2065 0.8817
vt 0.2140 0.8859
vt 0.2310 0.8622
vt 0.0930 0.3079
vt 0.0791 0.3064
vt 0.1229 0.8371
vt 0.1082 0.8372
vt 0.1549 0.8359
vt 0.1387 0.8367
vt 0.1842 0.4711
vt 0.1817 0.4832
vt 0.1692 0.4814
vt 0.1714 0.4681
vt 0.2193 0.3985
vt 0.2345 0.3921
vt 0.2375 0.4001
vt 0.2241 0.4068
vt 0.2528 0.3884
vt 0.2551 0.3927
vt 0.1708 0.8684
vt 0.1688 0.8871
vt 0.1853 0.8872
vt 0.1887 0.8656
vt 0.0903 0.4313
vt 0.0896 0.4081
vt 0.1043 0.6300
vt 0.1036 0.6167
vt 0.0927 0.6169
vt 0.0931 0.6304
vt 0.1185 0.3958
vt 0.1046 0.3958
vt 0.1441 0.3956
vt 0.1313 0.3956
vt 0.1530 0.3959
vt 0.1566 0.3958
vt 0.1546 0.3958
vt 0.1954 0.3953
vt 0.1777 0.3965
vt 0.1238 0.8800
vt 0.1099 0.8779
vt 0.1537 0.8853
vt 0.1392 0.8827
vt 0.1688 0.8871
vt 0.1796 0.9134
vt 0.0937 0.8369
vt 0.0943 0.8502
vt 0.0958 0.8762
vt 0.0950 0.8982
vt 0.0894 0.5482
vt 0.0998 0.5481
vt 0.1003 0.5353
vt 0.0898 0.5356
vt 0.0917 0.3582
vt 0.0913 0.3705
vt 0.0765 0.3704
vt 0.0771 0.3576
vt 0.2148 0.3882
vt 0.2193 0.3985
vt 0.1951 0.4142
vt 0.1954 0.3953
vt 0.2065 0.8817
vt 0.1915 0.9151
vt 0.1934 0.4730
vt 0.1907 0.4855
vt 0.2002 0.9194
vt 0.1755 0.4400
vt 0.1793 0.4121
vt 0.2079 0.8587
vt 0.0934 0.0449
vt 0.0813 0.0451
vt 0.1094 0.7588
vt 0.1094 0.7460
vt 0.0968 0.7469
vt 0.0965 0.7597
vt 0.1192 0.6928
vt 0.1185 0.6797
vt 0.1071 0.6808
vt 0.1077 0.6939
vt 0.1759 0.2251
vt 0.1751 0.2119
vt 0.1889 0.2099
vt 0.1899 0.2229
vt 0.1432 0.6902
vt 0.1421 0.6774
vt 0.1304 0.6786
vt 0.1313 0.6916
vt 0.2025 0.2207
vt 0.2013 0.2079
vt 0.2126 0.2062
vt 0.2140 0.2188
vt 0.1070 0.2310
vt 0.1067 0.2177
vt 0.1174 0.2178
vt 0.1178 0.2312
vt 0.1553 0.6888
vt 0.1541 0.6760
vt 0.0952 0.2304
vt 0.0950 0.2172
vt 0.1826 0.6854
vt 0.1807 0.6728
vt 0.1672 0.6745
vt 0.1688 0.6872
vt 0.1267 0.2175
vt 0.1272 0.2309
vt 0.1941 0.6840
vt 0.1920 0.6714
vt 0.1360 0.2166
vt 0.1365 0.2301
vt 0.1616 0.2270
vt 0.1610 0.2136
vt 0.1472 0.2288
vt 0.1463 0.2154
vt 0.1472 0.2153
vt 0.1481 0.2287
vt 0.1506 0.2282
vt 0.1498 0.2148
vt 0.1552 0.3068
vt 0.1545 0.2940
vt 0.1654 0.2927
vt 0.1661 0.3055
vt 0.1517 0.3074
vt 0.1510 0.2946
vt 0.1521 0.2945
vt 0.1527 0.3073
vt 0.1357 0.7692
vt 0.1352 0.7563
vt 0.1220 0.7577
vt 0.1222 0.7706
vt 0.1813 0.2903
vt 0.1820 0.3032
vt 0.1289 0.3091
vt 0.1286 0.2964
vt 0.1389 0.2958
vt 0.1395 0.3085
vt 0.1789 0.7640
vt 0.1769 0.7512
vt 0.1617 0.7531
vt 0.1633 0.7660
vt 0.2077 0.7600
vt 0.2052 0.7473
vt 0.1923 0.7492
vt 0.1946 0.7619
vt 0.1180 0.3092
vt 0.1180 0.2965
vt 0.1063 0.2961
vt 0.1061 0.3088
vt 0.1983 0.2999
vt 0.1969 0.2872
vt 0.2115 0.2841
vt 0.2132 0.2967
vt 0.1482 0.7547
vt 0.1493 0.7677
vt 0.2241 0.2813
vt 0.2263 0.2939
vt 0.1094 0.7588
vt 0.1092 0.7718
vt 0.1058 0.1208
vt 0.1057 0.1065
vt 0.1150 0.1061
vt 0.1153 0.1204
vt 0.1908 0.1196
vt 0.1893 0.1065
vt 0.1996 0.1060
vt 0.2012 0.1189
vt 0.1335 0.5879
vt 0.1322 0.5741
vt 0.1216 0.5742
vt 0.1228 0.5882
vt 0.1664 0.1201
vt 0.1650 0.1066
vt 0.1778 0.1068
vt 0.1793 0.1200
vt 0.1121 0.5884
vt 0.1110 0.5743
vt 0.1009 0.5743
vt 0.1019 0.5885
vt 0.1451 0.1197
vt 0.1445 0.1058
vt 0.1526 0.1062
vt 0.1537 0.1199
vt 0.1230 0.1058
vt 0.1234 0.1200
vt 0.1421 0.1197
vt 0.1417 0.1057
vt 0.1425 0.1057
vt 0.1429 0.1197
vt 0.1310 0.1057
vt 0.1316 0.1198
vt 0.0948 0.7984
vt 0.1086 0.7978
vt 0.1089 0.7848
vt 0.0955 0.7854
vt 0.1566 0.5864
vt 0.1550 0.5730
vt 0.1429 0.5737
vt 0.1445 0.5874
vt 0.1792 0.5834
vt 0.1777 0.5703
vt 0.1674 0.5717
vt 0.1689 0.5850
vt 0.0953 0.1212
vt 0.0953 0.1070
vt 0.3951 0.8058
vt 0.3951 0.8068
vt 0.3859 0.8068
vt 0.3859 0.8058
vt 0.5170 0.8166
vt 0.5170 0.8158
vt 0.5267 0.8158
vt 0.5267 0.8166
vt 0.4587 0.8058
vt 0.4587 0.8068
vt 0.4513 0.8068
vt 0.4513 0.8058
vt 0.4764 0.8166
vt 0.4764 0.8158
vt 0.4848 0.8158
vt 0.4848 0.8166
vt 0.4751 0.8166
vt 0.4751 0.8158
vt 0.4135 0.8058
vt 0.4135 0.8068
vt 0.4041 0.8068
vt 0.4041 0.8058
vt 0.5066 0.8166
vt 0.5066 0.8158
vt 0.4658 0.8058
vt 0.4658 0.8068
vt 0.5267 0.8058
vt 0.5267 0.8068
vt 0.5170 0.8068
vt 0.5170 0.8058
vt 0.4735 0.8058
vt 0.4735 0.8068
vt 0.4727 0.8068
vt 0.4727 0.8058
vt 0.3469 0.8166
vt 0.3469 0.8158
vt 0.3575 0.8158
vt 0.3575 0.8166
vt 0.4513 0.8166
vt 0.4513 0.8158
vt 0.4587 0.8158
vt 0.4587 0.8166
vt 0.4954 0.8058
vt 0.4954 0.8068
vt 0.4848 0.8068
vt 0.4848 0.8058
vt 0.5066 0.8068
vt 0.5066 0.8058
vt 0.4954 0.8166
vt 0.4954 0.8158
vt 0.0944 0.2694
vt 0.0812 0.2680
vt 0.0821 0.2552
vt 0.0950 0.2565
vt 0.0829 0.2294
vt 0.0952 0.2304
vt 0.0953 0.2435
vt 0.0827 0.2424
vt 0.0999 0.5610
vt 0.0895 0.5610
vt 0.1092 0.7718
vt 0.0960 0.7726
vt 0.0968 0.7340
vt 0.1092 0.7330
vt 0.1087 0.7201
vt 0.0965 0.7211
vt 0.1225 0.8236
vt 0.1080 0.8240
vt 0.1224 0.8103
vt 0.1082 0.8109
vt 0.1223 0.7969
vt 0.1086 0.7978
vt 0.1223 0.7837
vt 0.1893 0.3532
vt 0.2068 0.3501
vt 0.1868 0.3405
vt 0.2039 0.3375
vt 0.1848 0.3281
vt 0.2017 0.3249
vt 0.1832 0.3157
vt 0.1996 0.3125
vt 0.1539 0.8217
vt 0.1381 0.8228
vt 0.1527 0.8078
vt 0.1375 0.8092
vt 0.1515 0.7942
vt 0.1369 0.7957
vt 0.1504 0.7808
vt 0.1363 0.7824
vt 0.2220 0.3468
vt 0.2354 0.3437
vt 0.2194 0.3343
vt 0.2327 0.3314
vt 0.2171 0.3217
vt 0.2305 0.3189
vt 0.2149 0.3093
vt 0.2284 0.3064
vt 0.1054 0.3585
vt 0.1181 0.3585
vt 0.1056 0.3463
vt 0.1181 0.3464
vt 0.1058 0.3339
vt 0.1180 0.3341
vt 0.1059 0.3214
vt 0.1181 0.3218
vt 0.1700 0.8198
vt 0.1683 0.8060
vt 0.1666 0.7924
vt 0.1649 0.7791
vt 0.0921 0.3458
vt 0.0924 0.3332
vt 0.0927 0.3206
vt 0.2044 0.8136
vt 0.1874 0.8170
vt 0.2019 0.8005
vt 0.1852 0.8034
vt 0.1994 0.7875
vt 0.1830 0.7901
vt 0.1970 0.7747
vt 0.1809 0.7770
vt 0.1301 0.3582
vt 0.1298 0.3461
vt 0.1295 0.3339
vt 0.1294 0.3216
vt 0.2181 0.8106
vt 0.2155 0.7979
vt 0.2128 0.7852
vt 0.2102 0.7726
vt 0.1065 0.6678
vt 0.1058 0.6552
vt 0.0944 0.6560
vt 0.0951 0.6688
vt 0.0786 0.3192
vt 0.3859 0.8166
vt 0.3859 0.8158
vt 0.3951 0.8158
vt 0.3951 0.8166
vt 0.0782 0.3320
vt 0.1416 0.3574
vt 0.1412 0.3453
vt 0.1407 0.3331
vt 0.1402 0.3209
vt 0.1710 0.3551
vt 0.1694 0.3427
vt 0.1680 0.3303
vt 0.1669 0.3180
vt 0.1541 0.3689
vt 0.1540 0.3565
vt 0.1552 0.3563
vt 0.1551 0.3688
vt 0.1537 0.3442
vt 0.1548 0.3441
vt 0.1531 0.3320
vt 0.1542 0.3319
vt 0.1524 0.3199
vt 0.1535 0.3198
vt 0.1584 0.3686
vt 0.1581 0.3561
vt 0.1575 0.3438
vt 0.1567 0.3315
vt 0.1559 0.3193
vt 0.1539 0.2809
vt 0.1648 0.2797
vt 0.1533 0.2678
vt 0.1642 0.2665
vt 0.1524 0.2547
vt 0.1632 0.2534
vt 0.1515 0.2415
vt 0.1623 0.2403
vt 0.3469 0.8058
vt 0.3469 0.8068
vt 0.3369 0.8068
vt 0.3369 0.8058
vt 0.0957 0.6819
vt 0.0961 0.6950
vt 0.1504 0.2815
vt 0.1514 0.2814
vt 0.1497 0.2684
vt 0.1507 0.2683
vt 0.1489 0.2553
vt 0.1499 0.2552
vt 0.1481 0.2421
vt 0.1490 0.2420
vt 0.1345 0.7434
vt 0.1217 0.7448
vt 0.1337 0.7305
vt 0.1212 0.7319
vt 0.1329 0.7176
vt 0.1205 0.7189
vt 0.1321 0.7046
vt 0.1199 0.7059
vt 0.1806 0.2773
vt 0.1795 0.2643
vt 0.1780 0.2514
vt 0.1768 0.2383
vt 0.1283 0.2835
vt 0.1383 0.2827
vt 0.1281 0.2705
vt 0.1379 0.2696
vt 0.1280 0.2574
vt 0.1375 0.2566
vt 0.1277 0.2443
vt 0.1370 0.2434
vt 0.0953 0.1070
vt 0.0843 0.1077
vt 0.0942 0.8113
vt 0.0937 0.8241
vt 0.1751 0.7385
vt 0.1603 0.7403
vt 0.1734 0.7257
vt 0.1590 0.7275
vt 0.1720 0.7129
vt 0.1578 0.7147
vt 0.1704 0.7000
vt 0.1566 0.7018
vt 0.2028 0.7347
vt 0.1902 0.7365
vt 0.2006 0.7220
vt 0.1882 0.7238
vt 0.1986 0.7094
vt 0.1865 0.7110
vt 0.1964 0.6967
vt 0.1845 0.6982
vt 0.1181 0.2837
vt 0.1183 0.2707
vt 0.1184 0.2577
vt 0.1182 0.2445
vt 0.1066 0.2832
vt 0.1069 0.2703
vt 0.1073 0.2573
vt 0.0953 0.2435
vt 0.1073 0.2442
vt 0.1958 0.2744
vt 0.2096 0.2715
vt 0.1942 0.2616
vt 0.2075 0.2589
vt 0.1924 0.2488
vt 0.2055 0.2463
vt 0.1910 0.2359
vt 0.2039 0.2335
vt 0.1472 0.7419
vt 0.1462 0.7291
vt 0.1451 0.7162
vt 0.1442 0.7033
vt 0.2219 0.2688
vt 0.2197 0.2564
vt 0.2174 0.2440
vt 0.2156 0.2314
vt 0.1092 0.7330
vt 0.1082 0.7070
vt 0.0750 0.3967
vt 0.0757 0.3834
vt 0.0963 0.7080
vt 0.1529 0.6637
vt 0.1410 0.6649
vt 0.1519 0.6515
vt 0.1400 0.6527
vt 0.1507 0.6395
vt 0.1388 0.6405
vt 0.1495 0.6271
vt 0.1377 0.6281
vt 0.1479 0.6143
vt 0.1364 0.6152
vt 0.1462 0.6011
vt 0.1349 0.6018
vt 0.1879 0.1972
vt 0.2001 0.1955
vt 0.1868 0.1847
vt 0.1988 0.1832
vt 0.1855 0.1722
vt 0.1973 0.1709
vt 0.1841 0.1597
vt 0.1957 0.1585
vt 0.1826 0.1467
vt 0.1942 0.1458
vt 0.1809 0.1334
vt 0.1925 0.1327
vt 0.0949 0.2039
vt 0.1066 0.2043
vt 0.0949 0.1907
vt 0.1065 0.1909
vt 0.0951 0.1774
vt 0.1065 0.1775
vt 0.0953 0.1640
vt 0.1064 0.1640
vt 0.0953 0.1501
vt 0.1062 0.1499
vt 0.0953 0.1358
vt 0.1060 0.1354
vt 0.1791 0.6605
vt 0.1659 0.6621
vt 0.1776 0.6483
vt 0.1646 0.6500
vt 0.1762 0.6362
vt 0.1635 0.6380
vt 0.1747 0.6239
vt 0.1621 0.6257
vt 0.1727 0.6112
vt 0.1603 0.6130
vt 0.1708 0.5982
vt 0.1584 0.5999
vt 0.1902 0.6590
vt 0.1885 0.6467
vt 0.1869 0.6345
vt 0.1851 0.6221
vt 0.1830 0.6095
vt 0.1810 0.5965
vt 0.1051 0.6427
vt 0.0938 0.6433
vt 0.0755 0.4353
vt 0.0743 0.4095
vt 0.0837 0.1639
vt 0.0840 0.1502
vt 0.0829 0.1902
vt 0.0829 0.2033
vt 0.0784 0.4652
vt 0.0790 0.4795
vt 0.0842 0.1361
vt 0.0843 0.1218
vt 0.1263 0.2040
vt 0.1355 0.2031
vt 0.1259 0.1904
vt 0.1351 0.1897
vt 0.1257 0.1769
vt 0.1347 0.1763
vt 0.1252 0.1633
vt 0.1340 0.1627
vt 0.1246 0.1491
vt 0.1332 0.1486
vt 0.1240 0.1346
vt 0.1324 0.1343
vt 0.1293 0.6659
vt 0.1177 0.6669
vt 0.1284 0.6535
vt 0.1169 0.6544
vt 0.1273 0.6413
vt 0.1160 0.6420
vt 0.1263 0.6289
vt 0.1151 0.6295
vt 0.1251 0.6159
vt 0.1142 0.6164
vt 0.1241 0.6023
vt 0.1132 0.6026
vt 0.1604 0.2005
vt 0.1743 0.1990
vt 0.1598 0.1875
vt 0.1734 0.1862
vt 0.1590 0.1745
vt 0.1724 0.1735
vt 0.1579 0.1613
vt 0.1711 0.1606
vt 0.1566 0.1478
vt 0.1696 0.1474
vt 0.1551 0.1339
vt 0.1680 0.1338
vt 0.1455 0.2021
vt 0.1463 0.2020
vt 0.1448 0.1888
vt 0.1456 0.1887
vt 0.1442 0.1755
vt 0.1449 0.1754
vt 0.1436 0.1621
vt 0.1443 0.1620
vt 0.1430 0.1482
vt 0.1438 0.1481
vt 0.1425 0.1340
vt 0.1433 0.1340
vt 0.1171 0.2043
vt 0.1169 0.1909
vt 0.1168 0.1774
vt 0.1165 0.1637
vt 0.1160 0.1495
vt 0.1156 0.1350
vt 0.0934 0.9150
vt 0.1009 0.5743
vt 0.0904 0.5743
vt 0.1490 0.2016
vt 0.1483 0.1884
vt 0.1476 0.1752
vt 0.1469 0.1618
vt 0.1462 0.1480
vt 0.1456 0.1339
vt 0.1065 0.6678
vt 0.1028 0.6028
vt 0.2113 0.1940
vt 0.2098 0.1818
vt 0.2080 0.1697
vt 0.2063 0.1574
vt 0.2046 0.1447
vt 0.2029 0.1318
vt 0.1418 0.5605
vt 0.1312 0.5607
vt 0.1405 0.5474
vt 0.1303 0.5475
vt 0.1390 0.5344
vt 0.1295 0.5344
vt 0.1378 0.5220
vt 0.1290 0.5220
vt 0.1370 0.5099
vt 0.1287 0.5100
vt 0.1364 0.4969
vt 0.1283 0.4972
vt 0.3677 0.8194
vt 0.3677 0.8181
vt 0.3768 0.8181
vt 0.3768 0.8194
vt 0.1765 0.0942
vt 0.1880 0.0941
vt 0.1756 0.0820
vt 0.1872 0.0820
vt 0.1749 0.0698
vt 0.1869 0.0697
vt 0.1746 0.0574
vt 0.1868 0.0574
vt 0.1750 0.0450
vt 0.1875 0.0451
vt 0.1731 0.0331
vt 0.1856 0.0329
vt 0.5066 0.8194
vt 0.5066 0.8181
vt 0.5170 0.8181
vt 0.5170 0.8194
vt 0.1057 0.0934
vt 0.1056 0.0810
vt 0.1055 0.0690
vt 0.1054 0.0567
vt 0.1047 0.0446
vt 0.0951 0.0331
vt 0.1064 0.0330
vt 0.4333 0.8194
vt 0.4333 0.8181
vt 0.4428 0.8181
vt 0.4428 0.8194
vt 0.1662 0.5590
vt 0.1538 0.5600
vt 0.1646 0.5465
vt 0.1522 0.5472
vt 0.1627 0.5340
vt 0.1503 0.5344
vt 0.1607 0.5216
vt 0.1484 0.5220
vt 0.1584 0.5094
vt 0.1467 0.5098
vt 0.1591 0.4965
vt 0.1466 0.4967
vt 0.3469 0.8194
vt 0.3469 0.8181
vt 0.3575 0.8181
vt 0.3575 0.8194
vt 0.1766 0.5578
vt 0.1752 0.5455
vt 0.1734 0.5332
vt 0.1717 0.5210
vt 0.1695 0.5088
vt 0.1703 0.4961
vt 0.3369 0.8194
vt 0.3369 0.8181
vt 0.0914 0.5885
vt 0.1023 0.5109
vt 0.1011 0.4982
vt 0.0904 0.4986
vt 0.0918 0.5111
vt 0.0777 0.3449
vt 0.0829 0.0330
vt 0.1228 0.0927
vt 0.1306 0.0926
vt 0.1226 0.0804
vt 0.1302 0.0803
vt 0.1225 0.0685
vt 0.1299 0.0684
vt 0.1225 0.0562
vt 0.1297 0.0561
vt 0.1223 0.0438
vt 0.1296 0.0437
vt 0.1233 0.0323
vt 0.1299 0.0321
vt 0.4587 0.8194
vt 0.4587 0.8181
vt 0.4658 0.8181
vt 0.4658 0.8194
vt 0.1207 0.5608
vt 0.1101 0.5609
vt 0.1202 0.5477
vt 0.1098 0.5479
vt 0.1200 0.5347
vt 0.1100 0.5350
vt 0.1202 0.5223
vt 0.1106 0.5227
vt 0.1208 0.5102
vt 0.1117 0.5106
vt 0.1200 0.4975
vt 0.1107 0.4978
vt 0.3859 0.8194
vt 0.3859 0.8181
vt 0.3951 0.8181
vt 0.3951 0.8194
vt 0.1517 0.0933
vt 0.1639 0.0938
vt 0.1508 0.0810
vt 0.1629 0.0816
vt 0.1500 0.0689
vt 0.1620 0.0695
vt 0.1494 0.0565
vt 0.1614 0.0570
vt 0.1495 0.0441
vt 0.1616 0.0446
vt 0.1484 0.0325
vt 0.1600 0.0329
vt 0.4848 0.8194
vt 0.4848 0.8181
vt 0.4954 0.8181
vt 0.4954 0.8194
vt 0.1413 0.0926
vt 0.1421 0.0926
vt 0.1408 0.0804
vt 0.1417 0.0803
vt 0.1403 0.0683
vt 0.1411 0.0683
vt 0.1398 0.0562
vt 0.1405 0.0562
vt 0.1393 0.0437
vt 0.1401 0.0437
vt 0.1386 0.0321
vt 0.1392 0.0320
vt 0.4735 0.8194
vt 0.4735 0.8181
vt 0.4741 0.8181
vt 0.4741 0.8194
vt 0.1149 0.0930
vt 0.1148 0.0807
vt 0.1148 0.0687
vt 0.1148 0.0564
vt 0.1144 0.0442
vt 0.1158 0.0327
vt 0.4513 0.8194
vt 0.4513 0.8181
vt 0.0950 0.8636
vt 0.1441 0.0927
vt 0.1436 0.0804
vt 0.1430 0.0684
vt 0.1425 0.0562
vt 0.1421 0.0438
vt 0.1412 0.0322
vt 0.4764 0.8194
vt 0.4764 0.8181
vt 0.1010 0.5230
vt 0.1023 0.5109
vt 0.4041 0.8181
vt 0.4041 0.8194
vt 0.1983 0.0937
vt 0.1978 0.0816
vt 0.1977 0.0693
vt 0.1980 0.0571
vt 0.1989 0.0449
vt 0.1970 0.0326
vt 0.5267 0.8181
vt 0.5267 0.8194
vt 0.0905 0.5233
vt 0.0921 0.6029
vt 0.4135 0.8181
vt 0.4135 0.8194
vt 0.0832 0.1771
vt 0.4233 0.8194
vt 0.4233 0.8181
vt 0.0829 0.2164
vt 0.0786 0.4989
vt 0.0802 0.5111
vt 0.0790 0.5235
vt 0.0786 0.5358
vt 0.0784 0.5484
vt 0.0786 0.5611
vt 0.0796 0.5743
vt 0.0805 0.5885
vt 0.0811 0.6029
vt 0.0815 0.6170
vt 0.0818 0.6306
vt 0.0822 0.6438
vt 0.0828 0.6569
vt 0.0834 0.6699
vt 0.0839 0.6829
vt 0.0840 0.6960
vt 0.0839 0.7089
vt 0.0838 0.7218
vt 0.0838 0.7347
vt 0.0835 0.7475
vt 0.0829 0.7603
vt 0.0823 0.7731
vt 0.0815 0.7858
vt 0.0806 0.7986
vt 0.0798 0.8113
vt 0.0792 0.8239
vt 0.0789 0.8366
vt 0.4233 0.8058
vt 0.4233 0.8068
vt 0.0802 0.8629
vt 0.0810 0.8756
vt 0.0801 0.9014
vt 0.0794 0.8496
vt 0.0789 0.9165
vt 0.4727 0.8181
vt 0.4727 0.8194
vt 0.1379 0.0321
vt 0.1386 0.0438
vt 0.1390 0.0562
vt 0.1395 0.0684
vt 0.1400 0.0804
vt 0.1404 0.0927
vt 0.1408 0.1058
vt 0.1413 0.1198
vt 0.1417 0.1341
vt 0.1423 0.1483
vt 0.1428 0.1622
vt 0.1434 0.1756
vt 0.1441 0.1889
vt 0.1448 0.2022
vt 0.1455 0.2155
vt 0.1464 0.2289
vt 0.1472 0.2423
vt 0.1480 0.2554
vt 0.1487 0.2685
vt 0.1494 0.2816
vt 0.1500 0.2946
vt 0.1506 0.3075
vt 0.1513 0.3199
vt 0.1520 0.3322
vt 0.1526 0.3444
vt 0.1529 0.3566
vt 0.4751 0.8058
vt 0.4751 0.8068
vt 0.4741 0.8068
vt 0.4741 0.8058
vt 0.1539 0.3819
vt 0.1538 0.3958
vt 0.1539 0.4097
vt 0.1520 0.4407
vt 0.1541 0.3689
vt 0.1501 0.4664
vt 0.1485 0.4787
vt 0.4751 0.8194
vt 0.4751 0.8181
vt 0.1411 0.0438
vt 0.1402 0.0321
vt 0.1415 0.0562
vt 0.1421 0.0683
vt 0.1426 0.0804
vt 0.1431 0.0927
vt 0.1435 0.1057
vt 0.1445 0.1339
vt 0.1440 0.1197
vt 0.1450 0.1481
vt 0.1456 0.1619
vt 0.1462 0.1753
vt 0.1469 0.1885
vt 0.1477 0.2018
vt 0.1485 0.2151
vt 0.1503 0.2418
vt 0.1494 0.2285
vt 0.1511 0.2549
vt 0.1520 0.2680
vt 0.1527 0.2812
vt 0.1533 0.2942
vt 0.1547 0.3195
vt 0.1539 0.3071
vt 0.1554 0.3317
vt 0.1561 0.3439
vt 0.1566 0.3562
vt 0.1568 0.3687
vt 0.4333 0.8166
vt 0.4333 0.8158
vt 0.4428 0.8158
vt 0.4428 0.8166
vt 0.1587 0.3959
vt 0.1585 0.3818
vt 0.1590 0.4101
vt 0.1568 0.4401
vt 0.1527 0.4792
vt 0.1544 0.4666
vt 0.4764 0.8058
vt 0.4764 0.8068
vt 0.4428 0.8086
vt 0.4428 0.8068
vt 0.4513 0.8068
vt 0.4513 0.8086
vt 0.5170 0.8086
vt 0.5267 0.8086
vt 0.3768 0.8086
vt 0.3768 0.8068
vt 0.3859 0.8068
vt 0.3859 0.8086
vt 0.4954 0.8086
vt 0.4954 0.8068
vt 0.5066 0.8068
vt 0.5066 0.8086
vt 0.3951 0.8086
vt 0.4041 0.8086
vt 0.4764 0.8086
vt 0.4764 0.8068
vt 0.4848 0.8068
vt 0.4848 0.8086
vt 0.4587 0.8086
vt 0.4735 0.8086
vt 0.4735 0.8068
vt 0.4741 0.8068
vt 0.4741 0.8086
vt 0.4658 0.8086
vt 0.3575 0.8086
vt 0.3575 0.8068
vt 0.3677 0.8068
vt 0.3677 0.8086
vt 0.3369 0.8086
vt 0.3469 0.8086
vt 0.4333 0.8086
vt 0.4333 0.8068
vt 0.4135 0.8086
vt 0.4233 0.8137
vt 0.4333 0.8137
vt 0.4333 0.8158
vt 0.4233 0.8158
vt 0.4233 0.8086
vt 0.4727 0.8068
vt 0.4727 0.8086
vt 0.4751 0.8086
vt 0.4741 0.8166
vt 0.4741 0.8158
vt 0.3768 0.8058
vt 0.3768 0.8166
vt 0.3768 0.8158
vt 0.3677 0.8058
vt 0.3575 0.8058
vt 0.4233 0.8166
vt 0.4735 0.8166
vt 0.4735 0.8158
vt 0.3369 0.8166
vt 0.3369 0.8158
vt 0.4041 0.8166
vt 0.4041 0.8158
vt 0.4135 0.8158
vt 0.4135 0.8166
vt 0.4727 0.8166
vt 0.4727 0.8158
vt 0.4428 0.8058
vt 0.4333 0.8058
vt 0.4333 0.8068
vt 0.3677 0.8158
vt 0.3677 0.8166
vt 0.4658 0.8158
vt 0.4658 0.8166
vt 0.1387 0.0225
vt 0.1398 0.0226
vt 0.1375 0.0226
vt 0.1381 0.0226
vt 0.1409 0.0226
vt 0.1301 0.0228
vt 0.0897 0.4883
vt 0.0779 0.4888
vt 0.0836 0.0230
vt 0.0957 0.0233
vt 0.1005 0.4878
vt 0.1070 0.0234
vt 0.1162 0.0232
vt 0.1847 0.0230
vt 0.1961 0.0225
vt 0.1282 0.4864
vt 0.1197 0.4868
vt 0.1597 0.0232
vt 0.1724 0.0233
vt 0.1103 0.4872
vt 0.1485 0.0229
vt 0.1236 0.0230
vt 0.1467 0.4861
vt 0.1363 0.4862
vt 0.1706 0.4858
vt 0.1593 0.4860
vt 0.4741 0.8137
vt 0.4751 0.8137
vt 0.4741 0.8112
vt 0.4751 0.8112
vt 0.4727 0.8137
vt 0.4735 0.8137
vt 0.4727 0.8112
vt 0.4735 0.8112
vt 0.4764 0.8137
vt 0.4764 0.8112
vt 0.4658 0.8137
vt 0.4658 0.8112
vt 0.4135 0.8137
vt 0.4135 0.8112
vt 0.4233 0.8112
vt 0.4333 0.8112
vt 0.4041 0.8137
vt 0.4041 0.8112
vt 0.3677 0.8137
vt 0.3768 0.8137
vt 0.3677 0.8112
vt 0.3768 0.8112
vt 0.5066 0.8137
vt 0.5170 0.8137
vt 0.5066 0.8112
vt 0.5170 0.8112
vt 0.4428 0.8137
vt 0.4428 0.8112
vt 0.3469 0.8137
vt 0.3575 0.8137
vt 0.3469 0.8112
vt 0.3575 0.8112
vt 0.3369 0.8137
vt 0.3369 0.8112
vt 0.4587 0.8137
vt 0.4587 0.8112
vt 0.3859 0.8137
vt 0.3951 0.8137
vt 0.3859 0.8112
vt 0.3951 0.8112
vt 0.4848 0.8137
vt 0.4954 0.8137
vt 0.4848 0.8112
vt 0.4954 0.8112
vt 0.4513 0.8137
vt 0.4513 0.8112
vt 0.5267 0.8137
vt 0.5267 0.8112
vt 0.1557 0.4536
vt 0.1538 0.4536
vt 0.1520 0.4537
vt 0.1512 0.4538
vt 0.1735 0.4543
vt 0.1505 0.4537
vt 0.0904 0.9475
vt 0.0914 0.9316
vt 0.0782 0.9314
vt 0.0779 0.9457
vt 0.1030 0.9494
vt 0.1048 0.9334
vt 0.0912 0.4473
vt 0.0771 0.4504
vt 0.1309 0.4525
vt 0.1188 0.4524
vt 0.1287 0.9536
vt 0.1322 0.9376
vt 0.1175 0.9355
vt 0.1153 0.9513
vt 0.1961 0.4602
vt 0.1865 0.4587
vt 0.1053 0.4508
vt 0.1888 0.9315
vt 0.1968 0.9356
vt 0.1433 0.4540
vt 0.1434 0.9556
vt 0.1466 0.9396
vt 0.1774 0.9287
vt 0.1555 0.4517
vt 0.1574 0.4517
vt 0.1529 0.4520
vt 0.1537 0.4519
vt 0.1752 0.4521
vt 0.1522 0.4519
vt 0.0868 0.9465
vt 0.0743 0.9446
vt 0.0748 0.9303
vt 0.0880 0.9306
vt 0.0994 0.9485
vt 0.1014 0.9326
vt 0.0787 0.4500
vt 0.0928 0.4467
vt 0.1205 0.4512
vt 0.1326 0.4510
vt 0.1250 0.9530
vt 0.1116 0.9506
vt 0.1140 0.9348
vt 0.1287 0.9371
vt 0.1883 0.4562
vt 0.1980 0.4575
vt 0.1070 0.4499
vt 0.1933 0.9359
vt 0.1854 0.9317
vt 0.1450 0.4524
vt 0.1396 0.9552
vt 0.1430 0.9392
vt 0.1740 0.9288
vt 0.6946 0.5753
vt 0.6890 0.5753
vt 0.6890 0.6039
vt 0.6946 0.6039
vt 0.7416 0.5753
vt 0.7355 0.5753
vt 0.7355 0.6039
vt 0.7416 0.6039
vt 0.8040 0.5753
vt 0.7984 0.5753
vt 0.7984 0.6039
vt 0.8040 0.6039
vt 0.7297 0.5753
vt 0.7297 0.6039
vt 0.7927 0.5753
vt 0.7927 0.6039
vt 0.7243 0.5753
vt 0.7243 0.6039
vt 0.7477 0.5753
vt 0.7477 0.6039
vt 0.7196 0.5753
vt 0.7196 0.6039
vt 0.7148 0.5753
vt 0.7148 0.6039
vt 0.7001 0.5753
vt 0.7001 0.6039
vt 0.7531 0.5753
vt 0.7531 0.6039
vt 0.7101 0.5753
vt 0.7054 0.5753
vt 0.7054 0.6039
vt 0.7101 0.6039
vt 0.7705 0.6039
vt 0.7739 0.6039
vt 0.7739 0.5753
vt 0.7705 0.5753
vt 0.7778 0.6039
vt 0.7822 0.6039
vt 0.7822 0.5753
vt 0.7778 0.5753
vt 0.7574 0.6039
vt 0.7610 0.6039
vt 0.7610 0.5753
vt 0.7574 0.5753
vt 0.7873 0.6039
vt 0.7873 0.5753
vt 0.7641 0.6039
vt 0.7672 0.6039
vt 0.7672 0.5753
vt 0.7641 0.5753
vt 0.8021 0.5648
vt 0.8021 0.5368
vt 0.8079 0.5368
vt 0.8079 0.5648
vt 0.7538 0.5648
vt 0.7538 0.5368
vt 0.7601 0.5368
vt 0.7601 0.5648
vt 0.6902 0.5648
vt 0.6902 0.5368
vt 0.6960 0.5368
vt 0.6960 0.5648
vt 0.7661 0.5368
vt 0.7661 0.5648
vt 0.7018 0.5368
vt 0.7018 0.5648
vt 0.7716 0.5368
vt 0.7716 0.5648
vt 0.7476 0.5648
vt 0.7476 0.5368
vt 0.7765 0.5368
vt 0.7765 0.5648
vt 0.7814 0.5368
vt 0.7814 0.5648
vt 0.7965 0.5648
vt 0.7965 0.5368
vt 0.7421 0.5648
vt 0.7421 0.5368
vt 0.7862 0.5648
vt 0.7862 0.5368
vt 0.7911 0.5368
vt 0.7911 0.5648
vt 0.7240 0.5368
vt 0.7240 0.5648
vt 0.7203 0.5648
vt 0.7203 0.5368
vt 0.7165 0.5368
vt 0.7165 0.5648
vt 0.7126 0.5648
vt 0.7126 0.5368
vt 0.7383 0.5368
vt 0.7383 0.5648
vt 0.7346 0.5648
vt 0.7346 0.5368
vt 0.7074 0.5368
vt 0.7074 0.5648
vt 0.7311 0.5368
vt 0.7311 0.5648
vt 0.7276 0.5648
vt 0.7276 0.5368
vt 0.7243 0.5746
vt 0.7196 0.5746
vt 0.7984 0.5746
vt 0.7927 0.5746
vt 0.8040 0.5746
vt 0.6946 0.5746
vt 0.6890 0.5746
vt 0.7355 0.5746
vt 0.7297 0.5746
vt 0.7873 0.5746
vt 0.7641 0.5746
vt 0.7610 0.5746
vt 0.7778 0.5746
vt 0.7739 0.5746
vt 0.7416 0.5746
vt 0.7531 0.5746
vt 0.7477 0.5746
vt 0.7001 0.5746
vt 0.7148 0.5746
vt 0.7101 0.5746
vt 0.7574 0.5746
vt 0.7822 0.5746
vt 0.7672 0.5746
vt 0.7054 0.5746
vt 0.7705 0.5746
vt 0.7574 0.5728
vt 0.7531 0.5728
vt 0.7672 0.5728
vt 0.7641 0.5728
vt 0.7984 0.5728
vt 0.7927 0.5728
vt 0.7873 0.5728
vt 0.7477 0.5728
vt 0.7416 0.5728
vt 0.7196 0.5728
vt 0.7148 0.5728
vt 0.7739 0.5728
vt 0.7705 0.5728
vt 0.7355 0.5728
vt 0.7297 0.5728
vt 0.7054 0.5728
vt 0.7001 0.5728
vt 0.8040 0.5728
vt 0.7243 0.5728
vt 0.7778 0.5728
vt 0.7822 0.5728
vt 0.7610 0.5728
vt 0.6946 0.5728
vt 0.6890 0.5728
vt 0.7101 0.5728
vt 0.7661 0.5657
vt 0.7601 0.5657
vt 0.7074 0.5657
vt 0.7018 0.5657
vt 0.7346 0.5657
vt 0.7311 0.5657
vt 0.7203 0.5657
vt 0.7165 0.5657
vt 0.7538 0.5657
vt 0.7476 0.5657
vt 0.7421 0.5657
vt 0.8021 0.5657
vt 0.7965 0.5657
vt 0.7862 0.5657
vt 0.7814 0.5657
vt 0.7383 0.5657
vt 0.7765 0.5657
vt 0.7126 0.5657
vt 0.7276 0.5657
vt 0.7911 0.5657
vt 0.7240 0.5657
vt 0.7716 0.5657
vt 0.6960 0.5657
vt 0.6902 0.5657
vt 0.8079 0.5657
vt 0.7311 0.5680
vt 0.7276 0.5680
vt 0.7018 0.5680
vt 0.6960 0.5680
vt 0.7074 0.5680
vt 0.7538 0.5680
vt 0.7476 0.5680
vt 0.7814 0.5680
vt 0.7765 0.5680
vt 0.7421 0.5680
vt 0.7240 0.5680
vt 0.7203 0.5680
vt 0.7661 0.5680
vt 0.7601 0.5680
vt 0.7965 0.5680
vt 0.7911 0.5680
vt 0.6902 0.5680
vt 0.7716 0.5680
vt 0.7165 0.5680
vt 0.7126 0.5680
vt 0.7383 0.5680
vt 0.7346 0.5680
vt 0.8021 0.5680
vt 0.8079 0.5680
vt 0.7862 0.5680
vt 0.2972 0.8029
vt 0.2973 0.8112
vt 0.2950 0.8096
vt 0.2947 0.8047
vt 0.2932 0.8030
vt 0.2952 0.7995
vt 0.2943 0.8027
vt 0.2943 0.8047
vt 0.2951 0.8153
vt 0.2950 0.8122
vt 0.2930 0.8113
vt 0.2947 0.8097
vt 0.5009 0.6211
vt 0.5133 0.6211
vt 0.5133 0.6222
vt 0.5009 0.6222
vt 0.4914 0.6222
vt 0.4847 0.6222
vt 0.4777 0.6222
vt 0.4718 0.6222
vt 0.4639 0.6222
f 5/1 13/2 10/3 2/4
f 8/5 16/6 11/7 3/8
f 6/9 2/4 10/3 14/10
f 4/11 12/12 9/13 1/14
f 6/9 14/10 16/6 8/5
f 4/11 7/15 15/16 12/12
f 5/1 1/14 9/13 13/2
f 7/15 3/8 11/7 15/16
f 13/2 9/13 17/17 21/18
f 15/16 11/7 19/19 23/20
f 13/2 21/18 18/21 10/3
f 16/6 24/22 19/19 11/7
f 14/10 10/3 18/21 22/23
f 12/12 20/24 17/17 9/13
f 14/10 22/23 24/22 16/6
f 12/12 15/16 23/20 20/24
f 38/25 28/26 25/27 37/28
f 46/29 30/30 32/31 45/32
f 38/25 53/33 31/34 28/26
f 54/35 37/28 25/27 29/36
f 53/33 61/37 27/38 31/34
f 54/35 29/36 26/39 65/40
f 45/32 32/31 27/38 61/37
f 46/29 65/40 26/39 30/30
f 28/26 31/34 27/38 33/41
f 33/41 27/38 32/31 30/30
f 25/27 28/26 33/41 29/36
f 29/36 33/41 30/30 26/39
f 22/23 18/21 62/42 49/43
f 49/43 62/42 63/44 48/45
f 48/45 63/44 64/46 47/47
f 47/47 64/46 65/40 46/29
f 24/22 42/48 58/49 19/19
f 42/48 43/50 59/51 58/49
f 43/50 44/52 60/53 59/51
f 44/52 45/32 61/37 60/53
f 21/18 57/54 62/42 18/21
f 57/54 56/55 63/44 62/42
f 56/55 55/56 64/46 63/44
f 55/56 54/35 65/40 64/46
f 23/20 19/19 58/49 50/57
f 50/57 58/49 59/51 51/58
f 51/58 59/51 60/53 52/59
f 52/59 60/53 61/37 53/33
f 21/18 17/17 34/60 57/54
f 57/54 34/60 35/61 56/55
f 56/55 35/61 36/62 55/56
f 55/56 36/62 37/28 54/35
f 20/24 23/20 50/57 41/63
f 41/63 50/57 51/58 40/64
f 40/64 51/58 52/59 39/65
f 39/65 52/59 53/33 38/25
f 22/23 49/43 42/48 24/22
f 49/43 48/45 43/50 42/48
f 48/45 47/47 44/52 43/50
f 47/47 46/29 45/32 44/52
f 20/24 41/63 34/60 17/17
f 41/63 40/64 35/61 34/60
f 40/64 39/65 36/62 35/61
f 39/65 38/25 37/28 36/62
f 70/66 78/67 75/68 67/69
f 73/70 81/71 76/72 68/73
f 71/74 67/69 75/68 79/75
f 69/76 77/77 74/78 66/79
f 71/74 79/75 81/71 73/70
f 69/76 72/80 80/81 77/77
f 70/66 66/79 74/78 78/67
f 72/80 68/73 76/72 80/81
f 78/67 74/78 82/82 86/83
f 80/81 76/72 84/84 88/85
f 78/67 86/83 83/86 75/68
f 81/71 89/87 84/84 76/72
f 79/75 75/68 83/86 87/88
f 77/77 85/89 82/82 74/78
f 79/75 87/88 89/87 81/71
f 77/77 80/81 88/85 85/89
f 103/90 93/91 90/92 102/93
f 111/94 95/95 97/96 110/97
f 103/90 118/98 96/99 93/91
f 119/100 102/93 90/92 94/101
f 118/98 126/102 92/103 96/99
f 119/100 94/101 91/104 130/105
f 110/97 97/96 92/103 126/102
f 111/94 130/105 91/104 95/95
f 93/91 96/99 92/103 98/106
f 98/106 92/103 97/96 95/95
f 90/92 93/91 98/106 94/101
f 94/101 98/106 95/95 91/104
f 87/88 83/86 127/107 114/108
f 114/108 127/107 128/109 113/110
f 113/110 128/109 129/111 112/112
f 112/112 129/111 130/105 111/94
f 89/87 107/113 123/114 84/84
f 107/113 108/115 124/116 123/114
f 108/115 109/117 125/118 124/116
f 109/117 110/97 126/102 125/118
f 86/83 122/119 127/107 83/86
f 122/119 121/120 128/109 127/107
f 121/120 120/121 129/111 128/109
f 120/121 119/100 130/105 129/111
f 88/85 84/84 123/114 115/122
f 115/122 123/114 124/116 116/123
f 116/123 124/116 125/118 117/124
f 117/124 125/118 126/102 118/98
f 86/83 82/82 99/125 122/119
f 122/119 99/125 100/126 121/120
f 121/120 100/126 101/127 120/121
f 120/121 101/127 102/93 119/100
f 85/89 88/85 115/122 106/128
f 106/128 115/122 116/123 105/129
f 105/129 116/123 117/124 104/130
f 104/130 117/124 118/98 103/90
f 87/88 114/108 107/113 89/87
f 114/108 113/110 108/115 107/113
f 113/110 112/112 109/117 108/115
f 112/112 111/94 110/97 109/117
f 85/89 106/128 99/125 82/82
f 106/128 105/129 100/126 99/125
f 105/129 104/130 101/127 100/126
f 104/130 103/90 102/93 101/127
f 135/131 143/132 140/133 132/134
f 138/135 146/136 141/137 133/138
f 136/139 132/134 140/133 144/140
f 134/141 142/142 139/143 131/144
f 136/139 144/140 146/136 138/135
f 134/141 137/145 145/146 142/142
f 135/131 131/144 139/143 143/132
f 137/145 133/138 141/137 145/146
f 143/132 139/143 147/147 151/148
f 145/146 141/137 149/149 153/150
f 143/132 151/148 148/151 140/133
f 146/136 154/152 149/149 141/137
f 144/140 140/133 148/151 152/153
f 142/142 150/154 147/147 139/143
f 144/140 152/153 154/152 146/136
f 142/142 145/146 153/150 150/154
f 168/155 158/156 155/157 167/158
f 176/159 160/160 162/161 175/162
f 168/155 183/163 161/164 158/156
f 184/165 167/158 155/157 159/166
f 183/163 191/167 157/168 161/164
f 184/165 159/166 156/169 195/170
f 175/162 162/161 157/168 191/167
f 176/159 195/170 156/169 160/160
f 158/156 161/164 157/168 163/171
f 163/171 157/168 162/161 160/160
f 155/157 158/156 163/171 159/166
f 159/166 163/171 160/160 156/169
f 152/153 148/151 192/172 179/173
f 179/173 192/172 193/174 178/175
f 178/175 193/174 194/176 177/177
f 177/177 194/176 195/170 176/159
f 154/152 172/178 188/179 149/149
f 172/178 173/180 189/181 188/179
f 173/180 174/182 190/183 189/181
f 174/182 175/162 191/167 190/183
f 151/148 187/184 192/172 148/151
f 187/184 186/185 193/174 192/172
f 186/185 185/186 194/176 193/174
f 185/186 184/165 195/170 194/176
f 153/150 149/149 188/179 180/187
f 180/187 188/179 189/181 181/188
f 181/188 189/181 190/183 182/189
f 182/189 190/183 191/167 183/163
f 151/148 147/147 164/190 187/184
f 187/184 164/190 165/191 186/185
f 186/185 165/191 166/192 185/186
f 185/186 166/192 167/158 184/165
f 150/154 153/150 180/187 171/193
f 171/193 180/187 181/188 170/194
f 170/194 181/188 182/189 169/195
f 169/195 182/189 183/163 168/155
f 152/153 179/173 172/178 154/152
f 179/173 178/175 173/180 172/178
f 178/175 177/177 174/182 173/180
f 177/177 176/159 175/162 174/182
f 150/154 171/193 164/190 147/147
f 171/193 170/194 165/191 164/190
f 170/194 169/195 166/192 165/191
f 169/195 168/155 167/158 166/192
f 200/196 197/197 205/198 208/199
f 203/200 198/201 206/202 211/203
f 201/204 209/205 205/198 197/197
f 199/206 196/207 204/208 207/209
f 201/204 203/200 211/203 209/205
f 199/206 207/209 210/210 202/211
f 200/196 208/199 204/208 196/207
f 202/211 210/210 206/202 198/201
f 208/199 216/212 212/213 204/208
f 210/210 218/214 214/215 206/202
f 208/199 205/198 213/216 216/212
f 211/203 206/202 214/215 219/217
f 209/205 217/218 213/216 205/198
f 207/209 204/208 212/213 215/219
f 209/205 211/203 219/217 217/218
f 207/209 215/219 218/214 210/210
f 233/220 232/221 220/222 223/223
f 241/224 240/225 227/226 225/227
f 233/220 223/223 226/228 248/229
f 249/230 224/231 220/222 232/221
f 248/229 226/228 222/232 256/233
f 249/230 260/234 221/235 224/231
f 240/225 256/233 222/232 227/226
f 241/224 225/227 221/235 260/234
f 223/223 228/236 222/232 226/228
f 228/236 225/227 227/226 222/232
f 220/222 224/231 228/236 223/223
f 224/231 221/235 225/227 228/236
f 217/218 244/237 257/238 213/216
f 244/237 243/239 258/240 257/238
f 243/239 242/241 259/242 258/240
f 242/241 241/224 260/234 259/242
f 219/217 214/215 253/243 237/244
f 237/244 253/243 254/245 238/246
f 238/246 254/245 255/247 239/248
f 239/248 255/247 256/233 240/225
f 216/212 213/216 257/238 252/249
f 252/249 257/238 258/240 251/250
f 251/250 258/240 259/242 250/251
f 250/251 259/242 260/234 249/230
f 218/214 245/252 253/243 214/215
f 245/252 246/253 254/245 253/243
f 246/253 247/254 255/247 254/245
f 247/254 248/229 256/233 255/247
f 216/212 252/249 229/255 212/213
f 252/249 251/250 230/256 229/255
f 251/250 250/251 231/257 230/256
f 250/251 249/230 232/221 231/257
f 215/219 236/258 245/252 218/214
f 236/258 235/259 246/253 245/252
f 235/259 234/260 247/254 246/253
f 234/260 233/220 248/229 247/254
f 217/218 219/217 237/244 244/237
f 244/237 237/244 238/246 243/239
f 243/239 238/246 239/248 242/241
f 242/241 239/248 240/225 241/224
f 215/219 212/213 229/255 236/258
f 236/258 229/255 230/256 235/259
f 235/259 230/256 231/257 234/260
f 234/260 231/257 232/221 233/220
f 265/261 262/262 270/263 273/264
f 268/265 263/266 271/267 276/268
f 266/269 274/270 270/263 262/262
f 264/271 261/272 269/273 272/274
f 266/269 268/265 276/268 274/270
f 264/271 272/274 275/275 267/276
f 265/261 273/264 269/273 261/272
f 267/276 275/275 271/267 263/266
f 273/264 281/277 277/278 269/273
f 275/275 283/279 279/280 271/267
f 273/264 270/263 278/281 281/277
f 276/268 271/267 279/280 284/282
f 274/270 282/283 278/281 270/263
f 272/274 269/273 277/278 280/284
f 274/270 276/268 284/282 282/283
f 272/274 280/284 283/279 275/275
f 298/285 297/286 285/287 288/288
f 306/289 305/290 292/291 290/292
f 298/285 288/288 291/293 313/294
f 314/295 289/296 285/287 297/286
f 313/294 291/293 287/297 321/298
f 314/295 325/299 286/300 289/296
f 305/290 321/298 287/297 292/291
f 306/289 290/292 286/300 325/299
f 288/288 293/301 287/297 291/293
f 293/301 290/292 292/291 287/297
f 285/287 289/296 293/301 288/288
f 289/296 286/300 290/292 293/301
f 282/283 309/302 322/303 278/281
f 309/302 308/304 323/305 322/303
f 308/304 307/306 324/307 323/305
f 307/306 306/289 325/299 324/307
f 284/282 279/280 318/308 302/309
f 302/309 318/308 319/310 303/311
f 303/311 319/310 320/312 304/313
f 304/313 320/312 321/298 305/290
f 281/277 278/281 322/303 317/314
f 317/314 322/303 323/305 316/315
f 316/315 323/305 324/307 315/316
f 315/316 324/307 325/299 314/295
f 283/279 310/317 318/308 279/280
f 310/317 311/318 319/310 318/308
f 311/318 312/319 320/312 319/310
f 312/319 313/294 321/298 320/312
f 281/277 317/314 294/320 277/278
f 317/314 316/315 295/321 294/320
f 316/315 315/316 296/322 295/321
f 315/316 314/295 297/286 296/322
f 280/284 301/323 310/317 283/279
f 301/323 300/324 311/318 310/317
f 300/324 299/325 312/319 311/318
f 299/325 298/285 313/294 312/319
f 282/283 284/282 302/309 309/302
f 309/302 302/309 303/311 308/304
f 308/304 303/311 304/313 307/306
f 307/306 304/313 305/290 306/289
f 280/284 277/278 294/320 301/323
f 301/323 294/320 295/321 300/324
f 300/324 295/321 296/322 299/325
f 299/325 296/322 297/286 298/285
f 330/326 327/327 335/328 338/329
f 333/330 328/331 336/332 341/333
f 331/334 339/335 335/328 327/327
f 329/336 326/337 334/338 337/339
f 331/334 333/330 341/333 339/335
f 329/336 337/339 340/340 332/341
f 330/326 338/329 334/338 326/337
f 332/341 340/340 336/332 328/331
f 338/329 346/342 342/343 334/338
f 340/340 348/344 344/345 336/332
f 338/329 335/328 343/346 346/342
f 341/333 336/332 344/345 349/347
f 339/335 347/348 343/346 335/328
f 337/339 334/338 342/343 345/349
f 339/335 341/333 349/347 347/348
f 337/339 345/349 348/344 340/340
f 363/350 362/351 350/352 353/353
f 371/354 370/355 357/356 355/357
f 363/350 353/353 356/358 378/359
f 379/360 354/361 350/352 362/351
f 378/359 356/358 352/362 386/363
f 379/360 390/364 351/365 354/361
f 370/355 386/363 352/362 357/356
f 371/354 355/357 351/365 390/364
f 353/353 358/366 352/362 356/358
f 358/366 355/357 357/356 352/362
f 350/352 354/361 358/366 353/353
f 354/361 351/365 355/357 358/366
f 347/348 374/367 387/368 343/346
f 374/367 373/369 388/370 387/368
f 373/369 372/371 389/372 388/370
f 372/371 371/354 390/364 389/372
f 349/347 344/345 383/373 367/374
f 367/374 383/373 384/375 368/376
f 368/376 384/375 385/377 369/378
f 369/378 385/377 386/363 370/355
f 346/342 343/346 387/368 382/379
f 382/379 387/368 388/370 381/380
f 381/380 388/370 389/372 380/381
f 380/381 389/372 390/364 379/360
f 348/344 375/382 383/373 344/345
f 375/382 376/383 384/375 383/373
f 376/383 377/384 385/377 384/375
f 377/384 378/359 386/363 385/377
f 346/342 382/379 359/385 342/343
f 382/379 381/380 360/386 359/385
f 381/380 380/381 361/387 360/386
f 380/381 379/360 362/351 361/387
f 345/349 366/388 375/382 348/344
f 366/388 365/389 376/383 375/382
f 365/389 364/390 377/384 376/383
f 364/390 363/350 378/359 377/384
f 347/348 349/347 367/374 374/367
f 374/367 367/374 368/376 373/369
f 373/369 368/376 369/378 372/371
f 372/371 369/378 370/355 371/354
f 345/349 342/343 359/385 366/388
f 366/388 359/385 360/386 365/389
f 365/389 360/386 361/387 364/390
f 364/390 361/387 362/351 363/350
f 467/391 468/392 469/393 466/394
f 470/395 436/396 440/397 472/398
f 399/399 400/400 398/401 397/402
f 426/403 424/404 420/405 421/406
f 446/407 449/408 452/409 450/410
f 493/411 490/412 489/413 494/414
f 466/394 469/393 471/415 470/416
f 418/417 419/418 416/419 417/420
f 409/421 410/422 406/423 407/424
f 672/425 671/426 654/427 653/428
f 412/429 414/430 415/431 413/432
f 402/433 401/434 407/424 406/423
f 464/435 465/436 461/437 458/438
f 407/424 401/434 403/439 408/440
f 482/441 483/442 484/443 481/444
f 460/445 463/446 480/447 479/448
f 443/449 439/450 437/451 442/452
f 479/448 480/447 477/453 475/454
f 453/455 452/456 459/457 460/458
f 448/459 449/408 446/407 447/460
f 391/461 394/462 399/399 397/402
f 416/419 425/463 427/464 417/420
f 672/425 653/428 651/465 674/466
f 462/467 463/446 460/445 459/457
f 445/468 443/449 442/452 444/469
f 491/470 489/471 485/472 486/473
f 458/438 461/437 462/467 459/457
f 428/474 432/475 435/476 434/477
f 474/478 456/479 451/480 467/481
f 473/482 474/478 467/481 466/394
f 459/457 452/456 449/408 458/438
f 438/483 441/484 440/397 436/396
f 611/485 574/486 573/487 598/488
f 574/486 576/489 577/490 573/487
f 428/491 425/492 424/493 429/494
f 471/415 437/495 436/396 470/416
f 673/496 675/497 650/498 652/499
f 441/484 567/500 566/501 440/397
f 437/451 471/415 476/502 442/452
f 579/503 580/504 445/468 444/469
f 401/434 402/433 391/461 397/402
f 676/505 683/506 674/507 675/508
f 439/450 438/483 436/396 437/451
f 650/509 651/510 648/511 649/512
f 392/513 393/514 394/462 391/461
f 455/515 457/516 447/460 446/407
f 654/427 645/517 646/518 653/428
f 481/444 484/443 487/519 485/520
f 404/521 402/433 406/423 412/522
f 410/422 414/430 412/429 406/423
f 451/480 453/523 468/392 467/481
f 405/524 404/521 412/522 413/432
f 392/525 404/521 405/524 395/526
f 485/472 489/471 490/412 481/444
f 456/479 454/527 450/528 451/480
f 476/502 471/415 469/393 475/529
f 395/526 396/530 393/514 392/525
f 429/494 431/531 432/475 428/491
f 498/532 496/533 494/534 495/535
f 472/398 440/397 566/501 593/536
f 470/416 472/398 473/482 466/394
f 487/519 488/537 486/473 485/520
f 444/469 478/538 599/539 579/503
f 424/493 425/492 416/419 420/405
f 434/477 427/464 425/463 428/474
f 652/499 650/498 649/512 647/540
f 594/541 565/542 569/543 595/544
f 679/545 676/505 675/508 673/496
f 595/544 569/543 570/546 596/547
f 565/542 594/541 593/536 566/501
f 448/548 405/524 413/432 464/549
f 450/528 452/409 453/455 451/480
f 429/494 424/493 426/403 430/550
f 458/438 449/408 448/459 464/435
f 457/516 396/530 395/526 447/460
f 677/551 686/552 671/426 672/425
f 417/420 427/464 403/553 398/554
f 490/412 492/555 482/441 481/444
f 400/400 418/417 417/420 398/401
f 408/440 403/439 427/464 434/477
f 499/556 492/555 490/412 493/411
f 445/557 686/552 677/551 443/558
f 420/405 422/559 423/560 421/406
f 496/533 497/561 493/411 494/534
f 403/439 401/434 397/402 398/554
f 497/561 500/562 499/556 493/411
f 494/534 489/413 491/470 495/535
f 391/461 402/433 404/521 392/513
f 442/452 476/502 478/538 444/469
f 492/555 426/403 421/406 482/441
f 501/563 502/564 503/565 504/566
f 504/566 503/565 487/519 484/443
f 502/564 505/567 506/568 503/565
f 503/565 506/568 488/537 487/519
f 501/563 504/566 507/569 508/570
f 508/570 507/569 422/571 419/572
f 504/566 484/443 483/442 507/569
f 507/569 483/442 423/560 422/571
f 501/563 508/570 509/573 510/574
f 510/574 509/573 511/575 512/576
f 508/570 419/572 418/417 509/573
f 509/573 418/417 400/400 511/575
f 501/563 510/574 513/577 502/564
f 502/564 513/577 514/578 505/567
f 510/574 512/576 515/579 513/577
f 513/577 515/579 516/580 514/578
f 517/581 518/582 519/583 520/584
f 520/584 519/583 435/476 432/475
f 518/582 521/585 522/586 519/583
f 519/583 522/586 411/587 435/476
f 517/581 520/584 523/588 524/589
f 524/589 523/588 500/562 497/561
f 520/584 432/475 431/531 523/588
f 523/588 431/531 433/590 500/562
f 517/581 524/589 525/591 526/592
f 526/592 525/591 527/593 528/594
f 524/589 497/561 496/533 525/591
f 525/591 496/533 498/532 527/593
f 517/581 526/592 529/595 518/582
f 518/582 529/595 530/596 521/585
f 526/592 528/594 531/597 529/595
f 529/595 531/597 532/598 530/596
f 533/599 534/600 535/601 536/602
f 536/602 535/601 537/603 538/604
f 534/600 394/462 393/514 535/601
f 535/601 393/514 396/530 537/603
f 533/599 536/602 539/605 540/606
f 540/606 539/605 541/607 542/608
f 536/602 538/604 543/609 539/605
f 539/605 543/609 544/610 541/607
f 533/599 540/606 545/611 546/612
f 546/612 545/611 515/579 512/576
f 540/606 542/608 547/613 545/611
f 545/611 547/613 516/580 515/579
f 533/599 546/612 548/614 534/600
f 534/600 548/614 399/399 394/462
f 546/612 512/576 511/575 548/614
f 548/614 511/575 400/400 399/399
f 549/615 550/616 551/617 552/618
f 552/618 551/617 553/619 554/620
f 550/616 521/585 530/596 551/617
f 551/617 530/596 532/598 553/619
f 549/615 552/618 555/621 556/622
f 556/622 555/621 557/623 558/624
f 552/618 554/620 559/625 555/621
f 555/621 559/625 560/626 557/623
f 549/615 556/622 561/627 562/628
f 562/628 561/627 414/430 410/422
f 556/622 558/624 563/629 561/627
f 561/627 563/629 415/431 414/430
f 549/615 562/628 564/630 550/616
f 550/616 564/630 522/586 521/585
f 562/628 410/422 409/421 564/630
f 564/630 409/421 411/587 522/586
f 571/631 572/632 570/546 569/543
f 567/500 568/633 565/542 566/501
f 565/542 568/633 571/631 569/543
f 578/634 576/489 574/486 575/635
f 573/487 577/490 580/504 579/503
f 581/636 582/637 583/638 584/639
f 584/639 583/638 585/640 586/641
f 582/637 587/642 588/643 583/638
f 583/638 588/643 589/644 585/640
f 581/636 584/639 590/645 591/646
f 591/646 590/645 474/478 473/482
f 584/639 586/641 592/647 590/645
f 590/645 592/647 456/479 474/478
f 581/636 591/646 593/536 594/541
f 435/476 411/587 408/440 434/477
f 591/646 473/482 472/398 593/536
f 612/648 575/635 574/486 611/485
f 581/636 594/541 595/544 582/637
f 582/637 595/544 596/547 587/642
f 430/550 426/403 492/555 499/556
f 597/649 598/650 599/651 600/652
f 600/652 599/651 478/538 477/653
f 675/497 674/507 651/465 650/498
f 598/488 573/487 579/503 599/651
f 597/649 600/652 601/654 602/655
f 602/655 601/654 603/656 604/657
f 600/652 477/653 480/447 601/654
f 601/654 480/447 463/446 603/656
f 597/649 602/655 605/658 606/659
f 606/659 605/658 607/660 608/661
f 602/655 604/657 609/662 605/658
f 605/658 609/662 610/663 607/660
f 597/649 606/659 611/485 598/650
f 606/659 608/661 612/648 611/485
f 613/664 614/665 615/666 616/667
f 616/667 615/666 543/609 538/604
f 614/665 617/668 618/669 615/666
f 615/666 618/669 544/610 543/609
f 613/664 616/667 619/670 620/671
f 620/671 619/670 457/516 455/515
f 616/667 538/604 537/603 619/670
f 619/670 537/603 396/530 457/516
f 613/664 620/671 621/672 622/673
f 622/673 621/672 592/647 586/641
f 620/671 455/515 454/674 621/672
f 621/672 454/674 456/479 592/647
f 613/664 622/673 623/675 614/665
f 614/665 623/675 624/676 617/668
f 622/673 586/641 585/640 623/675
f 623/675 585/640 589/644 624/676
f 625/677 626/678 627/679 628/680
f 628/680 627/679 462/467 461/437
f 626/678 604/657 603/656 627/679
f 627/679 603/656 463/446 462/467
f 625/677 628/680 629/681 630/682
f 630/682 629/681 563/629 558/624
f 628/680 461/437 465/436 629/681
f 629/681 465/436 415/431 563/629
f 625/677 630/682 631/683 632/684
f 632/684 631/683 633/685 634/686
f 630/682 558/624 557/623 631/683
f 631/683 557/623 560/626 633/685
f 625/677 632/684 635/687 626/678
f 626/678 635/687 609/662 604/657
f 632/684 634/686 636/688 635/687
f 635/687 636/688 610/663 609/662
f 651/465 653/428 646/518 648/511
f 654/427 662/689 637/690 645/517
f 659/691 661/692 638/693 640/694
f 655/695 652/499 647/540 644/696
f 656/697 655/695 644/696 643/698
f 475/454 469/393 468/392 479/448
f 658/699 657/700 642/701 641/702
f 670/703 673/496 652/499 655/695
f 411/587 409/421 407/424 408/440
f 479/448 468/392 453/523 460/445
f 500/562 433/590 430/550 499/556
f 416/419 419/418 422/571 420/405
f 665/704 666/705 659/706 660/707
f 663/708 665/704 660/707 662/709
f 430/550 433/590 431/531 429/494
f 668/710 669/711 656/712 657/713
f 439/714 443/558 677/551 683/715
f 450/528 454/527 455/515 446/407
f 678/716 688/717 669/711 668/710
f 671/426 663/708 662/709 654/427
f 682/718 679/545 673/496 670/703
f 666/705 664/719 661/692 659/706
f 649/512 648/511 700/720 701/721
f 686/552 680/722 663/708 671/426
f 667/723 668/710 657/713 658/699
f 415/431 465/436 464/435 413/432
f 685/724 687/725 666/705 665/704
f 405/524 448/548 447/460 395/526
f 660/707 659/706 640/694 639/726
f 680/722 685/724 665/704 663/708
f 662/709 660/707 639/726 637/690
f 684/727 678/716 668/710 667/723
f 688/717 682/718 670/703 669/711
f 687/725 681/728 664/719 666/705
f 657/713 656/712 643/698 642/701
f 669/711 670/703 655/695 656/712
f 438/729 676/505 679/545 441/730
f 576/731 578/732 681/728 687/725
f 438/729 439/714 683/715 676/505
f 677/551 672/425 674/466 683/715
f 477/653 478/538 476/502 475/454
f 568/733 567/734 682/718 688/717
f 572/735 571/736 678/716 684/727
f 580/737 577/738 685/724 680/722
f 577/738 576/731 687/725 685/724
f 445/557 580/737 680/722 686/552
f 567/734 441/730 679/545 682/718
f 571/736 568/733 688/717 678/716
f 648/511 646/518 698/739 700/720
f 647/540 649/512 701/721 699/740
f 646/518 645/517 697/741 698/739
f 698/739 697/741 710/742 711/743
f 643/698 644/696 696/744 695/745
f 642/701 643/698 695/745 694/746
f 641/702 642/701 694/746 693/747
f 645/517 637/690 689/748 697/741
f 639/726 640/694 692/749 691/750
f 640/694 638/693 690/751 692/749
f 637/690 639/726 691/750 689/748
f 644/696 647/540 699/740 696/744
f 700/720 698/739 711/743 713/752
f 701/721 700/720 713/752 714/753
f 692/749 690/751 703/754 705/755
f 694/746 695/745 708/756 707/757
f 693/747 694/746 707/757 706/758
f 689/748 691/750 704/759 702/760
f 699/740 701/721 714/753 712/761
f 696/744 699/740 712/761 709/762
f 697/741 689/748 702/760 710/742
f 691/750 692/749 705/755 704/759
f 695/745 696/744 709/762 708/756
f 713/752 726/763 727/764 714/753
f 713/752 711/743 724/765 726/763
f 709/762 712/761 725/766 722/767
f 710/742 702/760 715/768 723/769
f 704/759 705/755 718/770 717/771
f 708/756 709/762 722/767 721/772
f 712/761 714/753 727/764 725/766
f 711/743 710/742 723/769 724/765
f 726/763 724/765 737/773 739/774
f 705/755 703/754 716/775 718/770
f 707/757 708/756 721/772 720/776
f 706/758 707/757 720/776 719/777
f 702/760 704/759 717/771 715/768
f 727/764 726/763 739/774 740/778
f 718/770 716/775 729/779 731/780
f 720/776 721/772 734/781 733/782
f 719/777 720/776 733/782 732/783
f 715/768 717/771 730/784 728/785
f 724/765 723/769 736/786 737/773
f 725/766 727/764 740/778 738/787
f 722/767 725/766 738/787 735/788
f 723/769 715/768 728/785 736/786
f 717/771 718/770 731/780 730/784
f 721/772 722/767 735/788 734/781
f 739/774 737/773 750/789 752/790
f 735/788 738/787 751/791 748/792
f 736/786 728/785 741/793 749/794
f 730/784 731/780 744/795 743/796
f 734/781 735/788 748/792 747/797
f 738/787 740/778 753/798 751/791
f 737/773 736/786 749/794 750/789
f 740/778 739/774 752/790 753/798
f 731/780 729/779 742/799 744/795
f 733/782 734/781 747/797 746/800
f 732/783 733/782 746/800 745/801
f 728/785 730/784 743/796 741/793
f 752/790 765/802 766/803 753/798
f 752/790 750/789 763/804 765/802
f 748/792 751/791 764/805 761/806
f 749/794 741/793 754/807 762/808
f 743/796 744/795 757/809 756/810
f 747/797 748/792 761/806 760/811
f 751/791 753/798 766/803 764/805
f 750/789 749/794 762/808 763/804
f 765/802 763/804 776/812 778/813
f 744/795 742/799 755/814 757/809
f 746/800 747/797 760/811 759/815
f 745/801 746/800 759/815 758/816
f 741/793 743/796 756/810 754/807
f 766/803 765/802 778/813 779/817
f 757/809 755/814 768/818 770/819
f 759/815 760/811 773/820 772/821
f 758/816 759/815 772/821 771/822
f 754/807 756/810 769/823 767/824
f 763/804 762/808 775/825 776/812
f 764/805 766/803 779/817 777/826
f 761/806 764/805 777/826 774/827
f 762/808 754/807 767/824 775/825
f 756/810 757/809 770/819 769/823
f 760/811 761/806 774/827 773/820
f 778/813 776/812 789/828 791/829
f 774/827 777/826 790/830 787/831
f 775/825 767/824 780/832 788/833
f 769/823 770/819 783/834 782/835
f 773/820 774/827 787/831 786/836
f 777/826 779/817 792/837 790/830
f 776/812 775/825 788/833 789/828
f 779/817 778/813 791/829 792/837
f 770/819 768/818 781/838 783/834
f 772/821 773/820 786/836 785/839
f 771/822 772/821 785/839 784/840
f 767/824 769/823 782/835 780/832
f 792/837 791/829 804/841 805/842
f 783/834 781/838 794/843 796/844
f 785/839 786/836 799/845 798/846
f 784/840 785/839 798/846 797/847
f 780/832 782/835 795/848 793/849
f 789/828 788/833 801/850 802/851
f 791/829 789/828 802/851 804/841
f 787/831 790/830 803/852 800/853
f 788/833 780/832 793/849 801/850
f 782/835 783/834 796/844 795/848
f 786/836 787/831 800/853 799/845
f 790/830 792/837 805/842 803/852
f 804/841 802/851 815/854 817/855
f 795/848 796/844 809/856 808/857
f 799/845 800/853 813/858 812/859
f 803/852 805/842 818/860 816/861
f 802/851 801/850 814/862 815/854
f 805/842 804/841 817/855 818/860
f 796/844 794/843 807/863 809/856
f 798/846 799/845 812/859 811/864
f 797/847 798/846 811/864 810/865
f 793/849 795/848 808/857 806/866
f 818/860 817/855 830/867 831/868
f 800/853 803/852 816/861 813/858
f 801/850 793/849 806/866 814/862
f 810/865 811/864 824/869 823/870
f 806/866 808/857 821/871 819/872
f 815/854 814/862 827/873 828/874
f 817/855 815/854 828/874 830/867
f 813/858 816/861 829/875 826/876
f 814/862 806/866 819/872 827/873
f 808/857 809/856 822/877 821/871
f 812/859 813/858 826/876 825/878
f 816/861 818/860 831/868 829/875
f 830/867 828/874 841/879 843/880
f 809/856 807/863 820/881 822/877
f 811/864 812/859 825/878 824/869
f 829/875 831/868 844/882 842/883
f 828/874 827/873 840/884 841/879
f 831/868 830/867 843/880 844/882
f 822/877 820/881 833/885 835/886
f 824/869 825/878 838/887 837/888
f 823/870 824/869 837/888 836/889
f 819/872 821/871 834/890 832/891
f 844/882 843/880 856/892 857/893
f 826/876 829/875 842/883 839/894
f 827/873 819/872 832/891 840/884
f 821/871 822/877 835/886 834/890
f 825/878 826/876 839/894 838/887
f 832/891 834/890 847/895 845/896
f 841/879 840/884 853/897 854/898
f 843/880 841/879 854/898 856/892
f 839/894 842/883 855/899 852/900
f 840/884 832/891 845/896 853/897
f 834/890 835/886 848/901 847/895
f 838/887 839/894 852/900 851/902
f 842/883 844/882 857/893 855/899
f 855/899 857/893 870/903 868/904
f 835/886 833/885 846/905 848/901
f 837/888 838/887 851/902 850/906
f 836/889 837/888 850/906 849/907
f 854/898 853/897 866/908 867/909
f 856/892 854/898 867/909 869/910
f 857/893 856/892 869/910 870/903
f 848/901 846/905 859/911 861/912
f 850/906 851/902 864/913 863/914
f 849/907 850/906 863/914 862/915
f 845/896 847/895 860/916 858/917
f 870/903 869/910 882/918 883/919
f 852/900 855/899 868/904 865/920
f 853/897 845/896 858/917 866/908
f 847/895 848/901 861/912 860/916
f 851/902 852/900 865/920 864/913
f 867/909 866/908 879/921 880/922
f 869/910 867/909 880/922 882/918
f 865/920 868/904 881/923 878/924
f 866/908 858/917 871/925 879/921
f 860/916 861/912 874/926 873/927
f 864/913 865/920 878/924 877/928
f 868/904 870/903 883/919 881/923
f 881/923 883/919 896/929 894/930
f 861/912 859/911 872/931 874/926
f 863/914 864/913 877/928 876/932
f 862/915 863/914 876/932 875/933
f 858/917 860/916 873/927 871/925
f 880/922 879/921 892/934 893/935
f 882/918 880/922 893/935 895/936
f 883/919 882/918 895/936 896/929
f 874/926 872/931 885/937 887/938
f 876/932 877/928 890/939 889/940
f 875/933 876/932 889/940 888/941
f 871/925 873/927 886/942 884/943
f 893/935 892/934 905/944 906/945
f 878/924 881/923 894/930 891/946
f 879/921 871/925 884/943 892/934
f 873/927 874/926 887/938 886/942
f 877/928 878/924 891/946 890/939
f 895/936 908/947 909/948 896/929
f 895/936 893/935 906/945 908/947
f 891/946 894/930 907/949 904/950
f 892/934 884/943 897/951 905/944
f 886/942 887/938 900/952 899/953
f 890/939 891/946 904/950 903/954
f 894/930 896/929 909/948 907/949
f 906/945 905/944 918/955 919/956
f 887/938 885/937 898/957 900/952
f 889/940 890/939 903/954 902/958
f 888/941 889/940 902/958 901/959
f 884/943 886/942 899/953 897/951
f 908/947 906/945 919/956 921/960
f 909/948 908/947 921/960 922/961
f 900/952 898/957 911/962 913/963
f 902/958 903/954 916/964 915/965
f 901/959 902/958 915/965 914/966
f 897/951 899/953 912/967 910/968
f 907/949 909/948 922/961 920/969
f 904/950 907/949 920/969 917/970
f 905/944 897/951 910/968 918/955
f 899/953 900/952 913/963 912/967
f 903/954 904/950 917/970 916/964
f 921/960 934/971 935/972 922/961
f 921/960 919/956 932/973 934/971
f 917/970 920/969 933/974 930/975
f 918/955 910/968 923/976 931/977
f 912/967 913/963 926/978 925/979
f 916/964 917/970 930/975 929/980
f 920/969 922/961 935/972 933/974
f 919/956 918/955 931/977 932/973
f 935/972 934/971 947/981 948/982
f 913/963 911/962 924/983 926/978
f 915/965 916/964 929/980 928/984
f 914/966 915/965 928/984 927/985
f 910/968 912/967 925/979 923/976
f 926/978 924/983 937/986 939/987
f 928/984 929/980 942/988 941/989
f 927/985 928/984 941/989 940/990
f 923/976 925/979 938/991 936/992
f 932/973 931/977 944/993 945/994
f 934/971 932/973 945/994 947/981
f 930/975 933/974 946/995 943/996
f 931/977 923/976 936/992 944/993
f 925/979 926/978 939/987 938/991
f 929/980 930/975 943/996 942/988
f 933/974 935/972 948/982 946/995
f 947/981 945/994 958/997 960/998
f 944/993 936/992 949/999 957/1000
f 938/991 939/987 952/1001 951/1002
f 942/988 943/996 956/1003 955/1004
f 946/995 948/982 961/1005 959/1006
f 945/994 944/993 957/1000 958/997
f 948/982 947/981 960/998 961/1005
f 939/987 937/986 950/1007 952/1001
f 941/989 942/988 955/1004 954/1008
f 940/990 941/989 954/1008 953/1009
f 936/992 938/991 951/1002 949/999
f 961/1005 960/998 973/1010 974/1011
f 943/996 946/995 959/1006 956/1003
f 954/1008 955/1004 968/1012 967/1013
f 953/1009 954/1008 967/1013 966/1014
f 949/999 951/1002 964/1015 962/1016
f 958/997 957/1000 970/1017 971/1018
f 960/998 958/997 971/1018 973/1010
f 956/1003 959/1006 972/1019 969/1020
f 957/1000 949/999 962/1016 970/1017
f 951/1002 952/1001 965/1021 964/1015
f 955/1004 956/1003 969/1020 968/1012
f 959/1006 961/1005 974/1011 972/1019
f 973/1010 971/1018 984/1022 986/1023
f 952/1001 950/1007 963/1024 965/1021
f 968/1012 969/1020 982/1025 981/1026
f 972/1019 974/1011 987/1027 985/1028
f 971/1018 970/1017 983/1029 984/1022
f 974/1011 973/1010 986/1023 987/1027
f 965/1021 963/1024 976/1030 978/1031
f 967/1013 968/1012 981/1026 980/1032
f 966/1014 967/1013 980/1032 979/1033
f 962/1016 964/1015 977/1034 975/1035
f 987/1027 986/1023 999/1036 1000/1037
f 969/1020 972/1019 985/1028 982/1025
f 970/1017 962/1016 975/1035 983/1029
f 964/1015 965/1021 978/1031 977/1034
f 979/1033 980/1032 993/1038 992/1039
f 975/1035 977/1034 990/1040 988/1041
f 984/1022 983/1029 996/1042 997/1043
f 986/1023 984/1022 997/1043 999/1036
f 982/1025 985/1028 998/1044 995/1045
f 983/1029 975/1035 988/1041 996/1042
f 977/1034 978/1031 991/1046 990/1040
f 981/1026 982/1025 995/1045 994/1047
f 985/1028 987/1027 1000/1037 998/1044
f 999/1036 997/1043 1010/1048 1012/1049
f 978/1031 976/1030 989/1050 991/1046
f 980/1032 981/1026 994/1047 993/1038
f 998/1044 1000/1037 1013/1051 1011/1052
f 997/1043 996/1042 1009/1053 1010/1048
f 1000/1037 999/1036 1012/1049 1013/1051
f 991/1046 989/1050 1002/1054 1004/1055
f 993/1038 994/1047 1007/1056 1006/1057
f 992/1039 993/1038 1006/1057 1005/1058
f 988/1041 990/1040 1003/1059 1001/1060
f 1013/1051 1012/1049 1025/1061 1026/1062
f 995/1045 998/1044 1011/1052 1008/1063
f 996/1042 988/1041 1001/1060 1009/1053
f 990/1040 991/1046 1004/1055 1003/1059
f 994/1047 995/1045 1008/1063 1007/1056
f 1001/1060 1003/1059 1016/1064 1014/1065
f 1010/1048 1009/1053 1022/1066 1023/1067
f 1012/1049 1010/1048 1023/1067 1025/1061
f 1008/1063 1011/1052 1024/1068 1021/1069
f 1009/1053 1001/1060 1014/1065 1022/1066
f 1003/1059 1004/1055 1017/1070 1016/1064
f 1007/1056 1008/1063 1021/1069 1020/1071
f 1011/1052 1013/1051 1026/1062 1024/1068
f 1024/1068 1026/1062 1039/1072 1037/1073
f 1004/1055 1002/1054 1015/1074 1017/1070
f 1006/1057 1007/1056 1020/1071 1019/1075
f 1005/1058 1006/1057 1019/1075 1018/1076
f 1023/1067 1022/1066 1035/1077 1036/1078
f 1025/1061 1023/1067 1036/1078 1038/1079
f 1026/1062 1025/1061 1038/1079 1039/1072
f 1017/1070 1015/1074 1028/1080 1030/1081
f 1019/1075 1020/1071 1033/1082 1032/1083
f 1018/1076 1019/1075 1032/1083 1031/1084
f 1014/1065 1016/1064 1029/1085 1027/1086
f 1038/1079 1051/1087 1052/1088 1039/1072
f 1021/1069 1024/1068 1037/1073 1034/1089
f 1022/1066 1014/1065 1027/1086 1035/1077
f 1016/1064 1017/1070 1030/1081 1029/1085
f 1020/1071 1021/1069 1034/1089 1033/1082
f 1036/1078 1035/1077 1048/1090 1049/1091
f 1038/1079 1036/1078 1049/1091 1051/1087
f 1029/1085 1030/1081 1043/1092 1042/1093
f 1034/1089 1037/1073 1050/1094 1047/1095
f 1035/1077 1027/1086 1040/1096 1048/1090
f 1033/1082 1034/1089 1047/1095 1046/1097
f 1037/1073 1039/1072 1052/1088 1050/1094
f 1051/1087 1049/1091 1062/1098 1064/1099
f 1030/1081 1028/1080 1041/1100 1043/1092
f 1031/1084 1032/1083 1045/1101 1044/1102
f 1032/1083 1033/1082 1046/1097 1045/1101
f 1027/1086 1029/1085 1042/1093 1040/1096
f 1052/1088 1051/1087 1064/1099 1065/1103
f 1043/1092 1041/1100 1054/1104 1056/1105
f 1045/1101 1046/1097 1059/1106 1058/1107
f 1044/1102 1045/1101 1058/1107 1057/1108
f 1040/1096 1042/1093 1055/1109 1053/1110
f 1049/1091 1048/1090 1061/1111 1062/1098
f 1050/1094 1052/1088 1065/1103 1063/1112
f 1047/1095 1050/1094 1063/1112 1060/1113
f 1048/1090 1040/1096 1053/1110 1061/1111
f 1042/1093 1043/1092 1056/1105 1055/1109
f 1046/1097 1047/1095 1060/1113 1059/1106
f 421/406 423/560 483/442 482/441
f 1278/1114 1274/1115 1094/1116 1157/1117
f 1325/1118 1070/1119 1069/1120 1322/1121
f 1354/1122 1350/1123 1068/1124 1073/1125
f 1404/1126 1403/1127 1194/1128 1110/1129
f 1380/1130 1385/1131 1083/1132 1200/1133
f 1261/1134 1257/1135 1072/1136 1066/1137
f 1297/1138 1301/1139 1185/1140 1102/1141
f 1300/1142 1304/1143 1080/1144 1111/1145
f 1277/1146 1270/1147 1071/1148 1074/1149
f 1283/1150 1292/1151 1079/1152 1202/1153
f 1313/1154 1190/1155 1096/1156 1311/1157
f 1337/1158 1340/1159 1187/1160 1089/1161
f 1399/1162 1396/1163 1135/1164 1091/1165
f 1258/1166 1260/1167 1192/1168 1092/1169
f 1275/1170 1191/1171 1095/1172 1272/1173
f 1288/1174 1186/1175 1101/1176 1286/1177
f 1330/1178 1146/1179 1098/1180 1323/1181
f 1264/1182 1259/1183 1134/1184 1127/1185
f 1358/1186 1189/1187 1088/1188 1351/1189
f 1404/1190 1398/1191 1133/1192 1107/1193
f 1339/1194 1341/1195 1116/1196 1117/1197
f 1356/1198 1123/1199 1124/1200 1355/1201
f 1383/1202 1125/1203 1126/1204 1375/1205
f 1384/1206 1184/1207 1105/1208 1372/1209
f 1324/1210 1327/1211 1188/1212 1099/1213
f 1377/1214 1370/1215 1136/1216 1108/1217
f 1371/1218 1368/1219 1138/1220 1093/1221
f 1285/1222 1289/1223 1141/1224 1106/1225
f 1284/1226 1291/1227 1144/1228 1084/1229
f 1323/1181 1098/1180 1147/1230 1331/1231
f 1326/1232 1077/1233 1149/1234 1329/1235
f 1352/1236 1357/1237 1151/1238 1104/1239
f 1353/1240 1362/1241 1153/1242 1082/1243
f 1296/1244 1303/1245 1140/1246 1131/1247
f 1298/1248 1305/1249 1143/1250 1087/1251
f 1271/1252 1278/1114 1157/1117 1109/1253
f 1274/1115 1279/1254 1159/1255 1094/1116
f 1312/1256 1315/1257 1155/1258 1130/1259
f 1317/1260 1316/1261 1156/1262 1097/1263
f 1259/1183 1262/1264 1128/1265 1134/1184
f 1265/1266 1263/1267 1129/1268 1090/1269
f 1338/1270 1104/1239 1151/1238 1344/1271
f 1342/1272 1082/1243 1153/1242 1343/1273
f 1828/1274 1335/1275 1162/1276 1823/1277
f 1818/1278 1824/1279 1171/1280 1373/1281
f 1803/1282 1814/1283 1173/1284 1378/1285
f 1793/1286 1800/1287 1175/1288 1376/1289
f 1784/1290 1781/1291 1177/1292 1374/1293
f 1773/1294 1771/1295 1179/1296 1379/1297
f 1766/1298 1764/1299 1181/1300 1382/1301
f 1761/1302 1757/1303 1182/1304 1381/1305
f 1826/1306 1825/1307 1172/1308 1360/1309
f 1807/1310 1813/1311 1174/1312 1359/1313
f 1796/1314 1801/1315 1176/1316 1363/1317
f 1788/1318 1780/1319 1178/1320 1364/1321
f 1337/1322 1088/1323 1152/1324 1346/1325
f 1258/1326 1264/1182 1127/1185 1092/1327
f 1311/1328 1318/1329 1154/1330 1096/1331
f 1272/1332 1276/1333 1158/1334 1095/1335
f 1297/1336 1302/1337 1139/1338 1102/1339
f 1351/1340 1361/1341 1152/1324 1088/1323
f 1324/1342 1089/1343 1146/1179 1330/1178
f 1286/1344 1290/1345 1142/1346 1101/1347
f 1372/1348 1369/1349 1137/1350 1105/1351
f 1398/1191 1397/1352 1196/1353 1133/1192
f 1397/1352 1402/1354 1132/1355 1196/1353
f 1276/1333 1271/1252 1109/1253 1158/1334
f 1361/1341 1352/1236 1104/1239 1152/1324
f 1396/1163 1390/1356 1086/1357 1135/1164
f 1291/1227 1283/1150 1202/1153 1144/1228
f 1302/1337 1296/1244 1131/1247 1139/1338
f 1318/1329 1312/1256 1130/1259 1154/1330
f 1279/1254 1277/1146 1074/1149 1159/1255
f 1343/1273 1153/1242 1073/1358 1345/1359
f 1263/1267 1261/1134 1066/1137 1129/1268
f 1262/1264 1265/1266 1090/1269 1128/1265
f 1369/1349 1377/1214 1108/1217 1137/1350
f 1303/1245 1298/1248 1087/1251 1140/1246
f 1344/1271 1151/1238 1082/1243 1342/1272
f 1316/1261 1309/1360 1201/1361 1156/1262
f 1402/1354 1399/1162 1091/1165 1132/1355
f 1331/1231 1147/1230 1077/1233 1326/1232
f 1370/1215 1371/1218 1093/1221 1136/1216
f 1289/1223 1284/1226 1084/1229 1141/1224
f 1368/1219 1380/1130 1200/1133 1138/1220
f 1388/1362 1203/1363 1125/1203 1383/1202
f 1295/1364 1217/1365 1122/1366 1287/1367
f 1334/1368 1328/1369 1120/1370 1211/1371
f 1367/1372 1220/1373 1123/1199 1356/1198
f 1308/1374 1226/1375 1119/1376 1299/1377
f 1282/1378 1214/1379 1121/1380 1273/1381
f 1321/1382 1211/1371 1120/1370 1314/1383
f 1269/1384 1232/1385 1118/1386 1266/1387
f 1349/1388 1339/1194 1117/1197 1229/1389
f 1345/1359 1073/1358 1068/1124 1336/1390
f 1410/1391 1554/1392 1465/1393 1405/1394
f 1390/1356 1407/1395 1085/1396 1086/1357
f 1309/1360 1310/1397 1076/1398 1201/1361
f 1346/1325 1152/1324 1104/1239 1338/1270
f 1395/1399 1170/1400 1160/1401 1389/1402
f 1758/1403 1763/1404 1170/1400 1395/1399
f 1765/1405 1770/1406 1169/1407 1401/1408
f 1774/1409 1779/1410 1168/1411 1400/1412
f 1786/1413 1790/1414 1167/1415 1393/1416
f 1795/1417 1799/1418 1166/1419 1394/1420
f 1805/1421 1812/1422 1165/1423 1392/1424
f 1820/1425 1827/1426 1164/1427 1391/1428
f 1357/1237 1353/1240 1082/1243 1151/1238
f 1315/1257 1317/1260 1097/1263 1155/1258
f 1405/1394 1465/1393 1466/1429 1406/1430
f 1290/1345 1285/1222 1106/1225 1142/1346
f 1305/1249 1300/1142 1111/1145 1143/1250
f 1329/1235 1149/1234 1070/1119 1325/1118
f 1362/1241 1354/1122 1073/1125 1153/1242
f 1403/1127 1194/1128 1210/1431 1408/1432
f 1408/1432 1210/1431 1209/1433 1409/1434
f 1409/1434 1209/1433 1554/1392 1410/1391
f 1340/1159 1347/1435 1231/1436 1187/1160
f 1347/1435 1348/1437 1230/1438 1231/1436
f 1348/1437 1349/1388 1229/1389 1230/1438
f 1260/1439 1191/1440 1234/1441 1267/1442
f 1267/1442 1234/1441 1233/1443 1268/1444
f 1268/1444 1233/1443 1232/1385 1269/1384
f 1313/1445 1188/1446 1213/1447 1319/1448
f 1319/1448 1213/1447 1212/1449 1320/1450
f 1320/1450 1212/1449 1211/1371 1321/1382
f 1275/1451 1186/1452 1216/1453 1280/1454
f 1280/1454 1216/1453 1215/1455 1281/1456
f 1281/1456 1215/1455 1214/1379 1282/1378
f 1301/1457 1190/1458 1228/1459 1306/1460
f 1306/1460 1228/1459 1227/1461 1307/1462
f 1307/1462 1227/1461 1226/1375 1308/1374
f 1358/1463 1184/1464 1222/1465 1365/1466
f 1365/1466 1222/1465 1221/1467 1366/1468
f 1366/1468 1221/1467 1220/1373 1367/1372
f 1327/1211 1332/1469 1213/1447 1188/1212
f 1332/1469 1333/1470 1212/1449 1213/1447
f 1333/1470 1334/1368 1211/1371 1212/1449
f 1288/1471 1185/1472 1219/1473 1293/1474
f 1293/1474 1219/1473 1218/1475 1294/1476
f 1294/1476 1218/1475 1217/1365 1295/1364
f 1384/1477 1183/1478 1205/1479 1386/1480
f 1386/1480 1205/1479 1204/1481 1387/1482
f 1387/1482 1204/1481 1203/1363 1388/1362
f 1129/1268 1066/1137 1235/1483 1242/1484
f 1208/1485 1207/1486 1246/1487 1247/1488
f 1583/1489 1589/1490 1254/1491 1113/1492
f 1092/1169 1192/1168 1244/1493 1238/1494
f 1066/1137 1072/1136 1236/1495 1235/1483
f 1090/1269 1129/1268 1242/1484 1237/1496
f 1092/1327 1127/1185 1240/1497 1238/1498
f 1134/1184 1128/1265 1241/1499 1243/1500
f 1128/1265 1090/1269 1237/1496 1241/1499
f 1206/1501 1112/1502 1239/1503 1245/1504
f 1192/1168 1208/1485 1247/1488 1244/1493
f 1207/1486 1206/1501 1245/1504 1246/1487
f 1127/1185 1134/1184 1243/1500 1240/1497
f 1240/1497 1243/1500 1594/1505 1592/1506
f 1241/1499 1237/1496 1250/1507 1593/1508
f 1235/1483 1236/1495 1249/1509 1248/1510
f 1237/1496 1242/1484 1252/1511 1250/1507
f 1246/1487 1245/1504 1254/1512 1255/1513
f 1243/1500 1241/1499 1593/1508 1594/1505
f 1247/1488 1246/1487 1255/1513 1256/1514
f 1238/1494 1244/1493 1253/1515 1251/1516
f 1244/1493 1247/1488 1256/1514 1253/1515
f 1242/1484 1235/1483 1248/1510 1252/1511
f 1238/1498 1240/1497 1592/1506 1251/1517
f 1207/1486 1268/1444 1269/1384 1206/1501
f 1208/1485 1267/1442 1268/1444 1207/1486
f 1192/1168 1260/1167 1267/1442 1208/1485
f 1206/1501 1269/1384 1266/1387 1112/1502
f 1157/1117 1094/1116 1265/1266 1262/1264
f 1159/1255 1074/1149 1261/1134 1263/1267
f 1095/1335 1158/1334 1264/1182 1258/1326
f 1094/1116 1159/1255 1263/1267 1265/1266
f 1109/1253 1157/1117 1262/1264 1259/1183
f 1158/1334 1109/1253 1259/1183 1264/1182
f 1095/1172 1191/1171 1260/1439 1258/1166
f 1074/1149 1071/1148 1257/1135 1261/1134
f 1233/1443 1281/1456 1282/1378 1232/1385
f 1234/1441 1280/1454 1281/1456 1233/1443
f 1191/1171 1275/1170 1280/1454 1234/1441
f 1232/1385 1282/1378 1273/1381 1118/1386
f 1144/1228 1202/1153 1277/1146 1279/1254
f 1142/1346 1106/1225 1271/1252 1276/1333
f 1101/1347 1142/1346 1276/1333 1272/1332
f 1084/1229 1144/1228 1279/1254 1274/1115
f 1106/1225 1141/1224 1278/1114 1271/1252
f 1186/1452 1275/1451 1272/1173 1101/1176
f 1202/1153 1079/1152 1270/1147 1277/1146
f 1141/1224 1084/1229 1274/1115 1278/1114
f 1215/1455 1294/1476 1295/1364 1214/1379
f 1216/1453 1293/1474 1294/1476 1215/1455
f 1186/1452 1288/1174 1293/1474 1216/1453
f 1139/1338 1131/1247 1285/1222 1290/1345
f 1214/1379 1295/1364 1287/1367 1121/1380
f 1140/1246 1087/1251 1284/1226 1289/1223
f 1143/1250 1111/1145 1283/1150 1291/1227
f 1102/1339 1139/1338 1290/1345 1286/1344
f 1087/1251 1143/1250 1291/1227 1284/1226
f 1131/1247 1140/1246 1289/1223 1285/1222
f 1185/1472 1288/1471 1286/1177 1102/1141
f 1111/1145 1080/1144 1292/1151 1283/1150
f 1218/1475 1307/1462 1308/1374 1217/1365
f 1219/1473 1306/1460 1307/1462 1218/1475
f 1185/1472 1301/1139 1306/1460 1219/1473
f 1156/1262 1201/1361 1300/1142 1305/1249
f 1217/1365 1308/1374 1299/1377 1122/1366
f 1155/1258 1097/1263 1298/1248 1303/1245
f 1154/1330 1130/1259 1296/1244 1302/1337
f 1096/1331 1154/1330 1302/1337 1297/1336
f 1097/1263 1156/1262 1305/1249 1298/1248
f 1130/1259 1155/1258 1303/1245 1296/1244
f 1201/1361 1076/1398 1304/1143 1300/1142
f 1096/1156 1190/1155 1301/1457 1297/1138
f 1227/1461 1320/1450 1321/1382 1226/1375
f 1228/1459 1319/1448 1320/1450 1227/1461
f 1190/1458 1313/1154 1319/1448 1228/1459
f 1148/1518 1078/1519 1317/1260 1315/1257
f 1067/1520 1075/1521 1310/1397 1309/1360
f 1226/1375 1321/1382 1314/1383 1119/1376
f 1150/1522 1067/1520 1309/1360 1316/1261
f 1145/1523 1100/1524 1312/1256 1318/1329
f 1099/1525 1145/1523 1318/1329 1311/1328
f 1078/1519 1150/1522 1316/1261 1317/1260
f 1100/1524 1148/1518 1315/1257 1312/1256
f 1188/1212 1313/1445 1311/1157 1099/1213
f 1230/1438 1229/1389 1334/1368 1333/1470
f 1231/1436 1230/1438 1333/1470 1332/1469
f 1187/1160 1231/1436 1332/1469 1327/1211
f 1150/1522 1329/1235 1325/1118 1067/1520
f 1229/1389 1117/1197 1328/1369 1334/1368
f 1148/1518 1331/1231 1326/1232 1078/1519
f 1099/1525 1324/1342 1330/1178 1145/1523
f 1078/1519 1326/1232 1329/1235 1150/1522
f 1100/1524 1323/1181 1331/1231 1148/1518
f 1089/1161 1187/1160 1327/1211 1324/1210
f 1145/1523 1330/1178 1323/1181 1100/1524
f 1067/1520 1325/1118 1322/1121 1075/1521
f 1224/1526 1223/1527 1349/1388 1348/1437
f 1225/1528 1224/1526 1348/1437 1347/1435
f 1189/1529 1225/1528 1347/1435 1340/1159
f 1146/1179 1346/1325 1338/1270 1098/1180
f 1070/1119 1345/1359 1336/1390 1069/1120
f 1223/1527 1114/1530 1339/1194 1349/1388
f 1147/1230 1344/1271 1342/1272 1077/1233
f 1149/1234 1343/1273 1345/1359 1070/1119
f 1089/1343 1337/1322 1346/1325 1146/1179
f 1822/1531 1161/1532 1335/1275 1828/1274
f 1077/1233 1342/1272 1343/1273 1149/1234
f 1098/1180 1338/1270 1344/1271 1147/1230
f 1114/1530 1115/1533 1341/1195 1339/1194
f 1088/1188 1189/1187 1340/1159 1337/1158
f 1224/1526 1366/1468 1367/1372 1223/1527
f 1225/1528 1365/1466 1366/1468 1224/1526
f 1189/1529 1358/1186 1365/1466 1225/1528
f 1138/1220 1200/1133 1354/1122 1362/1241
f 1136/1216 1093/1221 1353/1240 1357/1237
f 1223/1527 1367/1372 1356/1198 1114/1530
f 1137/1350 1108/1217 1352/1236 1361/1341
f 1105/1351 1137/1350 1361/1341 1351/1340
f 1808/1534 1807/1310 1359/1313 1163/1535
f 1822/1531 1826/1306 1360/1309 1161/1532
f 1093/1221 1138/1220 1362/1241 1353/1240
f 1108/1217 1136/1216 1357/1237 1352/1236
f 1114/1530 1356/1198 1355/1201 1115/1533
f 1184/1207 1358/1463 1351/1189 1105/1208
f 1200/1133 1083/1132 1350/1123 1354/1122
f 1221/1467 1387/1482 1388/1362 1220/1373
f 1222/1465 1386/1480 1387/1482 1221/1467
f 1184/1464 1384/1206 1386/1480 1222/1465
f 1220/1373 1388/1362 1383/1202 1123/1199
f 1135/1164 1086/1357 1380/1130 1368/1219
f 1132/1355 1091/1165 1371/1218 1370/1215
f 1133/1192 1196/1353 1377/1214 1369/1349
f 1107/1193 1133/1192 1369/1349 1372/1348
f 1772/1536 1773/1294 1379/1297 1180/1537
f 1780/1319 1784/1290 1374/1293 1178/1320
f 1801/1315 1793/1286 1376/1289 1176/1316
f 1813/1311 1803/1282 1378/1285 1174/1312
f 1825/1307 1818/1278 1373/1281 1172/1308
f 1091/1165 1135/1164 1368/1219 1371/1218
f 1196/1353 1132/1355 1370/1215 1377/1214
f 1183/1478 1384/1477 1372/1209 1107/1538
f 1123/1199 1383/1202 1375/1205 1124/1200
f 1086/1357 1085/1396 1385/1131 1380/1130
f 1204/1481 1409/1434 1410/1391 1203/1363
f 1205/1479 1408/1432 1409/1434 1204/1481
f 1183/1478 1403/1127 1408/1432 1205/1479
f 1125/1203 1405/1394 1406/1430 1126/1204
f 1824/1279 1820/1425 1391/1428 1171/1280
f 1814/1283 1805/1421 1392/1424 1173/1284
f 1800/1287 1795/1417 1394/1420 1175/1288
f 1781/1291 1786/1413 1393/1416 1177/1292
f 1771/1295 1774/1409 1400/1412 1179/1296
f 1764/1299 1765/1405 1401/1408 1181/1300
f 1757/1303 1758/1403 1395/1399 1182/1304
f 1193/1539 1199/1540 1407/1395 1390/1356
f 1203/1363 1410/1391 1405/1394 1125/1203
f 1198/1541 1081/1542 1399/1162 1402/1354
f 1195/1543 1193/1539 1390/1356 1396/1163
f 1103/1544 1198/1541 1402/1354 1397/1352
f 1197/1545 1103/1544 1397/1352 1398/1191
f 1110/1546 1197/1545 1398/1191 1404/1190
f 1081/1542 1195/1543 1396/1163 1399/1162
f 1107/1538 1183/1478 1403/1127 1404/1126
f 1193/1539 1195/1543 1415/1547 1414/1548
f 1103/1544 1197/1545 1416/1549 1412/1550
f 1197/1545 1110/1546 1413/1551 1416/1549
f 1198/1541 1103/1544 1412/1550 1417/1552
f 1199/1540 1193/1539 1414/1548 1418/1553
f 1081/1542 1198/1541 1417/1552 1411/1554
f 1195/1543 1081/1542 1411/1554 1415/1547
f 1616/1555 1511/1556 1447/1557 1612/1558
f 1663/1559 1660/1560 1422/1561 1423/1562
f 1692/1563 1426/1564 1421/1565 1688/1566
f 1742/1567 1463/1568 1194/1569 1741/1570
f 1718/1571 1545/1572 1436/1573 1723/1574
f 1599/1575 1419/1576 1425/1577 1595/1578
f 1635/1579 1455/1580 1531/1581 1639/1582
f 1638/1583 1464/1584 1433/1585 1642/1586
f 1615/1587 1427/1588 1424/1589 1608/1590
f 1621/1591 1547/1592 1432/1593 1630/1594
f 1651/1595 1649/1596 1449/1597 1536/1598
f 1675/1599 1442/1600 1533/1601 1678/1602
f 1737/1603 1444/1604 1489/1605 1734/1606
f 1596/1607 1445/1608 1538/1609 1598/1610
f 1613/1611 1610/1612 1448/1613 1537/1614
f 1626/1615 1624/1616 1454/1617 1532/1618
f 1668/1619 1661/1620 1451/1621 1500/1622
f 1602/1623 1481/1624 1488/1625 1597/1626
f 1696/1627 1689/1628 1441/1629 1535/1630
f 1742/1631 1460/1632 1487/1633 1736/1634
f 1677/1635 1471/1636 1470/1637 1679/1638
f 1694/1639 1693/1640 1478/1641 1477/1642
f 1721/1643 1713/1644 1480/1645 1479/1646
f 1722/1647 1710/1648 1458/1649 1530/1650
f 1662/1651 1452/1652 1534/1653 1665/1654
f 1715/1655 1461/1656 1490/1657 1708/1658
f 1709/1659 1446/1660 1492/1661 1706/1662
f 1623/1663 1459/1664 1495/1665 1627/1666
f 1622/1667 1437/1668 1498/1669 1629/1670
f 1661/1620 1669/1671 1501/1672 1451/1621
f 1664/1673 1667/1674 1503/1675 1430/1676
f 1690/1677 1457/1678 1505/1679 1695/1680
f 1691/1681 1435/1682 1507/1683 1700/1684
f 1634/1685 1485/1686 1494/1687 1641/1688
f 1636/1689 1440/1690 1497/1691 1643/1692
f 1609/1693 1462/1694 1511/1556 1616/1555
f 1612/1558 1447/1557 1513/1695 1617/1696
f 1650/1697 1484/1698 1509/1699 1653/1700
f 1655/1701 1450/1702 1510/1703 1654/1704
f 1597/1626 1488/1625 1482/1705 1600/1706
f 1603/1707 1443/1708 1483/1709 1601/1710
f 1676/1711 1682/1712 1505/1679 1457/1678
f 1680/1713 1681/1714 1507/1683 1435/1682
f 1830/1715 1829/1716 1515/1717 1673/1718
f 1821/1719 1711/1720 1517/1721 1817/1722
f 1806/1723 1716/1724 1519/1725 1810/1726
f 1794/1727 1714/1728 1521/1729 1798/1730
f 1785/1731 1712/1732 1523/1733 1789/1734
f 1776/1735 1717/1736 1525/1737 1777/1738
f 1768/1739 1720/1740 1527/1741 1769/1742
f 1760/1743 1719/1744 1528/1745 1762/1746
f 1815/1747 1698/1748 1518/1749 1816/1750
f 1802/1751 1697/1752 1520/1753 1809/1754
f 1791/1755 1701/1756 1522/1757 1797/1758
f 1782/1759 1702/1760 1524/1761 1787/1762
f 1675/1763 1684/1764 1506/1765 1441/1766
f 1596/1767 1445/1768 1481/1624 1602/1623
f 1649/1769 1449/1770 1508/1771 1656/1772
f 1610/1773 1448/1774 1512/1775 1614/1776
f 1635/1777 1455/1778 1493/1779 1640/1780
f 1689/1781 1441/1766 1506/1765 1699/1782
f 1662/1783 1668/1619 1500/1622 1442/1784
f 1624/1785 1454/1786 1496/1787 1628/1788
f 1710/1789 1458/1790 1491/1791 1707/1792
f 1736/1634 1487/1633 1541/1793 1735/1794
f 1735/1794 1541/1793 1486/1795 1740/1796
f 1614/1776 1512/1775 1462/1694 1609/1693
f 1699/1782 1506/1765 1457/1678 1690/1677
f 1734/1606 1489/1605 1439/1797 1728/1798
f 1629/1670 1498/1669 1547/1592 1621/1591
f 1640/1780 1493/1779 1485/1686 1634/1685
f 1656/1772 1508/1771 1484/1698 1650/1697
f 1617/1696 1513/1695 1427/1588 1615/1587
f 1681/1714 1683/1799 1426/1800 1507/1683
f 1601/1710 1483/1709 1419/1576 1599/1575
f 1600/1706 1482/1705 1443/1708 1603/1707
f 1707/1792 1491/1791 1461/1656 1715/1655
f 1641/1688 1494/1687 1440/1690 1636/1689
f 1682/1712 1680/1713 1435/1682 1505/1679
f 1654/1704 1510/1703 1546/1801 1647/1802
f 1740/1796 1486/1795 1444/1604 1737/1603
f 1669/1671 1664/1673 1430/1676 1501/1672
f 1708/1658 1490/1657 1446/1660 1709/1659
f 1627/1666 1495/1665 1437/1668 1622/1667
f 1706/1662 1492/1661 1545/1572 1718/1571
f 1726/1803 1721/1643 1479/1646 1548/1804
f 1633/1805 1625/1806 1476/1807 1561/1808
f 1672/1809 1555/1810 1474/1811 1666/1812
f 1705/1813 1694/1639 1477/1642 1564/1814
f 1646/1815 1637/1816 1473/1817 1570/1818
f 1620/1819 1611/1820 1475/1821 1558/1822
f 1659/1823 1652/1824 1474/1811 1555/1810
f 1607/1825 1604/1826 1472/1827 1576/1828
f 1687/1829 1573/1830 1471/1636 1677/1635
f 1683/1799 1674/1831 1421/1565 1426/1800
f 1748/1832 1743/1833 1465/1393 1554/1392
f 1728/1798 1439/1797 1438/1834 1745/1835
f 1647/1802 1546/1801 1429/1836 1648/1837
f 1684/1764 1676/1711 1457/1678 1506/1765
f 1733/1838 1727/1839 1160/1401 1170/1400
f 1759/1840 1733/1838 1170/1400 1763/1404
f 1767/1841 1739/1842 1169/1407 1770/1406
f 1775/1843 1738/1844 1168/1411 1779/1410
f 1783/1845 1731/1846 1167/1415 1790/1414
f 1792/1847 1732/1848 1166/1419 1799/1418
f 1804/1849 1730/1850 1165/1423 1812/1422
f 1819/1851 1729/1852 1164/1427 1827/1426
f 1695/1680 1505/1679 1435/1682 1691/1681
f 1653/1700 1509/1699 1450/1702 1655/1701
f 1743/1833 1744/1853 1466/1429 1465/1393
f 1628/1788 1496/1787 1459/1664 1623/1663
f 1643/1692 1497/1691 1464/1584 1638/1583
f 1667/1674 1663/1559 1423/1562 1503/1675
f 1700/1684 1507/1683 1426/1800 1692/1563
f 1741/1570 1746/1854 1210/1431 1194/1569
f 1746/1854 1747/1855 1209/1433 1210/1431
f 1747/1855 1748/1832 1554/1392 1209/1433
f 1678/1602 1533/1601 1575/1856 1685/1857
f 1685/1857 1575/1856 1574/1858 1686/1859
f 1686/1859 1574/1858 1573/1830 1687/1829
f 1598/1860 1605/1861 1578/1862 1537/1863
f 1605/1861 1606/1864 1577/1865 1578/1862
f 1606/1864 1607/1825 1576/1828 1577/1865
f 1651/1866 1657/1867 1557/1868 1534/1869
f 1657/1867 1658/1870 1556/1871 1557/1868
f 1658/1870 1659/1823 1555/1810 1556/1871
f 1613/1872 1618/1873 1560/1874 1532/1875
f 1618/1873 1619/1876 1559/1877 1560/1874
f 1619/1876 1620/1819 1558/1822 1559/1877
f 1639/1878 1644/1879 1572/1880 1536/1881
f 1644/1879 1645/1882 1571/1883 1572/1880
f 1645/1882 1646/1815 1570/1818 1571/1883
f 1696/1884 1703/1885 1566/1886 1530/1887
f 1703/1885 1704/1888 1565/1889 1566/1886
f 1704/1888 1705/1813 1564/1814 1565/1889
f 1665/1654 1534/1653 1557/1868 1670/1890
f 1670/1890 1557/1868 1556/1871 1671/1891
f 1671/1891 1556/1871 1555/1810 1672/1809
f 1626/1892 1631/1893 1563/1894 1531/1895
f 1631/1893 1632/1896 1562/1897 1563/1894
f 1632/1896 1633/1805 1561/1808 1562/1897
f 1722/1898 1724/1899 1550/1900 1529/1901
f 1724/1899 1725/1902 1549/1903 1550/1900
f 1725/1902 1726/1803 1548/1804 1549/1903
f 1483/1709 1586/1904 1579/1905 1419/1576
f 1553/1906 1591/1907 1590/1908 1552/1909
f 1239/1503 1113/1910 1254/1512 1245/1504
f 1445/1608 1582/1911 1588/1912 1538/1609
f 1419/1576 1579/1905 1580/1913 1425/1577
f 1443/1708 1581/1914 1586/1904 1483/1709
f 1445/1768 1582/1915 1584/1916 1481/1624
f 1488/1625 1587/1917 1585/1918 1482/1705
f 1482/1705 1585/1918 1581/1914 1443/1708
f 1551/1919 1589/1490 1583/1489 1467/1920
f 1538/1609 1588/1912 1591/1907 1553/1906
f 1552/1909 1590/1908 1589/1490 1551/1919
f 1481/1624 1584/1916 1587/1917 1488/1625
f 1584/1916 1592/1506 1594/1505 1587/1917
f 1585/1918 1593/1508 1250/1507 1581/1914
f 1579/1905 1248/1510 1249/1509 1580/1913
f 1581/1914 1250/1507 1252/1511 1586/1904
f 1590/1908 1255/1921 1254/1491 1589/1490
f 1587/1917 1594/1505 1593/1508 1585/1918
f 1591/1907 1256/1922 1255/1921 1590/1908
f 1582/1911 1251/1923 1253/1924 1588/1912
f 1588/1912 1253/1924 1256/1922 1591/1907
f 1586/1904 1252/1511 1248/1510 1579/1905
f 1582/1915 1251/1517 1592/1506 1584/1916
f 1552/1909 1551/1919 1607/1825 1606/1864
f 1553/1906 1552/1909 1606/1864 1605/1861
f 1538/1609 1553/1906 1605/1861 1598/1610
f 1551/1919 1467/1920 1604/1826 1607/1825
f 1511/1556 1600/1706 1603/1707 1447/1557
f 1513/1695 1601/1710 1599/1575 1427/1588
f 1448/1774 1596/1767 1602/1623 1512/1775
f 1447/1557 1603/1707 1601/1710 1513/1695
f 1462/1694 1597/1626 1600/1706 1511/1556
f 1512/1775 1602/1623 1597/1626 1462/1694
f 1448/1613 1596/1607 1598/1610 1537/1614
f 1427/1588 1599/1575 1595/1578 1424/1589
f 1577/1865 1576/1828 1620/1819 1619/1876
f 1578/1862 1577/1865 1619/1876 1618/1873
f 1537/1614 1578/1862 1618/1873 1613/1611
f 1576/1828 1472/1827 1611/1820 1620/1819
f 1498/1669 1617/1696 1615/1587 1547/1592
f 1496/1787 1614/1776 1609/1693 1459/1664
f 1454/1786 1610/1773 1614/1776 1496/1787
f 1437/1668 1612/1558 1617/1696 1498/1669
f 1459/1664 1609/1693 1616/1555 1495/1665
f 1532/1618 1454/1617 1610/1612 1613/1872
f 1547/1592 1615/1587 1608/1590 1432/1593
f 1495/1665 1616/1555 1612/1558 1437/1668
f 1559/1877 1558/1822 1633/1805 1632/1896
f 1560/1874 1559/1877 1632/1896 1631/1893
f 1532/1618 1560/1874 1631/1893 1626/1615
f 1493/1779 1628/1788 1623/1663 1485/1686
f 1558/1822 1475/1821 1625/1806 1633/1805
f 1494/1687 1627/1666 1622/1667 1440/1690
f 1497/1691 1629/1670 1621/1591 1464/1584
f 1455/1778 1624/1785 1628/1788 1493/1779
f 1440/1690 1622/1667 1629/1670 1497/1691
f 1485/1686 1623/1663 1627/1666 1494/1687
f 1531/1895 1455/1580 1624/1616 1626/1892
f 1464/1584 1621/1591 1630/1594 1433/1585
f 1562/1897 1561/1808 1646/1815 1645/1882
f 1563/1894 1562/1897 1645/1882 1644/1879
f 1531/1895 1563/1894 1644/1879 1639/1582
f 1510/1703 1643/1692 1638/1583 1546/1801
f 1561/1808 1476/1807 1637/1816 1646/1815
f 1509/1699 1641/1688 1636/1689 1450/1702
f 1508/1771 1640/1780 1634/1685 1484/1698
f 1449/1770 1635/1777 1640/1780 1508/1771
f 1450/1702 1636/1689 1643/1692 1510/1703
f 1484/1698 1634/1685 1641/1688 1509/1699
f 1546/1801 1638/1583 1642/1586 1429/1836
f 1449/1597 1635/1579 1639/1582 1536/1598
f 1571/1883 1570/1818 1659/1823 1658/1870
f 1572/1880 1571/1883 1658/1870 1657/1867
f 1536/1881 1572/1880 1657/1867 1651/1595
f 1502/1925 1653/1700 1655/1701 1431/1926
f 1420/1927 1647/1802 1648/1837 1428/1928
f 1570/1818 1473/1817 1652/1824 1659/1823
f 1504/1929 1654/1704 1647/1802 1420/1927
f 1499/1930 1656/1772 1650/1697 1453/1931
f 1452/1932 1649/1769 1656/1772 1499/1930
f 1431/1926 1655/1701 1654/1704 1504/1929
f 1453/1931 1650/1697 1653/1700 1502/1925
f 1534/1653 1452/1652 1649/1596 1651/1866
f 1574/1858 1671/1891 1672/1809 1573/1830
f 1575/1856 1670/1890 1671/1891 1574/1858
f 1533/1601 1665/1654 1670/1890 1575/1856
f 1504/1929 1420/1927 1663/1559 1667/1674
f 1573/1830 1672/1809 1666/1812 1471/1636
f 1502/1925 1431/1926 1664/1673 1669/1671
f 1452/1932 1499/1930 1668/1619 1662/1783
f 1431/1926 1504/1929 1667/1674 1664/1673
f 1453/1931 1502/1925 1669/1671 1661/1620
f 1442/1600 1662/1651 1665/1654 1533/1601
f 1499/1930 1453/1931 1661/1620 1668/1619
f 1420/1927 1428/1928 1660/1560 1663/1559
f 1568/1933 1686/1859 1687/1829 1567/1934
f 1569/1935 1685/1857 1686/1859 1568/1933
f 1535/1936 1678/1602 1685/1857 1569/1935
f 1500/1622 1451/1621 1676/1711 1684/1764
f 1423/1562 1422/1561 1674/1831 1683/1799
f 1567/1934 1687/1829 1677/1635 1468/1937
f 1501/1672 1430/1676 1680/1713 1682/1712
f 1503/1675 1423/1562 1683/1799 1681/1714
f 1442/1784 1500/1622 1684/1764 1675/1763
f 1831/1938 1830/1715 1673/1718 1514/1939
f 1430/1676 1503/1675 1681/1714 1680/1713
f 1451/1621 1501/1672 1682/1712 1676/1711
f 1468/1937 1677/1635 1679/1638 1469/1940
f 1441/1629 1675/1599 1678/1602 1535/1630
f 1568/1933 1567/1934 1705/1813 1704/1888
f 1569/1935 1568/1933 1704/1888 1703/1885
f 1535/1936 1569/1935 1703/1885 1696/1627
f 1492/1661 1700/1684 1692/1563 1545/1572
f 1490/1657 1695/1680 1691/1681 1446/1660
f 1567/1934 1468/1937 1694/1639 1705/1813
f 1491/1791 1699/1782 1690/1677 1461/1656
f 1458/1790 1689/1781 1699/1782 1491/1791
f 1811/1941 1516/1942 1697/1752 1802/1751
f 1831/1938 1514/1939 1698/1748 1815/1747
f 1446/1660 1691/1681 1700/1684 1492/1661
f 1461/1656 1690/1677 1695/1680 1490/1657
f 1468/1937 1469/1940 1693/1640 1694/1639
f 1530/1650 1458/1649 1689/1628 1696/1884
f 1545/1572 1692/1563 1688/1566 1436/1573
f 1565/1889 1564/1814 1726/1803 1725/1902
f 1566/1886 1565/1889 1725/1902 1724/1899
f 1530/1887 1566/1886 1724/1899 1722/1647
f 1564/1814 1477/1642 1721/1643 1726/1803
f 1489/1605 1706/1662 1718/1571 1439/1797
f 1486/1795 1708/1658 1709/1659 1444/1604
f 1487/1633 1707/1792 1715/1655 1541/1793
f 1460/1632 1710/1789 1707/1792 1487/1633
f 1778/1943 1526/1944 1717/1736 1776/1735
f 1787/1762 1524/1761 1712/1732 1785/1731
f 1797/1758 1522/1757 1714/1728 1794/1727
f 1809/1754 1520/1753 1716/1724 1806/1723
f 1816/1750 1518/1749 1711/1720 1821/1719
f 1444/1604 1709/1659 1706/1662 1489/1605
f 1541/1793 1715/1655 1708/1658 1486/1795
f 1529/1901 1460/1945 1710/1648 1722/1898
f 1477/1642 1478/1641 1713/1644 1721/1643
f 1439/1797 1718/1571 1723/1574 1438/1834
f 1549/1903 1548/1804 1748/1832 1747/1855
f 1550/1900 1549/1903 1747/1855 1746/1854
f 1529/1901 1550/1900 1746/1854 1741/1570
f 1479/1646 1480/1645 1744/1853 1743/1833
f 1817/1722 1517/1721 1729/1852 1819/1851
f 1810/1726 1519/1725 1730/1850 1804/1849
f 1798/1730 1521/1729 1732/1848 1792/1847
f 1789/1734 1523/1733 1731/1846 1783/1845
f 1777/1738 1525/1737 1738/1844 1775/1843
f 1769/1742 1527/1741 1739/1842 1767/1841
f 1762/1746 1528/1745 1733/1838 1759/1840
f 1539/1946 1728/1798 1745/1835 1544/1947
f 1548/1804 1479/1646 1743/1833 1748/1832
f 1543/1948 1740/1796 1737/1603 1434/1949
f 1540/1950 1734/1606 1728/1798 1539/1946
f 1456/1951 1735/1794 1740/1796 1543/1948
f 1542/1952 1736/1634 1735/1794 1456/1951
f 1463/1953 1742/1631 1736/1634 1542/1952
f 1434/1949 1737/1603 1734/1606 1540/1950
f 1460/1945 1742/1567 1741/1570 1529/1901
f 1539/1946 1752/1954 1753/1955 1540/1950
f 1456/1951 1750/1956 1754/1957 1542/1952
f 1542/1952 1754/1957 1751/1958 1463/1953
f 1543/1948 1755/1959 1750/1956 1456/1951
f 1544/1947 1756/1960 1752/1954 1539/1946
f 1434/1949 1749/1961 1755/1959 1543/1948
f 1540/1950 1753/1955 1749/1961 1434/1949
f 1527/1741 1762/1746 1759/1840 1739/1842
f 1739/1842 1759/1840 1763/1404 1169/1407
f 1720/1740 1760/1743 1762/1746 1527/1741
f 1181/1300 1401/1408 1758/1403 1757/1303
f 1401/1408 1169/1407 1763/1404 1758/1403
f 1382/1301 1181/1300 1757/1303 1761/1302
f 1525/1737 1769/1742 1767/1841 1738/1844
f 1738/1844 1767/1841 1770/1406 1168/1411
f 1717/1736 1768/1739 1769/1742 1525/1737
f 1179/1296 1400/1412 1765/1405 1764/1299
f 1400/1412 1168/1411 1770/1406 1765/1405
f 1379/1297 1179/1296 1764/1299 1766/1298
f 1523/1733 1777/1738 1775/1843 1731/1846
f 1524/1761 1778/1943 1776/1735 1712/1732
f 1731/1846 1775/1843 1779/1410 1167/1415
f 1712/1732 1776/1735 1777/1738 1523/1733
f 1177/1292 1393/1416 1774/1409 1771/1295
f 1178/1320 1374/1293 1773/1294 1772/1536
f 1393/1416 1167/1415 1779/1410 1774/1409
f 1374/1293 1177/1292 1771/1295 1773/1294
f 1521/1729 1789/1734 1783/1845 1732/1848
f 1522/1757 1787/1762 1785/1731 1714/1728
f 1732/1848 1783/1845 1790/1414 1166/1419
f 1701/1756 1782/1759 1787/1762 1522/1757
f 1714/1728 1785/1731 1789/1734 1521/1729
f 1175/1288 1394/1420 1786/1413 1781/1291
f 1176/1316 1376/1289 1784/1290 1780/1319
f 1394/1420 1166/1419 1790/1414 1786/1413
f 1363/1317 1176/1316 1780/1319 1788/1318
f 1376/1289 1175/1288 1781/1291 1784/1290
f 1519/1725 1798/1730 1792/1847 1730/1850
f 1520/1753 1797/1758 1794/1727 1716/1724
f 1730/1850 1792/1847 1799/1418 1165/1423
f 1697/1752 1791/1755 1797/1758 1520/1753
f 1716/1724 1794/1727 1798/1730 1519/1725
f 1173/1284 1392/1424 1795/1417 1800/1287
f 1174/1312 1378/1285 1793/1286 1801/1315
f 1392/1424 1165/1423 1799/1418 1795/1417
f 1359/1313 1174/1312 1801/1315 1796/1314
f 1378/1285 1173/1284 1800/1287 1793/1286
f 1517/1721 1810/1726 1804/1849 1729/1852
f 1518/1749 1809/1754 1806/1723 1711/1720
f 1514/1939 1811/1941 1802/1751 1698/1748
f 1729/1852 1804/1849 1812/1422 1164/1427
f 1698/1748 1802/1751 1809/1754 1518/1749
f 1711/1720 1806/1723 1810/1726 1517/1721
f 1171/1280 1391/1428 1805/1421 1814/1283
f 1172/1308 1373/1281 1803/1282 1813/1311
f 1161/1532 1360/1309 1807/1310 1808/1534
f 1391/1428 1164/1427 1812/1422 1805/1421
f 1360/1309 1172/1308 1813/1311 1807/1310
f 1373/1281 1171/1280 1814/1283 1803/1282
f 1480/1645 1817/1722 1819/1851 1744/1853
f 1478/1641 1816/1750 1821/1719 1713/1644
f 1469/1940 1831/1938 1815/1747 1693/1640
f 1469/1940 1679/1638 1830/1715 1831/1938
f 1744/1853 1819/1851 1827/1426 1466/1429
f 1693/1640 1815/1747 1816/1750 1478/1641
f 1713/1644 1821/1719 1817/1722 1480/1645
f 1679/1638 1470/1637 1829/1716 1830/1715
f 1126/1204 1406/1430 1820/1425 1824/1279
f 1124/1200 1375/1205 1818/1278 1825/1307
f 1115/1533 1355/1201 1826/1306 1822/1531
f 1115/1533 1822/1531 1828/1274 1341/1195
f 1406/1430 1466/1429 1827/1426 1820/1425
f 1355/1201 1124/1200 1825/1307 1826/1306
f 1375/1205 1126/1204 1824/1279 1818/1278
f 1341/1195 1828/1274 1823/1277 1116/1196
f 3260/1962 3270/1963 1843/1964 2516/1965
f 3295/1966 3299/1967 1843/1968 2461/1969
f 3323/1970 3332/1971 1851/1972 2517/1973
f 3057/1974 2515/1975 1850/1976 3071/1977
f 3192/1978 2530/1979 1865/1980 3201/1981
f 3348/1982 3363/1983 1854/1984 2519/1985
f 3292/1986 3303/1987 1852/1988 2516/1989
f 2521/1990 1857/1991 1860/1992 2528/1993
f 3138/1994 3136/1995 1862/1996 2524/1997
f 2522/1998 1859/1999 1858/2000 2523/2001
f 2523/2001 1858/2000 1856/2002 2527/2003
f 2529/2004 2526/2005 1855/2006 5524/2007
f 2439/2008 1855/2009 1856/2010 2440/2011
f 3107/2012 2441/2013 1850/2014 3104/2015
f 3239/2016 3238/2017 1864/2018 2450/2019
f 3253/2020 3274/2021 1852/2022 2442/2023
f 3176/2024 3171/2025 1853/2026 2444/2027
f 2454/2028 1859/2029 1860/2030 2447/2031
f 2455/2032 1857/2033 4720/2034 4723/2035
f 3059/2036 3073/2037 1888/2038 2460/2039
f 2454/2040 1871/2041 1895/2042 2453/2043
f 5526/2044 2439/2045 1873/2046 1897/2047
f 2453/2043 1895/2042 1872/2048 2440/2049
f 3087/2050 3078/2051 2536/2052 2861/2053
f 2886/2054 2608/2055 2532/2056 2859/2057
f 3120/2058 3111/2059 2551/2060 2882/2061
f 2884/2062 2575/2063 2543/2064 2875/2065
f 3186/2066 3177/2067 2544/2068 2876/2069
f 3256/2070 3263/2071 1882/2072 2461/2073
f 3224/2074 3223/2075 1878/2076 2457/2077
f 2869/2078 2534/2079 2546/2080 2878/2081
f 2467/2082 1879/2083 1883/2084 2472/2085
f 3314/2086 3309/2087 2538/2088 2862/2089
f 3428/2090 3429/2091 1936/2092 1937/2093
f 3413/2094 3409/2095 1927/2096 2085/2097
f 3397/2098 3387/2099 1902/2100 3259/2101
f 3491/2102 3476/2103 1978/2104 1974/2105
f 3417/2106 3405/2107 1925/2108 1921/2109
f 3411/2110 1938/2111 1937/2112 3410/2113
f 3398/2114 3300/2115 2121/2116 3391/2117
f 2480/2118 1930/2119 1920/2120 2481/2121
f 3452/2122 3453/2123 1959/2124 1960/2125
f 3482/2126 1989/2127 1988/2128 3480/2129
f 2484/2130 2485/2131 1917/2132 1916/2133
f 3465/2134 3457/2135 1954/2136 1955/2137
f 3493/2138 3262/2139 2097/2140 3478/2141
f 2488/2142 2489/2143 1914/2144 1915/2145
f 3426/2146 3428/2090 1937/2093 1938/2111
f 2489/2143 2487/2147 1913/2148 1914/2144
f 2479/2149 1909/2150 1930/2119 2480/2118
f 2487/2147 2486/2151 1912/2152 1913/2148
f 2486/2151 2484/2130 1916/2133 1912/2152
f 3471/2153 3463/2154 1951/2155 3318/2156
f 3490/2157 1967/2158 1973/2159 3489/2160
f 3378/2161 2118/2162 2117/2163 3394/2164
f 3490/2157 3477/2165 1977/2166 1967/2158
f 3415/2167 3418/2168 1922/2169 1923/2170
f 3409/2095 3408/2171 1928/2172 1927/2096
f 3441/2173 1964/2174 1965/2175 3442/2176
f 3458/2177 3465/2134 1955/2137 1965/2178
f 3461/2179 3452/2122 1960/2125 1950/2180
f 2477/2181 2488/2182 1915/2183 1905/2184
f 3393/2185 1932/2186 2075/2187 3384/2188
f 3410/2113 1937/2112 1936/2092 3416/2189
f 3469/2190 3459/2191 1970/2192 3261/2193
f 3495/2194 3481/2195 1968/2196 3327/2197
f 3492/2198 3475/2199 1996/2200 2000/2201
f 3427/2202 3431/2203 2086/2204 2076/2205
f 3402/2206 1932/2207 1926/2208 3406/2209
f 3401/2210 2076/2205 2086/2204 3413/2211
f 3451/2212 1983/2213 2078/2214 3449/2215
f 3475/2216 1979/2217 1978/2104 3476/2103
f 3400/2218 3389/2219 1900/2220 3358/2221
f 3442/2176 1965/2175 1955/2137 3426/2222
f 3380/2223 1928/2224 1929/2225 3382/2226
f 3446/2227 3443/2228 2072/2229 3301/2230
f 3484/2231 3492/2198 2000/2201 2079/2232
f 3449/2215 2078/2214 2088/2233 3450/2234
f 3467/2235 3455/2236 1961/2237 1957/2238
f 3447/2239 3318/2156 1951/2155 3440/2240
f 3425/2241 3436/2242 1933/2243 1939/2244
f 3422/2245 3298/2246 1935/2247 3412/2248
f 3455/2236 3464/2249 1962/2250 1961/2237
f 3445/2251 3443/2252 2071/2253 3269/2254
f 3454/2255 3467/2235 1957/2238 1958/2256
f 3390/2257 2111/2258 2114/2259 3396/2260
f 3462/2261 3456/2262 1964/2263 1963/2264
f 3464/2249 3451/2265 1966/2266 1962/2250
f 3457/2135 3459/2267 1953/2268 1954/2136
f 3387/2099 3383/2269 1903/2270 1902/2100
f 3421/2271 3269/2254 2071/2253 3420/2272
f 3407/2273 3411/2274 1904/2275 1929/2276
f 3453/2123 3454/2255 1958/2256 1959/2124
f 3444/2277 1966/2278 2077/2279 3427/2280
f 3386/2281 2113/2282 2111/2258 3390/2257
f 3388/2283 3385/2284 1910/2285 1899/2286
f 3456/2287 3458/2177 1965/2178 1964/2174
f 3508/2288 3509/2289 1992/2290 1993/2291
f 3509/2289 3510/2292 1991/2293 1992/2290
f 3506/2294 3505/2295 1996/2296 1995/2297
f 3485/2298 3487/2299 1993/2291 1992/2290
f 3432/2300 3433/2301 1941/2302 1942/2303
f 3512/2304 3508/2288 1993/2291 1994/2305
f 3472/2306 3466/2307 1956/2308 3349/2309
f 3502/2310 3511/2311 1997/2312 2089/2313
f 2432/2314 1834/2315 1833/2316 2435/2317
f 3396/2318 3395/2319 1922/2320 1921/2321
f 3474/2322 3486/2323 1981/2324 1980/2325
f 3384/2188 2075/2187 2085/2326 3377/2327
f 3423/2328 3325/2329 1934/2330 3404/2331
f 3513/2332 3501/2333 1989/2334 1999/2335
f 3383/2269 3381/2336 1904/2337 1903/2270
f 3434/2338 3438/2339 1945/2340 1944/2341
f 3435/2342 3432/2300 1942/2303 1943/2343
f 3424/2344 3419/2345 1910/2346 3358/2347
f 3473/2348 3484/2231 2079/2232 2089/2349
f 3439/2350 3441/2351 1947/2352 1946/2353
f 3488/2354 1982/2355 1981/2356 3486/2357
f 3466/2307 3461/2179 1950/2180 1956/2308
f 2521/2358 1838/2359 4719/2360 4725/2361
f 3356/2362 8515/2363 1839/2364 2464/2365
f 2526/2366 1832/2367 1835/2368 2527/2369
f 2437/2370 2433/2371 1832/2372 1837/2373
f 3419/2345 3403/2374 1899/2286 1910/2346
f 3408/2375 3407/2273 1929/2276 1928/2224
f 3444/2376 1949/2377 1945/2340 3438/2339
f 3514/2378 3502/2310 2089/2313 2079/2232
f 3470/2379 3288/2380 1969/2381 3460/2382
f 3379/2383 1927/2096 1928/2172 3380/2384
f 3123/2385 3130/2386 1844/2387 2459/2388
f 2522/2389 1834/2390 1836/2391 2528/2392
f 2435/2317 1833/2316 1835/2393 2434/2394
f 2431/2395 1838/2396 1836/2397 2436/2398
f 3499/2399 3516/2400 1984/2401 1990/2402
f 3505/2403 2013/2404 2017/2405 3515/2406
f 3515/2407 3514/2378 2079/2232 2000/2201
f 3517/2408 3262/2409 1987/2410 3498/2411
f 3511/2311 3507/2412 1998/2413 1997/2312
f 3507/2414 3513/2332 1999/2335 1998/2415
f 3497/2416 2005/2417 2004/2418 3498/2419
f 3516/2400 3512/2304 1994/2305 1984/2401
f 3501/2420 2006/2421 2005/2417 3497/2416
f 3510/2292 3506/2294 1995/2297 1991/2293
f 3386/2422 1926/2208 1932/2207 3393/2185
f 3539/2423 3526/2424 2011/2425 2001/2426
f 3533/2427 3529/2428 2012/2429 2008/2430
f 3535/2431 3537/2432 2022/2433 2021/2434
f 3523/2435 3532/2436 2030/2437 2034/2438
f 3529/2428 3532/2439 2013/2440 2012/2429
f 3537/2432 3536/2441 2023/2442 2022/2433
f 3522/2443 3531/2444 2014/2445 2090/2446
f 3530/2447 3539/2423 2001/2426 2007/2448
f 3544/2449 3538/2450 2019/2451 3361/2452
f 3531/2444 3524/2453 2015/2454 2014/2445
f 3526/2424 3527/2455 2010/2456 2011/2425
f 3543/2457 3534/2458 2020/2459 3329/2460
f 3524/2461 3525/2462 2016/2463 2015/2464
f 3527/2455 3528/2465 2009/2466 2010/2456
f 3525/2462 3536/2467 2006/2468 2016/2463
f 3528/2465 3533/2427 2008/2430 2009/2466
f 2034/2438 2030/2437 2047/2469 2051/2470
f 2046/2471 2047/2469 2030/2437 2029/2472
f 2022/2433 2023/2442 2040/2473 2039/2474
f 2092/2475 2048/2476 2031/2477 2091/2478
f 2041/2479 2035/2480 2018/2481 2024/2482
f 3361/2452 2019/2451 2036/2483 3364/2484
f 2048/2476 2049/2485 2032/2486 2031/2477
f 2045/2487 2044/2488 2027/2489 2028/2490
f 3329/2460 2020/2459 2037/2491 3333/2492
f 2049/2493 2050/2494 2033/2495 2032/2496
f 2044/2488 2043/2497 2026/2498 2027/2489
f 2050/2494 2040/2473 2023/2442 2033/2495
f 2043/2497 2042/2499 2025/2500 2026/2498
f 2035/2480 2045/2487 2028/2490 2018/2481
f 2042/2499 2046/2471 2029/2472 2025/2500
f 2021/2434 2022/2433 2039/2474 2038/2501
f 2093/2502 2065/2503 2048/2476 2092/2475
f 2058/2504 2052/2505 2035/2480 2041/2479
f 3364/2484 2036/2483 2053/2506 3367/2507
f 2065/2503 2066/2508 2049/2485 2048/2476
f 2062/2509 2061/2510 2044/2488 2045/2487
f 3333/2492 2037/2491 2054/2511 3337/2512
f 2066/2513 2067/2514 2050/2494 2049/2493
f 2061/2510 2060/2515 2043/2497 2044/2488
f 2067/2514 2057/2516 2040/2473 2050/2494
f 2060/2515 2059/2517 2042/2499 2043/2497
f 2052/2505 2062/2509 2045/2487 2035/2480
f 2059/2517 2063/2518 2046/2471 2042/2499
f 2038/2501 2039/2474 2056/2519 2055/2520
f 2051/2470 2047/2469 2064/2521 2068/2522
f 2063/2518 2064/2521 2047/2469 2046/2471
f 2039/2474 2040/2473 2057/2516 2056/2519
f 2513/2523 2514/2524 2066/2508 2065/2503
f 2508/2525 2507/2526 2061/2510 2062/2509
f 2514/2527 2512/2528 2067/2514 2066/2513
f 2507/2526 2506/2529 2060/2515 2061/2510
f 2512/2528 2498/2530 2057/2516 2067/2514
f 2506/2529 2497/2531 2059/2517 2060/2515
f 2504/2532 2508/2525 2062/2509 2052/2505
f 2497/2531 2510/2533 2063/2518 2059/2517
f 2510/2533 2509/2534 2064/2521 2063/2518
f 2495/2535 2513/2523 2065/2503 2093/2502
f 2499/2536 2504/2532 2052/2505 2058/2504
f 3305/2537 2478/2538 1907/2539 3306/2540
f 3381/2336 3382/2226 1929/2225 1904/2337
f 3431/2203 3439/2350 1946/2353 2086/2204
f 3414/2541 3415/2167 1923/2170 1924/2542
f 3402/2206 3401/2543 2075/2187 1932/2207
f 3257/2544 2492/2545 2069/2546 3275/2547
f 3418/2168 3417/2106 1921/2109 1922/2169
f 3403/2374 3414/2541 1924/2542 1899/2286
f 3240/2548 3231/2549 1849/2550 2531/2551
f 3405/2107 3406/2209 1926/2208 1925/2108
f 3488/2354 3482/2552 1972/2553 1982/2355
f 3436/2242 3435/2342 1943/2343 1933/2243
f 3519/2554 3503/2555 1985/2556 3336/2557
f 3059/2558 3064/2559 1846/2560 2466/2561
f 3520/2562 3368/2563 2007/2564 3499/2565
f 3523/2566 3540/2567 2080/2568 2017/2569
f 2051/2470 2082/2570 2081/2571 2034/2438
f 2068/2522 2083/2572 2082/2570 2051/2470
f 2511/2573 2496/2574 2083/2572 2068/2522
f 3496/2575 3489/2160 1973/2159 3360/2576
f 3430/2577 3434/2338 1944/2341 1940/2578
f 3433/2301 3430/2577 1940/2578 1941/2302
f 3091/2579 2459/2388 1844/2387 3095/2580
f 3324/2581 3326/2582 1841/2583 2462/2584
f 3540/2567 3522/2443 2090/2446 2080/2568
f 2082/2570 2092/2475 2091/2478 2081/2571
f 2083/2572 2093/2502 2092/2475 2082/2570
f 2496/2574 2495/2535 2093/2502 2083/2572
f 3276/2585 2021/2434 2038/2501 3258/2586
f 3542/2587 3534/2588 2003/2589 3302/2590
f 3518/2591 3500/2592 1986/2593 3289/2594
f 3307/2595 2094/2596 2095/2597 3286/2598
f 3541/2599 3521/2600 2096/2601 3273/2602
f 3258/2586 2038/2501 2055/2520 3264/2603
f 3286/2598 2095/2597 2073/2604 3294/2605
f 3159/2606 2463/2607 1840/2608 3164/2609
f 2689/2610 2695/2611 2399/2612 2396/2613
f 3038/2614 3035/2615 2103/2616 2102/2617
f 3036/2618 3044/2619 2125/2620 2099/2621
f 2693/2622 2682/2623 2403/2624 2402/2625
f 3280/2626 2683/2627 2398/2628 3277/2629
f 2685/2630 2663/2631 2392/2632 2397/2633
f 2663/2634 2665/2635 2389/2636 2392/2637
f 2666/2638 2685/2630 2397/2633 2393/2639
f 3035/2615 3036/2618 2099/2621 2103/2616
f 3373/2640 2666/2638 2393/2639 3366/2641
f 3342/2642 2669/2643 2391/2644 3335/2645
f 2682/2623 2705/2646 2407/2647 2403/2624
f 2701/2648 2703/2649 2401/2650 2388/2651
f 2695/2611 2701/2648 2388/2651 2399/2612
f 2702/2652 2693/2622 2402/2625 2400/2653
f 3039/2654 3041/2655 2101/2656 2194/2657
f 3041/2658 3038/2614 2102/2617 2101/2659
f 2665/2635 2689/2610 2396/2613 2389/2636
f 2703/2649 2702/2652 2400/2653 2401/2650
f 3311/2660 2673/2661 2390/2662 3304/2663
f 2491/2664 2120/2665 2119/2666 2490/2667
f 2493/2668 2123/2669 2120/2665 2491/2664
f 3377/2327 2085/2326 1927/2096 3379/2383
f 3399/2670 3392/2671 1901/2672 3330/2673
f 2485/2674 2113/2675 2123/2669 2493/2668
f 3450/2676 3462/2261 1963/2264 2087/2677
f 3394/2678 3388/2283 1899/2286 1924/2542
f 3395/2319 3378/2679 1923/2170 1922/2320
f 3491/2680 3485/2298 1992/2290 1991/2293
f 3479/2681 3480/2129 1988/2128 1987/2682
f 2483/2683 2107/2684 2105/2685 2481/2686
f 3477/2165 3487/2687 1976/2688 1977/2166
f 2482/2689 2106/2690 2107/2691 2483/2692
f 2490/2667 2119/2666 2106/2690 2482/2689
f 3494/2693 3478/2141 2097/2140 3289/2694
f 2477/2695 2475/2696 2104/2697 2109/2698
f 3473/2699 3474/2322 1980/2325 2088/2700
f 2494/2701 2479/2702 2116/2703 2110/2704
f 3334/2705 2478/2706 2112/2707 3328/2708
f 3354/2709 2476/2710 2108/2711 3369/2712
f 3306/2540 1907/2539 2169/2713 3293/2714
f 3310/2715 2646/2716 2168/2717 3291/2718
f 3313/2719 2772/2720 2167/2721 3296/2722
f 3312/2723 2718/2724 2166/2725 3297/2726
f 1917/2727 1931/2728 2185/2729 2178/2730
f 2641/2731 2640/2732 2184/2733 2179/2734
f 2790/2735 2791/2736 2183/2737 2180/2738
f 2749/2739 2743/2740 2182/2741 2181/2742
f 1914/2144 1913/2148 2129/2743 2154/2744
f 2632/2745 2645/2746 2128/2747 2155/2748
f 2780/2749 2795/2750 2127/2751 2156/2752
f 2715/2753 2745/2754 2126/2755 2157/2756
f 1931/2728 2074/2757 2137/2758 2185/2729
f 2640/2732 2619/2759 2136/2760 2184/2733
f 2791/2736 2799/2761 2135/2762 2183/2737
f 2743/2740 2754/2763 2134/2764 2182/2741
f 1912/2152 1916/2133 2177/2765 2130/2766
f 2652/2767 2642/2768 2176/2769 2131/2770
f 2802/2771 2803/2772 2175/2773 2132/2774
f 2751/2775 2755/2776 2174/2777 2133/2778
f 1916/2133 1917/2132 2178/2730 2177/2765
f 2642/2768 2641/2731 2179/2734 2176/2769
f 2803/2772 2790/2735 2180/2738 2175/2773
f 2755/2776 2749/2739 2181/2742 2174/2777
f 2084/2779 1918/2780 2170/2781 2138/2782
f 2618/2783 2643/2784 2171/2785 2139/2786
f 2766/2787 2796/2788 2172/2789 2140/2790
f 2721/2791 2744/2792 2173/2793 2141/2794
f 3331/2795 1906/2796 2165/2797 3316/2798
f 3341/2799 2626/2800 2164/2801 3319/2802
f 3344/2803 2771/2804 2163/2805 3322/2806
f 3343/2807 2717/2808 2162/2809 3321/2810
f 3359/2811 1911/2812 2161/2813 3351/2814
f 3372/2815 2624/2816 2160/2817 3352/2818
f 3375/2819 2768/2820 2159/2821 3346/2822
f 3374/2823 2716/2824 2158/2825 3347/2826
f 1911/2812 1905/2827 2149/2828 2161/2813
f 2624/2816 2655/2829 2148/2830 2160/2817
f 2768/2820 2762/2831 2147/2832 2159/2821
f 2716/2824 2713/2833 2146/2834 2158/2825
f 1915/2145 1914/2144 2154/2744 2150/2835
f 2615/2836 2632/2745 2155/2748 2151/2837
f 2764/2838 2780/2749 2156/2752 2152/2839
f 2731/2840 2715/2753 2157/2756 2153/2841
f 1905/2184 1915/2183 2150/2842 2149/2828
f 2655/2829 2615/2843 2151/2844 2148/2830
f 2762/2831 2764/2845 2152/2846 2147/2832
f 2713/2833 2731/2847 2153/2848 2146/2834
f 3275/2547 2069/2546 2142/2849 3267/2850
f 3279/2851 2627/2852 2143/2853 3268/2854
f 3282/2855 2775/2856 2144/2857 3266/2858
f 3281/2859 2714/2860 2145/2861 3265/2862
f 2074/2757 2084/2779 2138/2782 2137/2758
f 2619/2759 2618/2783 2139/2786 2136/2760
f 2799/2761 2766/2787 2140/2790 2135/2762
f 2754/2763 2721/2791 2141/2794 2134/2764
f 1913/2148 1912/2152 2130/2766 2129/2743
f 2645/2746 2652/2767 2131/2770 2128/2747
f 2795/2750 2802/2771 2132/2774 2127/2751
f 2745/2754 2751/2775 2133/2778 2126/2755
f 3053/2863 3031/2864 2192/2865 2779/2866
f 3044/2619 3032/2867 2190/2868 2125/2620
f 3051/2869 3030/2870 2193/2871 2727/2872
f 3047/2873 3033/2874 2191/2875 2629/2876
f 3050/2877 3042/2878 2197/2879 2730/2880
f 3046/2881 3040/2882 2195/2883 2631/2884
f 4805/2885 3034/2886 2414/2887 4341/2888
f 3040/2882 3039/2654 2194/2657 2195/2883
f 3052/2889 3043/2890 2196/2891 2781/2892
f 3251/2893 3236/2894 2268/2895 2804/2896
f 3192/2897 5355/2898 5363/2899 3198/2900
f 3185/2901 3154/2902 2266/2903 2797/2904
f 3152/2905 3124/2906 2265/2907 2798/2908
f 3119/2909 3090/2910 2264/2911 2800/2912
f 3191/2913 3204/2914 1884/2915 2458/2916
f 3234/2917 3241/2918 2275/2919 2269/2920
f 3187/2921 5353/2922 5348/2923 3218/2924
f 3160/2925 3156/2926 2277/2927 2271/2928
f 3127/2929 3122/2930 2278/2931 2272/2932
f 3088/2933 3097/2934 2279/2935 2273/2936
f 5005/2937 3237/2938 2405/2939 4339/2940
f 3190/2941 5318/2942 5314/2943 3188/2944
f 4940/2945 3168/2946 2406/2947 4340/2948
f 4903/2949 3131/2950 2418/2951 4336/2952
f 4868/2953 3100/2954 2417/2955 4334/2956
f 3086/2957 3055/2958 2263/2959 2765/2960
f 3245/2961 3234/2917 2269/2920 2656/2962
f 3202/2963 5365/2964 5328/2965 4968/2966
f 3179/2967 3160/2925 2271/2928 2614/2968
f 3146/2969 3127/2929 2272/2932 2617/2970
f 3113/2971 3088/2933 2273/2936 2623/2972
f 3056/2973 3067/2974 2280/2975 2274/2976
f 3249/2977 3233/2978 2257/2979 2752/2980
f 3188/2944 5314/2943 5340/2981 3212/2982
f 3183/2983 3174/2984 2259/2985 2748/2986
f 3150/2987 3141/2988 2260/2989 2746/2990
f 3117/2991 3109/2992 2261/2993 2750/2994
f 4837/2995 3068/2996 2415/2997 4335/2998
f 3244/2999 3227/3000 2202/3001 2644/3002
f 5483/3003 5464/3004 3560/3005 3559/3006
f 3178/3007 3166/3008 2200/3009 2649/3010
f 3145/3011 3133/3012 2199/3013 2648/3014
f 3112/3015 3099/3016 2100/3017 2654/3018
f 3080/3019 3056/2973 2274/2976 2622/3020
f 3247/3021 3242/3022 2394/3023 2704/3024
f 2549/3025 2546/3026 1873/3027 1897/3028
f 3121/3029 2452/3030 1891/3031 3140/3032
f 3084/3033 3077/3034 2262/3035 2747/3036
f 3248/3037 3225/3038 2245/3039 2735/3040
f 5455/3041 5483/3003 3559/3006 3558/3042
f 3182/3043 3163/3044 2247/3045 2733/3046
f 3149/3047 3126/3048 2248/3049 2732/3050
f 3116/3051 3093/3052 2249/3053 2728/3054
f 3079/3055 3060/3056 2124/3057 2621/3058
f 3226/3059 3220/3060 2239/3061 2238/3062
f 3208/3063 5334/3064 5346/3065 3216/3066
f 3162/3067 3161/3068 2241/3069 2236/3070
f 3128/3071 3129/3072 2242/3073 2235/3074
f 3096/3075 3094/3076 2243/3077 2234/3078
f 3250/3079 3222/3080 2227/3081 2789/3082
f 5476/3083 5472/3084 3557/3085 3555/3086
f 3184/3087 3170/3088 2229/3089 2793/3090
f 3151/3091 3137/3092 2230/3093 2792/3094
f 3118/3095 3103/3096 2231/3097 2794/3098
f 3083/3099 3062/3100 2250/3101 2729/3102
f 3230/3103 3228/3104 2208/3105 2221/3106
f 3193/3107 5322/3108 5357/3109 3194/3110
f 3167/3111 3169/3112 2206/3113 2223/3114
f 3135/3115 3132/3116 2205/3117 2224/3118
f 3102/3119 3098/3120 2204/3121 2225/3122
f 3066/3123 3065/3124 2244/3125 2233/3126
f 3241/2918 3230/3127 2221/3128 2275/2919
f 3197/3129 5361/3130 5332/3131 3206/3132
f 3156/2926 3167/3133 2223/3134 2277/2927
f 3122/2930 3135/3135 2224/3136 2278/2931
f 3097/2934 3102/3137 2225/3138 2279/2935
f 3085/3139 3063/3140 2232/3141 2769/3142
f 3232/3143 3221/3144 2220/3145 2209/3146
f 3206/3147 5332/3148 5318/2942 3190/2941
f 3165/3149 3175/3150 2218/3151 2211/3152
f 3134/3153 3142/3154 2217/3155 2212/3156
f 3101/3157 3108/3158 2216/3159 2213/3160
f 3072/3161 3069/3162 2203/3163 2226/3164
f 3221/3144 3226/3059 2238/3062 2220/3145
f 3207/3165 5369/3166 5324/3167 3199/3168
f 3175/3150 3162/3067 2236/3070 2218/3151
f 3142/3154 3128/3071 2235/3074 2217/3155
f 3108/3158 3096/3075 2234/3078 2216/3159
f 3067/2974 3072/3169 2226/3170 2280/2975
f 3228/3104 3232/3143 2209/3146 2208/3105
f 3194/3110 5357/3109 5369/3166 3207/3165
f 3169/3112 3165/3149 2211/3152 2206/3113
f 3132/3116 3134/3153 2212/3156 2205/3117
f 3098/3120 3101/3157 2213/3160 2204/3121
f 3070/3171 3075/3172 2215/3173 2214/3174
f 2534/3175 2547/3176 1895/3177 1872/3178
f 3018/3179 3013/3180 2424/3181 2555/3182
f 2935/3183 2932/3184 2428/3185 2554/3186
f 6229/3187 6220/3188 2533/3189 2860/3190
f 3020/3191 3004/3192 2340/3193 2633/3194
f 6222/3195 6232/3196 2339/3197 2639/3198
f 6059/3199 4085/3200 4620/3201 2973/3202
f 2838/3203 2825/3204 2820/3205 2842/3206
f 2937/3207 2925/3208 2338/3209 2636/3210
f 2658/3211 2564/3212 2337/3213 2637/3214
f 3243/3215 2541/3216 1875/3217 3229/3218
f 3001/3219 3014/3220 2317/3221 2341/3222
f 6212/3223 6236/3224 2316/3225 2342/3226
f 6072/3227 6079/3228 2348/3229 2676/3230
f 2843/3231 2823/3232 2827/3233 2851/3234
f 2926/3235 2918/3236 2314/3237 2344/3238
f 2572/3239 2557/3240 2313/3241 2345/3242
f 3005/3243 3001/3219 2341/3222 2323/3244
f 6219/3245 6212/3223 2342/3226 2324/3246
f 2841/3247 2828/3248 2829/3249 2844/3250
f 2922/3251 2926/3235 2344/3238 2326/3252
f 2563/3253 2572/3239 2345/3242 2327/3254
f 3015/3255 3017/3256 2284/3257 2333/3258
f 6214/3259 6233/3260 2283/3261 2334/3262
f 2930/3263 2923/3264 2282/3265 2335/3266
f 2568/3267 2560/3268 2281/3269 2336/3270
f 3024/3271 3003/3272 2332/3273 2722/3274
f 6226/3275 6231/3276 2331/3277 2741/3278
f 6070/3279 6077/3280 2330/3281 2742/3282
f 2816/3283 2825/3204 2838/3203 2850/3284
f 2941/3285 2920/3286 2329/3287 2738/3288
f 2757/3289 2561/3290 2328/3291 2736/3292
f 3026/3293 3007/3294 2307/3295 2767/3296
f 6228/3297 6234/3298 2306/3299 2773/3300
f 6078/3301 6082/3302 2296/3303 2291/3304
f 2943/3305 2933/3306 2305/3307 2776/3308
f 2806/3309 2574/3310 2304/3311 2774/3312
f 3008/3313 3015/3255 2333/3258 2294/3314
f 6218/3315 6214/3259 2334/3262 2295/3316
f 6081/3317 2968/3318 2315/3319 2343/3320
f 5580/3321 5583/3322 2855/3323 2833/3324
f 2929/3325 2930/3263 2335/3266 2297/3326
f 2569/3327 2568/3267 2336/3270 2298/3328
f 3210/3329 2553/3330 1868/3331 3189/3332
f 3025/3333 3006/3334 2322/3335 2785/3336
f 6227/3337 6238/3338 2321/3339 2786/3340
f 6073/3341 2687/3342 2309/3343 4732/3344
f 2942/3345 2917/3346 2319/3347 2782/3348
f 2805/3349 2559/3350 2318/3351 2783/3352
f 3019/3353 3005/3243 2323/3244 2647/3354
f 6221/3355 6219/3245 2324/3246 2650/3356
f 6074/3357 4729/3358 2325/3359 2653/3360
f 2844/3250 2829/3249 2887/3361 2888/3362
f 2936/3363 2922/3251 2326/3252 2634/3364
f 2657/3365 2563/3253 2327/3254 2635/3366
f 3014/3367 3009/3368 2293/3369 2317/3370
f 6236/3371 6237/3372 2292/3373 2316/3374
f 2918/3375 2931/3376 2290/3377 2314/3378
f 2557/3379 2565/3380 2289/3381 2313/3382
f 3345/3383 3340/3384 2537/3385 2871/3386
f 4776/3387 3011/3388 2413/3389 4346/3390
f 6239/3391 6216/3392 2416/3393 4333/3394
f 3054/3395 3045/3396 2548/3397 2879/3398
f 2839/3399 2826/3400 2823/3232 2843/3231
f 2924/3401 2927/3402 2410/3403 2420/3404
f 2566/3405 2567/3406 2409/3407 2419/3408
f 3023/3409 3012/3410 2302/3411 2726/3412
f 6225/3413 6235/3414 2301/3415 2725/3416
f 4729/3358 6081/3317 2343/3320 2325/3359
f 2940/3417 2934/3418 2300/3419 2740/3420
f 2756/3421 2571/3422 2299/3423 2739/3424
f 2907/3425 2900/3426 2362/3427 2552/3428
f 2535/3429 2542/3430 1870/3431 1871/3432
f 2911/3433 2903/3434 2372/3435 2706/3436
f 3009/3368 3008/3313 2294/3314 2293/3369
f 6237/3372 6218/3315 2295/3316 2292/3373
f 2842/3206 2820/3205 2830/3437 2854/3438
f 2931/3376 2929/3325 2297/3326 2290/3377
f 2565/3380 2569/3327 2298/3328 2289/3381
f 3017/3256 3016/3439 2285/3440 2284/3257
f 6233/3260 6213/3441 2286/3442 2283/3261
f 2967/3443 2725/3416 2301/3415 2969/3444
f 2824/3445 2811/3446 4601/3447 2853/3448
f 2923/3264 2921/3449 2287/3450 2282/3265
f 2560/3268 2562/3451 2288/3452 2281/3269
f 6220/3188 6217/3453 2425/3454 2533/3189
f 3181/3455 3155/3456 2355/3457 2698/3458
f 3148/3459 3143/3460 2354/3461 2699/3462
f 3115/3463 3110/3464 2353/3465 2700/3466
f 3075/3172 3066/3123 2233/3126 2215/3173
f 3049/3467 3028/3468 2351/3469 2667/3470
f 3022/3471 3002/3472 2350/3473 2671/3474
f 6224/3475 6230/3476 2349/3477 2670/3478
f 2939/3479 2928/3480 2347/3481 2675/3482
f 2708/3483 2573/3484 2346/3485 2674/3486
f 2542/3430 2545/3487 1874/3488 1870/3431
f 2892/3489 2894/3490 2358/3491 2357/3492
f 2896/3493 2902/3494 2360/3495 2359/3496
f 2818/3497 2834/3498 2857/3499 2849/3500
f 2913/3501 2904/3502 2361/3503 2720/3504
f 2899/3505 2898/3506 2408/3507 2421/3508
f 2891/3509 2896/3493 2359/3496 2365/3510
f 2909/3511 2895/3512 2367/3513 2620/3514
f 2915/3515 2890/3516 2366/3517 2770/3518
f 2902/3494 2901/3519 2369/3520 2360/3495
f 2914/3521 2906/3522 2363/3523 2763/3524
f 2912/3525 2893/3526 2368/3527 2719/3528
f 2901/3519 2892/3489 2357/3492 2369/3520
f 2895/3512 2905/3529 2371/3530 2367/3513
f 2905/3529 2891/3531 2365/3532 2371/3530
f 2908/3533 2897/3534 2370/3535 2625/3536
f 2600/3537 2598/3538 2374/3539 2373/3540
f 2606/3541 2602/3542 2376/3543 2375/3544
f 2610/3545 2603/3546 2412/3547 2422/3548
f 2595/3549 2606/3541 2375/3544 2380/3550
f 2662/3551 2599/3552 2382/3553 2628/3554
f 2810/3555 2601/3556 2381/3557 2777/3558
f 2602/3542 2605/3559 2384/3560 2376/3543
f 2761/3561 2597/3562 2383/3563 2723/3564
f 2605/3559 2600/3537 2373/3540 2384/3560
f 2599/3552 2604/3565 2386/3566 2382/3553
f 2604/3565 2595/3567 2380/3568 2386/3566
f 2661/3569 2613/3570 2385/3571 2630/3572
f 3199/3168 5324/3167 5361/3130 3197/3129
f 2575/2063 2570/3573 2303/3574 2543/2064
f 2546/3026 2534/2079 1872/3575 1873/3027
f 3371/3576 2549/3025 1897/3028 3362/3577
f 3278/3578 2538/3579 1867/3580 3254/3581
f 3340/3582 2539/3583 1894/3584 3317/3585
f 3309/3586 2537/3587 1869/3588 3285/3589
f 3177/2067 3173/3590 1890/3591 2544/2068
f 3045/3396 3037/3592 2423/3593 2548/3397
f 6082/3594 2295/3316 2334/3262 6086/3595
f 2547/3176 2535/3429 1871/3432 1895/3177
f 2402/2625 2403/2624 4338/3596 4342/3597
f 2400/2653 2402/2625 4342/3597 4344/3598
f 2401/2650 2400/2653 4344/3598 4347/3599
f 2388/2651 2401/2650 4347/3599 4343/3600
f 3246/3601 2705/3602 2173/3603 3235/3604
f 3213/3605 2688/3606 2256/3607 3205/3608
f 2403/2624 2407/2647 4337/3609 4338/3596
f 3180/3610 2692/3611 2255/3612 3158/3613
f 2707/3614 2679/3615 2364/3616 2558/3617
f 2608/2055 2607/3618 2427/3619 2532/2056
f 2910/3620 2684/3621 2311/3622 2889/3623
f 2963/3624 2681/3625 2310/3626 2954/3627
f 2938/3628 2664/3629 2379/3630 2919/3631
f 2846/3632 2856/3633 2832/3634 2814/3635
f 3021/3636 2686/3637 2198/3638 3010/3639
f 2994/3640 2691/3641 2308/3642 2982/3643
f 3048/3644 2694/3645 2251/3646 3029/3647
f 3114/3648 2678/3649 2253/3650 3092/3651
f 3082/3652 3076/3653 2352/3654 2672/3655
f 3147/3656 2696/3657 2254/3658 3125/3659
f 3283/3660 3278/3661 2541/3662 2873/3663
f 3252/3664 3243/3665 2553/3666 2883/3667
f 2864/3668 2547/3176 2534/3175 2869/3669
f 2878/2081 2546/2080 2549/3025 2880/3670
f 3153/3671 3144/3672 2550/3673 2881/3674
f 2870/3675 2535/3429 2547/3176 2864/3668
f 2874/3676 2542/3430 2535/3429 2870/3675
f 1838/2359 2431/2395 4722/3677 4719/2360
f 2916/3678 2907/3425 2552/3428 2865/3679
f 2944/3680 2935/3183 2554/3186 2866/3681
f 2877/3682 2545/3487 2542/3430 2874/3676
f 6075/3683 6084/3684 2426/3685 2556/3686
f 3195/3687 5359/3688 5344/3689 3214/3690
f 3376/3691 3371/3692 2539/3693 2863/3694
f 3027/3695 3018/3179 2555/3182 2867/3696
f 3069/3162 3070/3171 2214/3174 2203/3163
f 1834/2315 2432/2314 2436/2398 1836/2391
f 3332/1971 3339/3697 2443/3698 1851/1972
f 3339/3697 3317/3699 1869/3700 2443/3698
f 2455/3701 1874/3702 1870/3703 2447/3704
f 1880/3705 2430/3706 2433/2371 2437/2370
f 1877/3707 2432/2314 2435/2317 1876/3708
f 1879/2083 2431/2395 2436/2398 1883/2084
f 1876/3708 2435/2317 2434/2394 1896/3709
f 3081/3710 2677/3711 2252/3712 3061/3713
f 8515/2363 3348/1982 2519/1985 1839/2364
f 3095/2580 1844/2387 2524/3714 3089/3715
f 3071/1977 1850/1976 2441/2013 3058/3716
f 3130/2386 3138/1994 2524/1997 1844/2387
f 3201/1981 1865/1980 2449/3717 3209/3718
f 3363/1983 3370/3719 2445/3720 1854/1984
f 3303/1987 3308/3721 2442/2023 1852/1988
f 3064/2559 3057/3722 2520/3723 1846/2560
f 3326/2582 3323/1970 2517/1973 1841/2583
f 3164/2609 1840/2608 2518/3724 3157/3725
f 3144/3672 3140/3032 1891/3031 2550/3673
f 3308/3721 3285/3726 1867/3727 2442/2023
f 3370/3719 3362/3728 1894/3729 2445/3720
f 3159/2606 3172/3730 1885/3731 2463/2607
f 3091/3732 2460/2039 1888/2038 3105/3733
f 3254/3734 3253/2020 2442/2023 1867/3727
f 3106/3735 3107/3736 2441/3737 2429/3738
f 1873/2046 2439/2045 2440/2011 1872/2048
f 3074/3739 2429/3738 2441/3737 3058/3740
f 3229/3741 3239/2016 2450/2019 1875/3742
f 1871/2041 2454/2040 2447/2031 1870/3703
f 3173/3743 3176/2024 2444/2027 1889/3744
f 1874/3702 2455/3701 4723/2035 4211/3745
f 3189/3746 3209/3718 2449/3717 1868/3747
f 3231/2549 3224/2074 2457/2077 1849/2550
f 1857/1991 2455/2032 2447/3704 1860/1992
f 1832/2372 2433/2371 2434/2394 1835/2368
f 3136/1995 3121/3748 2452/3749 1862/1996
f 1859/1999 2454/2028 2453/2043 1858/2000
f 1858/2000 2453/2043 2440/2049 1856/2002
f 5524/2007 1855/2006 2439/2008 5526/2044
f 3139/3750 3123/2385 2459/2388 1887/3751
f 3290/3752 3295/1966 2461/1969 1882/2072
f 3320/3753 3324/2581 2462/2584 1881/3754
f 3365/3755 3356/2362 2464/2365 1893/3756
f 3270/1963 3256/2070 2461/2073 1843/1964
f 3210/3757 5336/3758 5350/3759 3219/3760
f 2473/3761 2470/3762 2430/3706 1880/3705
f 2434/2394 2433/2371 2430/3706 1896/3709
f 2468/3763 1877/3707 1876/3708 2469/3764
f 4722/3677 2431/2395 1879/2083 4721/3765
f 1896/3709 2430/3706 2470/3762 2471/3766
f 4721/3765 1879/2083 2467/2082 4724/3767
f 1883/2084 1877/3707 2468/3763 2472/2085
f 2436/2398 2432/2314 1877/3707 1883/2084
f 2469/3764 1876/3708 1896/3709 2471/3766
f 3359/3768 1906/3769 2476/2710 3354/2709
f 3331/3770 1907/2539 2478/2538 3334/2705
f 1908/3771 1909/2150 2479/2149 2494/2701
f 1905/2184 1911/2812 2475/2696 2477/2181
f 2084/2779 2490/2667 2482/2689 1918/2780
f 1918/2780 2482/2689 2483/2692 1919/3772
f 1919/3773 2483/2683 2481/2686 1920/2120
f 1917/2727 2485/2131 2493/2668 1931/2728
f 1931/2728 2493/2668 2491/2664 2074/2757
f 2074/2757 2491/2664 2490/2667 2084/2779
f 3272/3774 2121/3775 2492/2545 3257/2544
f 3300/3776 2112/2707 2478/2706 3305/2537
f 2109/2698 2117/3777 2488/2182 2477/2695
f 2114/3778 2111/3779 2484/2130 2486/2151
f 2115/3780 2114/3778 2486/2151 2487/2147
f 2116/2703 2479/2702 2480/2118 2122/3781
f 2118/3782 2115/3780 2487/2147 2489/2143
f 2117/3783 2118/3782 2489/2143 2488/2142
f 2111/3779 2113/2675 2485/2674 2484/2130
f 2122/3781 2480/2118 2481/2121 2105/2685
f 3294/2605 2073/2604 2505/3784 3284/3785
f 3264/2603 2055/2520 2503/3786 3255/3787
f 3367/2507 2053/2506 2500/3788 3353/3789
f 2056/2519 2057/2516 2498/2530 2502/3790
f 2068/2522 2064/2521 2509/2534 2511/2573
f 2055/2520 2056/2519 2502/3790 2503/3786
f 3337/2512 2054/2511 2501/3791 3315/3792
f 1837/2373 1832/2372 2526/2366 2529/2004
f 1833/2316 2523/2001 2527/2003 1835/2393
f 1834/2315 2522/2389 2523/2001 1833/2316
f 1855/2006 2526/2005 2527/2369 1856/2010
f 1838/2396 2521/2358 2528/1993 1836/2397
f 3104/2015 1850/2014 2515/1975 3089/3793
f 3238/2017 3240/2548 2531/2551 1864/2018
f 3274/2021 3260/1962 2516/1965 1852/2022
f 3171/2025 3157/3725 2518/3724 1853/2026
f 1859/1999 2522/1998 2528/2392 1860/2030
f 1857/1991 2521/1990 4725/2361 4720/2034
f 6203/3794 6075/3683 2556/3686 2868/3795
f 3299/1967 3292/1986 2516/1989 1843/1968
f 3074/3796 1892/3797 2536/2052 3078/2051
f 3106/3735 2429/3738 2551/2060 3111/2059
f 1874/3488 2545/3487 4288/3798 4211/3799
f 2877/3682 4634/3800 4288/3798 2545/3487
f 3448/3801 3349/2309 1956/2308 3425/3802
f 2680/3803 2707/3614 2558/3617 2312/3804
f 2552/3428 2362/3427 2570/3573 2575/2063
f 2706/3436 2372/3435 2573/3484 2708/3483
f 2357/3492 2358/3491 2562/3451 2560/3268
f 2359/3496 2360/3495 2569/3327 2565/3380
f 2720/3504 2361/3503 2571/3422 2756/3421
f 2421/3508 2408/3507 2567/3406 2566/3405
f 2365/3510 2359/3496 2565/3380 2557/3379
f 2620/3514 2367/3513 2563/3253 2657/3365
f 2770/3518 2366/3517 2559/3350 2805/3349
f 2360/3495 2369/3520 2568/3267 2569/3327
f 2763/3524 2363/3523 2574/3310 2806/3309
f 2719/3528 2368/3527 2561/3290 2757/3289
f 2369/3520 2357/3492 2560/3268 2568/3267
f 2367/3513 2371/3530 2572/3239 2563/3253
f 2371/3530 2365/3532 2557/3240 2572/3239
f 2625/3536 2370/3535 2564/3212 2658/3211
f 2865/3679 2552/3428 2575/2063 2884/2062
f 2281/3269 2288/3452 2577/3805 2576/3806
f 2674/3486 2346/3485 2591/3807 2709/3808
f 2875/2065 2543/2064 2594/3809 2885/3810
f 2736/3292 2328/3291 2587/3811 2758/3812
f 2774/3312 2304/3311 2582/3813 2807/3814
f 2313/3382 2289/3381 2578/3815 2584/3816
f 2419/3408 2409/3407 2592/3817 2593/3818
f 2336/3270 2281/3269 2576/3806 2588/3819
f 2783/3352 2318/3351 2585/3820 2808/3821
f 2739/3424 2299/3423 2580/3822 2759/3823
f 2637/3214 2337/3213 2589/3824 2660/3825
f 2327/3254 2345/3242 2590/3826 2586/3827
f 2345/3242 2313/3241 2584/3828 2590/3826
f 2289/3381 2298/3328 2579/3829 2578/3815
f 2298/3328 2336/3270 2588/3819 2579/3829
f 2635/3366 2327/3254 2586/3827 2659/3830
f 2680/3803 2312/3804 2583/3831 2710/3832
f 2543/2064 2303/3574 2581/3833 2594/3809
f 2852/3834 2858/3835 2965/3836 2950/3837
f 2809/3838 2611/3839 2378/3840 2778/3841
f 2813/3842 2611/3839 2809/3838 2837/3843
f 2848/3844 2946/3845 2963/3846 2855/3847
f 6200/3848 6191/3849 6104/3850 6106/3851
f 2963/3846 2954/3627 2840/3852 2855/3847
f 6171/3853 6167/3854 6137/3855 6141/3856
f 2849/3500 2857/3499 2964/3857 2947/3858
f 6178/3859 6161/3860 6156/3861 6155/3862
f 6181/3863 6197/3864 6146/3865 6147/3866
f 2846/3632 2960/3867 2962/3868 2856/3633
f 2955/3869 2841/3247 2844/3250 2958/3870
f 6180/3871 6176/3872 6153/3873 6143/3874
f 2957/3875 2843/3231 2851/3234 2949/3876
f 2848/3844 2853/3877 2951/3878 2946/3845
f 2851/3234 2850/3879 2948/3880 2949/3876
f 2961/3881 2854/3882 2852/3834 2950/3837
f 6161/3860 6162/3883 6157/3884 6156/3861
f 2823/3232 2826/3400 2605/3559 2602/3542
f 6182/3885 6181/3863 6147/3866 6148/3886
f 2826/3400 2821/3887 2600/3537 2605/3559
f 2952/3888 2838/3203 2842/3206 2956/3889
f 2850/3284 2838/3203 2952/3888 2948/3890
f 2712/3891 2832/3892 2812/3893 2609/3894
f 2836/3895 2822/3896 2601/3556 2810/3555
f 2831/3897 2815/3898 2613/3570 2661/3569
f 2855/3323 2840/3852 2817/3899 2833/3324
f 2825/3204 2816/3283 2595/3567 2604/3565
f 2820/3205 2825/3204 2604/3565 2599/3552
f 2819/3900 2831/3897 2661/3569 2598/3901
f 2822/3896 2836/3895 2858/3835 2852/3834
f 2817/3902 2834/3903 2761/3904 2596/3905
f 2845/3906 2888/3362 2887/3361 2812/3907
f 2829/3249 2828/3248 2607/3618 2608/2055
f 2816/3908 2827/3909 2606/3541 2595/3549
f 2811/3446 2824/3445 2603/3546 2610/3545
f 2827/3233 2823/3232 2602/3542 2606/3541
f 2959/3910 6201/3911 2888/3362 2845/3906
f 2958/3870 2844/3250 2888/3362 2966/3912
f 2664/3629 2711/3913 2596/3914 2379/3630
f 2724/3915 2760/3916 2612/3917 2377/3918
f 2668/3919 2377/3918 2612/3917 2712/3920
f 2830/3437 2820/3205 2599/3552 2662/3551
f 6162/3883 6163/3921 6158/3922 6157/3884
f 2964/3857 2857/3499 2840/3852 2954/3627
f 2965/3836 2858/3835 2849/3500 2947/3858
f 2318/3351 2635/3366 2659/3830 2585/3820
f 2288/3452 2637/3214 2660/3825 2577/3805
f 2358/3491 2625/3536 2658/3211 2562/3451
f 2366/3517 2620/3514 2657/3365 2559/3350
f 2598/3538 2661/3569 2630/3572 2374/3539
f 2601/3556 2662/3551 2628/3554 2381/3557
f 2894/3490 2908/3533 2625/3536 2358/3491
f 2890/3516 2909/3511 2620/3514 2366/3517
f 2559/3350 2657/3365 2635/3366 2318/3351
f 2917/3346 2936/3363 2634/3364 2319/3347
f 2956/3889 2842/3206 2854/3438 2961/3881
f 6238/3338 6221/3355 2650/3356 2321/3339
f 3006/3334 3019/3353 2647/3354 2322/3335
f 6086/3595 2334/3262 2283/3261 6085/3923
f 2562/3451 2658/3211 2637/3214 2288/3452
f 2921/3449 2937/3207 2636/3210 2287/3450
f 2854/3438 2830/3437 2822/3896 2852/3834
f 6213/3441 6222/3195 2639/3198 2286/3442
f 3016/3439 3020/3191 2633/3194 2285/3440
f 3065/3124 3079/3055 2621/3058 2244/3125
f 3055/2958 3080/3019 2622/3020 2263/2959
f 3094/3076 3112/3015 2654/3018 2243/3077
f 3129/3072 3145/3011 2648/3014 2242/3073
f 3161/3068 3178/3007 2649/3010 2241/3069
f 3198/2900 5363/2899 5320/3924 3191/3925
f 3220/3060 3244/2999 2644/3002 2239/3061
f 3090/2910 3113/2971 2623/2972 2264/2911
f 3124/2906 3146/2969 2617/2970 2265/2907
f 3154/2902 3179/2967 2614/2968 2266/2903
f 3211/3926 5338/3927 5322/3108 3193/3107
f 3236/2894 3245/2961 2656/2962 2268/2895
f 3043/2890 3046/2881 2631/2884 2196/2891
f 3032/2867 3047/2873 2629/2876 2190/2868
f 2129/2743 2130/2766 2652/2767 2645/2746
f 2137/2758 2138/2782 2618/2783 2619/2759
f 3267/2850 2142/2849 2627/2852 3279/2851
f 2149/2828 2150/2842 2615/2843 2655/2829
f 2150/2835 2154/2744 2632/2745 2615/2836
f 2161/2813 2149/2828 2655/2829 2624/2816
f 3351/2814 2161/2813 2624/2816 3372/2815
f 3316/2798 2165/2797 2626/2800 3341/2799
f 2138/2782 2170/2781 2643/2784 2618/2783
f 2177/2765 2178/2730 2641/2731 2642/2768
f 2130/2766 2177/2765 2642/2768 2652/2767
f 2185/2729 2137/2758 2619/2759 2640/2732
f 2154/2744 2129/2743 2645/2746 2632/2745
f 2178/2730 2185/2729 2640/2732 2641/2731
f 3293/2714 2169/2713 2646/2716 3310/2715
f 2387/3928 2668/3919 2712/3920 2609/3894
f 5573/3929 5579/3930 2711/3913 2664/3629
f 2857/3499 2834/3498 2817/3902 2840/3852
f 6183/3931 6182/3885 6148/3886 6149/3932
f 6169/3933 6164/3934 6134/3935 6126/3936
f 2835/3937 2760/3938 2611/3839 2813/3842
f 6163/3921 6165/3939 6159/3940 6158/3922
f 5575/3941 2680/3803 2710/3832 5577/3942
f 2299/3423 2674/3486 2709/3808 2580/3822
f 2361/3503 2706/3436 2708/3483 2571/3422
f 5575/3941 5578/3943 2707/3614 2680/3803
f 3068/3944 2417/3945 2677/3711 3081/3710
f 3131/3946 2406/3947 2696/3657 3147/3656
f 3062/3100 3082/3652 2672/3655 2250/3101
f 3100/3948 2418/3949 2678/3649 3114/3648
f 3034/3950 2415/3951 2694/3645 3048/3644
f 2983/3952 2413/3953 2691/3641 2994/3640
f 3011/3954 2414/3955 2686/3637 3021/3636
f 2858/3835 2836/3895 2818/3497 2849/3500
f 5582/3956 5573/3929 2664/3629 2938/3628
f 2946/3845 2411/3957 2681/3625 2963/3846
f 5581/3958 5576/3959 2684/3621 2910/3620
f 5578/3943 5574/3960 2679/3615 2707/3614
f 3168/3961 2404/3962 2692/3611 3180/3610
f 3202/3963 2405/3964 2688/3606 3213/3605
f 3237/3965 2407/2647 2705/2646 3246/3601
f 5472/3084 5455/3041 3558/3042 3557/3085
f 2571/3422 2708/3483 2674/3486 2299/3423
f 2934/3418 2939/3479 2675/3482 2300/3419
f 6235/3414 6224/3475 2670/3478 2301/3415
f 3012/3410 3022/3471 2671/3474 2302/3411
f 3030/2870 3049/3467 2667/3470 2193/2871
f 3093/3052 3115/3463 2700/3466 2249/3053
f 3126/3048 3148/3459 2699/3462 2248/3049
f 3163/3044 3181/3455 2698/3458 2247/3045
f 2904/3502 2911/3433 2706/3436 2361/3503
f 6083/3966 6074/3357 2653/3360 2320/3967
f 3225/3038 3247/3021 2704/3024 2245/3039
f 3297/2726 2166/2725 2673/2661 3311/2660
f 2181/2742 2182/2741 2702/2652 2703/2649
f 2157/2756 2126/2755 2689/2610 2665/2635
f 2182/2741 2134/2764 2693/2622 2702/2652
f 2133/2778 2174/2777 2701/2648 2695/2611
f 2174/2777 2181/2742 2703/2649 2701/2648
f 2141/2794 2173/2793 2705/3602 2682/2623
f 3321/2810 2162/2809 2669/2643 3342/2642
f 3347/2826 2158/2825 2666/2638 3373/2640
f 2158/2825 2146/2834 2685/2630 2666/2638
f 2153/2841 2157/2756 2665/2635 2663/2634
f 2146/2834 2153/2848 2663/2631 2685/2630
f 3265/2862 2145/2861 2683/2627 3280/2626
f 2134/2764 2141/2794 2682/2623 2693/2622
f 2126/2755 2133/2778 2695/2611 2689/2610
f 2834/3498 2818/3497 2597/3562 2761/3904
f 2378/3840 2611/3839 2760/3938 2724/3915
f 2847/3968 2839/3969 2953/3970 2945/3971
f 2711/3913 2833/3324 2817/3899 2596/3914
f 6184/3972 6183/3931 6149/3932 6150/3973
f 2304/3311 2739/3424 2759/3823 2582/3813
f 2312/3804 2736/3292 2758/3812 2583/3831
f 2364/3616 2719/3528 2757/3289 2558/3617
f 2363/3523 2720/3504 2756/3421 2574/3310
f 2596/3914 2761/3904 2723/3564 2379/3630
f 2889/3974 2912/3525 2719/3528 2364/3616
f 2906/3522 2913/3501 2720/3504 2363/3523
f 2574/3310 2756/3421 2739/3424 2304/3311
f 2933/3306 2940/3417 2740/3420 2305/3307
f 6234/3298 6225/3413 2725/3416 2306/3299
f 3007/3294 3023/3409 2726/3412 2307/3295
f 2558/3617 2757/3289 2736/3292 2312/3804
f 2919/3975 2941/3285 2738/3288 2311/3976
f 6215/3977 6226/3275 2741/3278 2309/3978
f 3010/3979 3024/3271 2722/3274 2308/3980
f 2969/3444 2301/3415 2670/3478 6072/3981
f 3063/3140 3083/3099 2729/3102 2232/3141
f 3103/3096 3116/3051 2728/3054 2231/3097
f 3137/3092 3149/3047 2732/3050 2230/3093
f 3170/3088 3182/3043 2733/3046 2229/3089
f 5456/3982 5463/3983 3564/3984 3556/3985
f 3222/3080 3248/3037 2735/3040 2227/3081
f 3061/3986 3084/3033 2747/3036 2251/3987
f 3092/3988 3117/2991 2750/2994 2252/3989
f 3125/3990 3150/2987 2746/2990 2253/3991
f 3158/3992 3183/2983 2748/2986 2254/3993
f 3212/2982 5340/2981 5353/2922 3187/2921
f 3235/3994 3249/2977 2752/2980 2256/3995
f 3029/3996 3050/2877 2730/2880 2198/3997
f 3031/2864 3051/2869 2727/2872 2192/2865
f 2127/2751 2132/2774 2751/2775 2745/2754
f 2135/2762 2140/2790 2721/2791 2754/2763
f 3266/2858 2144/2857 2714/2860 3281/2859
f 2147/2832 2152/2846 2731/2847 2713/2833
f 2152/2839 2156/2752 2715/2753 2731/2840
f 2159/2821 2147/2832 2713/2833 2716/2824
f 3346/2822 2159/2821 2716/2824 3374/2823
f 3322/2806 2163/2805 2717/2808 3343/2807
f 2140/2790 2172/2789 2744/2792 2721/2791
f 2175/2773 2180/2738 2749/2739 2755/2776
f 2132/2774 2175/2773 2755/2776 2751/2775
f 2183/2737 2135/2762 2754/2763 2743/2740
f 2156/2752 2127/2751 2745/2754 2715/2753
f 2180/2738 2183/2737 2743/2740 2749/2739
f 3296/2722 2167/2721 2718/2724 3312/2723
f 2887/3361 2829/3249 2608/2055 2886/2054
f 2953/3970 2839/3969 2843/3231 2957/3875
f 2818/3497 2836/3895 2810/3555 2597/3562
f 2613/3570 2809/3838 2778/3841 2385/3571
f 2328/3291 2783/3352 2808/3821 2587/3811
f 2337/3213 2774/3312 2807/3814 2589/3824
f 2370/3535 2763/3524 2806/3309 2564/3212
f 2368/3527 2770/3518 2805/3349 2561/3290
f 2597/3562 2810/3555 2777/3558 2383/3563
f 2897/3534 2914/3521 2763/3524 2370/3535
f 2893/3526 2915/3515 2770/3518 2368/3527
f 4732/3998 6070/3279 2742/3282 2310/3999
f 2561/3290 2805/3349 2783/3352 2328/3291
f 2920/3286 2942/3345 2782/3348 2329/3287
f 2821/3887 2826/3400 2839/3399 2847/3968
f 6231/3276 6227/3337 2786/3340 2331/3277
f 3003/3272 3025/3333 2785/3336 2332/3273
f 2564/3212 2806/3309 2774/3312 2337/3213
f 2925/3208 2943/3305 2776/3308 2338/3209
f 6232/3196 6228/3297 2773/3300 2339/3197
f 3004/3192 3026/3293 2767/3296 2340/3193
f 3060/3056 3085/3139 2769/3142 2124/3057
f 3099/3016 3118/3095 2794/3098 2100/3017
f 3133/3012 3151/3091 2792/3094 2199/3013
f 3166/3008 3184/3087 2793/3090 2200/3009
f 3214/3690 5344/3689 5508/4000 5484/4001
f 3227/3000 3250/3079 2789/3082 2202/3001
f 3077/3034 3086/2957 2765/2960 2262/3035
f 3109/2992 3119/2909 2800/2912 2261/2993
f 3141/2988 3152/2905 2798/2908 2260/2989
f 3174/2984 3185/2901 2797/2904 2259/2985
f 3216/3066 5346/3065 5367/4002 3205/4003
f 3233/2978 3251/2893 2804/2896 2257/2979
f 3042/2878 3052/2889 2781/2892 2197/2879
f 3033/2874 3053/2863 2779/2866 2191/2875
f 2128/2747 2131/2770 2802/2771 2795/2750
f 2136/2760 2139/2786 2766/2787 2799/2761
f 3268/2854 2143/2853 2775/2856 3282/2855
f 2148/2830 2151/2844 2764/2845 2762/2831
f 2151/2837 2155/2748 2780/2749 2764/2838
f 2160/2817 2148/2830 2762/2831 2768/2820
f 3352/2818 2160/2817 2768/2820 3375/2819
f 3319/2802 2164/2801 2771/2804 3344/2803
f 2139/2786 2171/2785 2796/2788 2766/2787
f 2176/2769 2179/2734 2790/2735 2803/2772
f 2131/2770 2176/2769 2803/2772 2802/2771
f 2184/2733 2136/2760 2799/2761 2791/2736
f 2155/2748 2128/2747 2795/2750 2780/2749
f 2179/2734 2184/2733 2791/2736 2790/2735
f 3291/2718 2168/2717 2772/2720 3313/2719
f 2815/3898 2837/3843 2809/3838 2613/3570
f 5579/3930 5580/3321 2833/3324 2711/3913
f 2712/3920 2612/3917 2814/3635 2832/3892
f 2814/3635 2612/3917 2760/3916 2835/3937
f 2845/3906 2812/3907 2832/3892 2856/3633
f 2822/3896 2830/3437 2662/3551 2601/3556
f 2821/3887 2819/3900 2598/3901 2600/3537
f 2346/3485 2875/2065 2885/3810 2591/3807
f 2372/3435 2865/3679 2884/2062 2573/3484
f 2388/2651 4343/3600 4634/3800 2877/3682
f 3002/3472 3027/3695 2867/3696 2350/3473
f 3366/4004 3376/3691 2863/3694 2391/4005
f 3218/2924 5348/2923 5334/3064 3208/3063
f 6077/3280 6069/4006 2784/4007 2330/3281
f 2388/2651 2877/3682 2874/3676 2399/2612
f 2928/3480 2944/3680 2866/3681 2347/3481
f 2903/3434 2916/3678 2865/3679 2372/3435
f 2399/2612 2874/3676 2870/3675 2396/2613
f 2396/2613 2870/3675 2864/3668 2389/2636
f 3143/3460 3153/3671 2881/3674 2354/3461
f 2397/2633 2878/2081 2880/3670 2393/2639
f 2389/2636 2864/3668 2869/3669 2392/2637
f 3242/3022 3252/3664 2883/3667 2394/3023
f 3277/4008 3283/3660 2873/3663 2395/4009
f 3028/3468 3054/3395 2879/3398 2351/3469
f 3335/4010 3345/3383 2871/3386 2390/4011
f 6230/3476 6229/3187 2860/3190 2349/3477
f 3304/4012 3314/2086 2862/2089 2398/4013
f 2392/2632 2869/2078 2878/2081 2397/2633
f 3155/3456 3186/2066 2876/2069 2355/3457
f 2573/3484 2884/2062 2875/2065 2346/3485
f 3110/3464 3120/2058 2882/2061 2353/3465
f 2609/3894 2886/2054 2859/2057 2387/3928
f 3076/3653 3087/2050 2861/2053 2352/3654
f 2347/3481 2866/3681 2916/3678 2903/3434
f 2329/3287 2782/3348 2915/3515 2893/3526
f 2338/3209 2776/3308 2914/3521 2897/3534
f 2305/3307 2740/3420 2913/3501 2906/3522
f 2311/3976 2738/3288 2912/3525 2889/3623
f 2300/3419 2675/3482 2911/3433 2904/3502
f 5574/3960 5581/3958 2910/3620 2679/3615
f 2319/3347 2634/3364 2909/3511 2890/3516
f 2287/3450 2636/3210 2908/3533 2894/3490
f 2866/3681 2554/3186 2907/3425 2916/3678
f 2679/3615 2910/3620 2889/3623 2364/3616
f 2636/3210 2338/3209 2897/3534 2908/3533
f 2344/3238 2314/3237 2891/3531 2905/3529
f 2326/3252 2344/3238 2905/3529 2895/3512
f 2335/3266 2282/3265 2892/3489 2901/3519
f 2738/3288 2329/3287 2893/3526 2912/3525
f 2776/3308 2305/3307 2906/3522 2914/3521
f 2297/3326 2335/3266 2901/3519 2902/3494
f 2782/3348 2319/3347 2890/3516 2915/3515
f 2634/3364 2326/3252 2895/3512 2909/3511
f 2314/3378 2290/3377 2896/3493 2891/3509
f 2420/3404 2410/3403 2898/3506 2899/3505
f 2740/3420 2300/3419 2904/3502 2913/3501
f 2290/3377 2297/3326 2902/3494 2896/3493
f 2282/3265 2287/3450 2894/3490 2892/3489
f 2675/3482 2347/3481 2903/3434 2911/3433
f 2554/3186 2428/3185 2900/3426 2907/3425
f 2387/3928 2859/2057 2944/3680 2928/3480
f 2385/3571 2778/3841 2943/3305 2925/3208
f 2383/3563 2777/3558 2942/3345 2920/3286
f 2379/3630 2723/3564 2941/3285 2919/3631
f 2378/3840 2724/3915 2940/3417 2933/3306
f 2377/3918 2668/3919 2939/3479 2934/3418
f 5576/3959 5582/3956 2938/3628 2684/3621
f 2374/3539 2630/3572 2937/3207 2921/3449
f 2381/3557 2628/3554 2936/3363 2917/3346
f 2859/2057 2532/2056 2935/3183 2944/3680
f 2684/3621 2938/3628 2919/3631 2311/3622
f 2668/3919 2387/3928 2928/3480 2939/3479
f 2373/3540 2374/3539 2921/3449 2923/3264
f 2375/3544 2376/3543 2929/3325 2931/3376
f 2724/3915 2377/3918 2934/3418 2940/3417
f 2422/3548 2412/3547 2927/3402 2924/3401
f 2380/3550 2375/3544 2931/3376 2918/3375
f 2628/3554 2382/3553 2922/3251 2936/3363
f 2777/3558 2381/3557 2917/3346 2942/3345
f 2376/3543 2384/3560 2930/3263 2929/3325
f 2778/3841 2378/3840 2933/3306 2943/3305
f 2723/3564 2383/3563 2920/3286 2941/3285
f 2384/3560 2373/3540 2923/3264 2930/3263
f 2382/3553 2386/3566 2926/3235 2922/3251
f 2386/3566 2380/3568 2918/3236 2926/3235
f 2630/3572 2385/3571 2925/3208 2937/3207
f 2532/2056 2427/3619 2932/3184 2935/3183
f 2348/4014 6202/4015 6201/3911 2959/3910
f 2330/3281 2784/4007 2965/3836 2947/3858
f 2310/3999 2742/3282 2964/3857 2954/3627
f 2320/3967 2653/3360 2961/3881 2950/3837
f 2343/3320 2315/3319 2948/3890 2952/3888
f 2325/3359 2343/3320 2952/3888 2956/3889
f 2742/3282 2330/3281 2947/3858 2964/3857
f 2784/4007 2320/3967 2950/3837 2965/3836
f 2653/3360 2325/3359 2956/3889 2961/3881
f 2315/4016 2291/4017 2949/3876 2948/3880
f 2474/4018 2411/3957 2946/3845 2951/3878
f 2291/4017 2296/3303 2957/3875 2949/3876
f 2676/3230 2348/3229 2959/3910 2962/4019
f 2556/3686 2426/3685 2955/3869 2958/3870
f 2868/3795 2556/3686 2958/3870 2966/3912
f 2812/3893 2887/3361 2886/2054 2609/3894
f 2962/3868 2959/3910 2845/3906 2856/3633
f 4033/4020 6054/4021 6087/4022 6061/4023
f 4270/4024 6055/4025 6063/4026 4162/4027
f 6076/4028 2416/4029 2687/3342 6073/3341
f 2426/3685 6084/3684 2971/4030 5611/4031
f 6080/4032 6076/4033 2411/3957 2474/4018
f 4612/4034 2973/4035 6055/4025 4270/4024
f 6069/4006 6083/3966 2320/3967 2784/4007
f 2968/4036 6078/3301 2291/3304 2315/4016
f 4058/4037 6062/4038 4733/4039 4403/4040
f 4038/4041 6089/4042 4730/4043 4423/4044
f 2350/3473 2867/3696 3000/4045 2974/4046
f 2340/3193 2767/3296 2999/4047 2979/4048
f 2332/3273 2785/3336 2998/4049 2978/4050
f 2308/3980 2722/3274 2997/4051 2982/3643
f 2307/3295 2726/3412 2996/4052 2981/4053
f 2302/3411 2671/3474 2995/4054 2984/4055
f 6216/4056 2983/3952 2994/3640 6223/4057
f 2285/3440 2633/3194 2993/4058 2976/4059
f 2322/3335 2647/3354 2992/4060 2988/4061
f 6223/4057 2994/3640 2982/3643 6215/4062
f 2671/3474 2350/3473 2974/4046 2995/4054
f 2555/3182 2424/3181 2985/4063 2991/4064
f 2284/3257 2285/3440 2976/4059 2980/4065
f 2293/3369 2294/3314 2989/4066 2987/4067
f 2726/3412 2302/3411 2984/4055 2996/4052
f 4346/3390 2413/3389 2983/3952 4749/4068
f 2317/3370 2293/3369 2987/4067 2986/4069
f 2647/3354 2323/3244 2990/4070 2992/4060
f 2785/3336 2322/3335 2988/4061 2998/4049
f 2294/3314 2333/3258 2977/4071 2989/4066
f 2767/3296 2307/3295 2981/4053 2999/4047
f 2722/3274 2332/3273 2978/4050 2997/4051
f 2333/3258 2284/3257 2980/4065 2977/4071
f 2323/3244 2341/3222 2975/4072 2990/4070
f 2341/3222 2317/3221 2986/4073 2975/4072
f 2633/3194 2340/3193 2979/4048 2993/4058
f 2867/3696 2555/3182 2991/4064 3000/4045
f 2351/3469 2879/3398 3027/3695 3002/3472
f 2191/2875 2779/2866 3026/3293 3004/3192
f 2197/2879 2781/2892 3025/3333 3003/3272
f 2198/3997 2730/2880 3024/3271 3010/3639
f 2192/2865 2727/2872 3023/3409 3007/3294
f 2193/2871 2667/3470 3022/3471 3012/3410
f 2413/3953 3011/3388 3021/3636 2691/3641
f 2190/2868 2629/2876 3020/3191 3016/3439
f 2196/2891 2631/2884 3019/3353 3006/3334
f 2879/3398 2548/3397 3018/3179 3027/3695
f 2691/3641 3021/3636 3010/3639 2308/3642
f 2667/3470 2351/3469 3002/3472 3022/3471
f 2125/2620 2190/2868 3016/3439 3017/3256
f 2102/2617 2103/2616 3008/3313 3009/3368
f 2727/2872 2193/2871 3012/3410 3023/3409
f 4341/2888 2414/2887 3011/3954 4776/3387
f 2101/2659 2102/2617 3009/3368 3014/3367
f 2631/2884 2195/2883 3005/3243 3019/3353
f 2781/2892 2196/2891 3006/3334 3025/3333
f 2103/2616 2099/2621 3015/3255 3008/3313
f 2779/2866 2192/2865 3007/3294 3026/3293
f 2730/2880 2197/2879 3003/3272 3024/3271
f 2099/2621 2125/2620 3017/3256 3015/3255
f 2195/2883 2194/2657 3001/3219 3005/3243
f 2194/2657 2101/2656 3014/3220 3001/3219
f 2629/2876 2191/2875 3004/3192 3020/3191
f 2548/3397 2423/3593 3013/3180 3018/3179
f 2352/3654 2861/2053 3054/3395 3028/3468
f 2124/3057 2769/3142 3053/2863 3033/2874
f 2262/3035 2765/2960 3052/2889 3042/2878
f 2232/3141 2729/3102 3051/2869 3031/2864
f 2251/3646 2747/3036 3050/2877 3029/3647
f 2250/3101 2672/3655 3049/3467 3030/2870
f 2414/3955 3034/2886 3048/3644 2686/3637
f 2244/3125 2621/3058 3047/2873 3032/2867
f 2263/2959 2622/3020 3046/2881 3043/2890
f 2686/3637 3048/3644 3029/3647 2198/3638
f 2536/2052 1892/3797 3037/3592 3045/3396
f 2672/3655 2352/3654 3028/3468 3049/3467
f 2861/2053 2536/2052 3045/3396 3054/3395
f 2765/2960 2263/2959 3043/2890 3052/2889
f 2274/2976 2280/2975 3039/2654 3040/2882
f 4335/2998 2415/2997 3034/3950 4805/2885
f 2622/3020 2274/2976 3040/2882 3046/2881
f 2747/3036 2262/3035 3042/2878 3050/2877
f 2621/3058 2124/3057 3033/2874 3047/2873
f 2729/3102 2250/3101 3030/2870 3051/2869
f 2233/3126 2244/3125 3032/2867 3044/2619
f 2769/3142 2232/3141 3031/2864 3053/2863
f 2226/3164 2203/3163 3038/2614 3041/2658
f 2280/2975 2226/3170 3041/2655 3039/2654
f 2214/3174 2215/3173 3036/2618 3035/2615
f 2215/3173 2233/3126 3044/2619 3036/2618
f 2203/3163 2214/3174 3035/2615 3038/2614
f 2353/3465 2882/2061 3087/2050 3076/3653
f 2261/2993 2800/2912 3086/2957 3077/3034
f 2100/3017 2794/3098 3085/3139 3060/3056
f 2252/3712 2750/2994 3084/3033 3061/3713
f 2231/3097 2728/3054 3083/3099 3063/3140
f 2249/3053 2700/3466 3082/3652 3062/3100
f 2415/3951 3068/2996 3081/3710 2694/3645
f 2264/2911 2623/2972 3080/3019 3055/2958
f 2243/3077 2654/3018 3079/3055 3065/3124
f 2429/3738 3074/3739 3078/2051 2551/2060
f 1892/3797 3074/3796 3058/3740 2446/4074
f 1845/4075 2515/1975 3057/1974 3064/2559
f 1866/4076 3071/1977 3058/3716 2446/4077
f 2694/3645 3081/3710 3061/3713 2251/3646
f 2204/3121 2213/3160 3070/3171 3069/3162
f 2700/3466 2353/3465 3076/3653 3082/3652
f 2216/3159 2234/3078 3066/3123 3075/3172
f 2213/3160 2216/3159 3075/3172 3070/3171
f 2279/2935 2225/3138 3072/3169 3067/2974
f 2225/3122 2204/3121 3069/3162 3072/3161
f 2794/3098 2231/3097 3063/3140 3085/3139
f 2234/3078 2243/3077 3065/3124 3066/3123
f 2728/3054 2249/3053 3062/3100 3083/3099
f 2654/3018 2100/3017 3060/3056 3079/3055
f 2750/2994 2261/2993 3077/3034 3084/3033
f 2623/2972 2273/2936 3056/2973 3080/3019
f 4334/2956 2417/2955 3068/3944 4837/2995
f 2273/2936 2279/2935 3067/2974 3056/2973
f 2800/2912 2264/2911 3055/2958 3086/2957
f 2460/2039 1845/4075 3064/2559 3059/2036
f 2882/2061 2551/2060 3078/2051 3087/2050
f 2466/2561 2438/4078 3073/2037 3059/2558
f 2520/3723 3057/3722 3071/1977 1866/4076
f 2354/3461 2881/3674 3120/2058 3110/3464
f 2260/2989 2798/2908 3119/2909 3109/2992
f 2199/3013 2792/3094 3118/3095 3099/3016
f 2253/3650 2746/2990 3117/2991 3092/3651
f 2230/3093 2732/3050 3116/3051 3103/3096
f 2248/3049 2699/3462 3115/3463 3093/3052
f 2417/3945 3100/2954 3114/3648 2677/3711
f 2265/2907 2617/2970 3113/2971 3090/2910
f 2242/3073 2648/3014 3112/3015 3094/3076
f 1891/3031 3106/3735 3111/2059 2550/3673
f 1862/1996 3104/2015 3089/3793 2524/1997
f 1891/3031 2452/3030 3107/3736 3106/3735
f 2459/2388 3091/2579 3105/3733 1887/3751
f 1845/4075 3095/2580 3089/3715 2515/1975
f 2677/3711 3114/3648 3092/3651 2252/3712
f 2699/3462 2354/3461 3110/3464 3115/3463
f 2205/3117 2212/3156 3101/3157 3098/3120
f 2217/3155 2235/3074 3096/3075 3108/3158
f 2212/3156 2217/3155 3108/3158 3101/3157
f 2278/2931 2224/3136 3102/3137 3097/2934
f 2224/3118 2205/3117 3098/3120 3102/3119
f 2792/3094 2230/3093 3103/3096 3118/3095
f 2235/3074 2242/3073 3094/3076 3096/3075
f 2732/3050 2248/3049 3093/3052 3116/3051
f 2648/3014 2199/3013 3099/3016 3112/3015
f 2746/2990 2260/2989 3109/2992 3117/2991
f 2617/2970 2272/2932 3088/2933 3113/2971
f 4336/2952 2418/2951 3100/3948 4868/2953
f 2272/2932 2278/2931 3097/2934 3088/2933
f 2798/2908 2265/2907 3090/2910 3119/2909
f 2460/2039 3091/3732 3095/2580 1845/4075
f 2881/3674 2550/3673 3111/2059 3120/2058
f 2452/3749 3107/2012 3104/2015 1862/1996
f 2355/3457 2876/2069 3153/3671 3143/3460
f 2259/2985 2797/2904 3152/2905 3141/2988
f 2200/3009 2793/3090 3151/3091 3133/3012
f 2254/3658 2748/2986 3150/2987 3125/3659
f 2229/3089 2733/3046 3149/3047 3137/3092
f 2247/3045 2698/3458 3148/3459 3126/3048
f 2418/2951 3131/2950 3147/3656 2678/3649
f 2266/2903 2614/2968 3146/2969 3124/2906
f 2241/3069 2649/3010 3145/3011 3129/3072
f 1886/4079 2456/4080 3123/2385 3139/3750
f 1863/4081 2451/4082 3121/3748 3136/1995
f 2544/2068 1890/3591 3140/3032 3144/3672
f 1842/4083 2525/4084 3138/1994 3130/2386
f 2876/2069 2544/2068 3144/3672 3153/3671
f 2678/3649 3147/3656 3125/3659 2253/3650
f 2698/3458 2355/3457 3143/3460 3148/3459
f 2206/3113 2211/3152 3134/3153 3132/3116
f 2218/3151 2236/3070 3128/3071 3142/3154
f 2211/3152 2218/3151 3142/3154 3134/3153
f 2277/2927 2223/3134 3135/3135 3122/2930
f 2223/3114 2206/3113 3132/3116 3135/3115
f 2793/3090 2229/3089 3137/3092 3151/3091
f 2236/3070 2241/3069 3129/3072 3128/3071
f 2733/3046 2247/3045 3126/3048 3149/3047
f 2451/4085 3121/3029 3140/3032 1890/3591
f 2649/3010 2200/3009 3133/3012 3145/3011
f 2748/2986 2259/2985 3141/2988 3150/2987
f 2614/2968 2271/2928 3127/2929 3146/2969
f 4340/2948 2406/2947 3131/3946 4903/2949
f 2271/2928 2277/2927 3122/2930 3127/2929
f 2797/2904 2266/2903 3124/2906 3152/2905
f 2456/4080 1842/4083 3130/2386 3123/2385
f 2525/4084 1863/4081 3136/1995 3138/1994
f 2356/4086 2872/4087 3186/2066 3155/3456
f 2258/4088 2801/4089 3185/2901 3174/2984
f 2201/4090 2788/4091 3184/3087 3166/3008
f 2255/3612 2753/4092 3183/2983 3158/3613
f 2228/4093 2734/4094 3182/3043 3170/3088
f 2246/4095 2697/4096 3181/3455 3163/3044
f 2406/2947 3168/2946 3180/3610 2696/3657
f 2267/4097 2616/4098 3179/2967 3154/2902
f 2240/4099 2651/4100 3178/3007 3161/3068
f 1863/4081 2525/4084 3157/3725 3171/2025
f 1890/4101 2451/4102 3176/2024 3173/3743
f 2456/4080 1886/4079 3172/3730 3159/2606
f 1842/4083 3164/2609 3157/3725 2525/4084
f 2696/3657 3180/3610 3158/3613 2254/3658
f 2540/4103 1889/4104 3173/3590 3177/2067
f 2697/4096 2356/4086 3155/3456 3181/3455
f 2207/4105 2210/4106 3165/3149 3169/3112
f 2219/4107 2237/4108 3162/3067 3175/3150
f 2210/4106 2219/4107 3175/3150 3165/3149
f 2276/4109 2222/4110 3167/3133 3156/2926
f 2222/4111 2207/4105 3169/3112 3167/3111
f 2788/4091 2228/4093 3170/3088 3184/3087
f 2237/4108 2240/4099 3161/3068 3162/3067
f 2734/4094 2246/4095 3163/3044 3182/3043
f 2651/4100 2201/4090 3166/3008 3178/3007
f 2753/4092 2258/4088 3174/2984 3183/2983
f 2616/4098 2270/4112 3160/2925 3179/2967
f 4345/4113 2404/3962 3168/3961 4940/2945
f 2270/4112 2276/4109 3156/2926 3160/2925
f 2801/4089 2267/4097 3154/2902 3185/2901
f 2456/4080 3159/2606 3164/2609 1842/4083
f 2872/4087 2540/4103 3177/2067 3186/2066
f 2451/4082 1863/4081 3171/2025 3176/2024
f 2394/3023 2883/3667 3219/4114 3195/4115
f 2257/2979 2804/2896 3218/2924 3208/3063
f 2202/3001 2789/3082 3217/4116 3546/4117
f 2256/3607 2752/2980 3216/3066 3205/3608
f 2227/3081 2735/3040 3215/4118 3203/4119
f 2245/3039 2704/3024 3214/4120 3196/4121
f 3219/4114 5350/3759 5359/3688 3195/4115
f 2268/2895 2656/2962 3212/2982 3187/2921
f 2239/3061 2644/3002 3211/3926 3193/3107
f 1848/4122 3198/2900 3191/3925 2458/2916
f 2404/3962 5364/4123 5343/4124 2692/3611
f 1889/3744 2444/2027 5370/4125 5317/4126
f 2883/3667 2553/3666 3210/3329 3219/4114
f 1853/2026 5327/4127 5370/4125 2444/2027
f 2704/3024 2394/3023 3195/4115 3214/4120
f 2692/3611 5343/4124 5366/4128 2255/3612
f 2208/3105 2209/3146 3199/3168 3197/3129
f 2220/3145 2238/3062 3194/3110 3207/3165
f 2209/3146 2220/3145 3207/3165 3199/3168
f 2275/2919 2221/3128 3206/3147 3190/2941
f 2221/3106 2208/3105 3197/3129 3206/3132
f 2789/3082 2227/3081 3203/4119 3217/4116
f 2238/3062 2239/3061 3193/3107 3194/3110
f 2735/3040 2245/3039 3196/4121 3215/4118
f 2644/3002 2202/3001 3546/4117 3211/3926
f 2752/2980 2257/2979 3208/3063 3216/3066
f 2656/2962 2269/2920 3188/2944 3212/2982
f 4339/2940 2405/2939 3202/3963 4968/2966
f 2269/2920 2275/2919 3190/2941 3188/2944
f 2540/4103 5337/4129 5317/4130 1889/4104
f 2804/2896 2268/2895 3187/2921 3218/2924
f 1885/3731 5331/4131 5321/4132 2463/2607
f 2530/1979 3192/1978 3198/2900 1848/4122
f 2395/4009 2873/3663 3252/3664 3242/3022
f 2172/2789 2796/2788 3251/2893 3233/2978
f 2187/4133 2787/4134 3250/3079 3227/3000
f 2173/2793 2744/2792 3249/2977 3235/3604
f 2188/4135 2737/4136 3248/3037 3222/3080
f 2189/4137 2690/4138 3247/3021 3225/3038
f 2405/3964 3237/2938 3246/3601 2688/3606
f 2171/2785 2643/2784 3245/2961 3236/2894
f 2186/4139 2638/4140 3244/2999 3220/3060
f 1865/1980 2530/1979 3240/2548 3238/2017
f 1848/4122 2458/2916 3224/2074 3231/2549
f 1868/3747 2449/3717 3239/2016 3229/3741
f 2873/3663 2541/3662 3243/3215 3252/3664
f 2688/3606 3246/3601 3235/3604 2256/3607
f 2553/3330 3243/3665 3229/3218 1868/3331
f 1920/2120 1930/2119 3232/3143 3228/3104
f 1909/2150 1908/3771 3226/3059 3221/3144
f 1930/2119 1909/2150 3221/3144 3232/3143
f 1918/2780 1919/3772 3230/3127 3241/2918
f 1919/3773 1920/2120 3228/3104 3230/3103
f 2787/4134 2188/4135 3222/3080 3250/3079
f 1908/3771 2186/4139 3220/3060 3226/3059
f 2737/4136 2189/4137 3225/3038 3248/3037
f 2690/4138 2395/4009 3242/3022 3247/3021
f 2638/4140 2187/4133 3227/3000 3244/2999
f 2744/2792 2172/2789 3233/2978 3249/2977
f 2643/2784 2170/2781 3234/2917 3245/2961
f 4337/3609 2407/2647 3237/3965 5005/2937
f 2170/2781 1918/2780 3241/2918 3234/2917
f 2796/2788 2171/2785 3236/2894 3251/2893
f 2530/1979 1848/4122 3231/2549 3240/2548
f 2458/2916 1884/2915 3223/2075 3224/2074
f 2449/3717 1865/1980 3238/2017 3239/2016
f 2398/4013 2862/2089 3283/3660 3277/2629
f 2187/4133 3268/2854 3282/2855 2787/4134
f 2188/4135 3266/2858 3281/2859 2737/4136
f 2189/4137 3265/2862 3280/2626 2690/4138
f 2186/4139 3267/2850 3279/2851 2638/4140
f 1864/2018 2531/2551 3260/1962 3274/2021
f 2073/2604 3264/2603 3255/3787 2505/3784
f 2110/2704 3272/3774 3257/2544 2494/2701
f 1849/2550 2457/2077 3256/2070 3270/1963
f 1875/3742 2450/2019 3253/2020 3254/3734
f 2862/2089 2538/2088 3278/3578 3283/3660
f 2541/3216 3278/3661 3254/3581 1875/3217
f 2737/4136 3281/2859 3265/2862 2189/4137
f 2787/4134 3282/2855 3266/2858 2188/4135
f 2638/4140 3279/2851 3268/2854 2187/4133
f 1908/3771 3275/2547 3267/2850 2186/4139
f 2690/4138 3280/2626 3277/2629 2395/4009
f 2095/2597 3258/2586 3264/2603 2073/2604
f 3535/4141 3541/2599 3273/2602 2004/4142
f 2094/2596 3276/2585 3258/2586 2095/2597
f 2494/2701 3257/2544 3275/2547 1908/3771
f 3504/4143 2097/2140 3262/2139 3517/2408
f 3416/2189 1936/2092 3269/2254 3421/2271
f 3429/2091 3445/2251 3269/2254 1936/2092
f 3468/4144 3469/2190 3261/2193 2098/4145
f 3479/2681 1987/2682 3262/2409 3493/2138
f 3391/4146 3397/2098 3259/2101 2070/4147
f 2457/2077 1878/2076 3263/2071 3256/2070
f 2450/2019 1864/2018 3274/2021 3253/2020
f 2531/2551 1849/2550 3270/1963 3260/1962
f 2390/4011 2871/3386 3314/2086 3304/2663
f 2143/2853 3291/2718 3313/2719 2775/2856
f 2144/2857 3296/2722 3312/2723 2714/2860
f 2145/2861 3297/2726 3311/2660 2683/2627
f 2142/2849 3293/2714 3310/2715 2627/2852
f 1841/2583 2517/1973 3292/1986 3299/1967
f 2054/2511 3294/2605 3284/3785 2501/3791
f 2121/3775 3300/3776 3305/2537 2492/2545
f 1881/3754 2462/2584 3295/1966 3290/3752
f 2443/3698 1869/3700 3285/3726 3308/3721
f 1851/1972 2443/3698 3308/3721 3303/1987
f 2538/3579 3309/2087 3285/3589 1867/3580
f 2714/2860 3312/2723 3297/2726 2145/2861
f 2775/2856 3313/2719 3296/2722 2144/2857
f 2627/2852 3310/2715 3291/2718 2143/2853
f 2069/2546 3306/2540 3293/2714 2142/2849
f 3483/4148 3494/2693 3289/2694 1986/2593
f 2683/2627 3311/2660 3304/2663 2398/2628
f 2037/2491 3286/2598 3294/2605 2054/2511
f 2020/2459 3307/2595 3286/2598 2037/2491
f 3504/4143 3518/2591 3289/2594 2097/2140
f 3521/2600 3542/2587 3302/2590 2096/2601
f 2492/2545 3305/2537 3306/2540 2069/2546
f 3468/4144 2098/4145 3288/2380 3470/2379
f 3420/2272 2071/2253 3298/2246 3422/2245
f 3437/4149 3446/2227 3301/2230 1952/4150
f 3392/4151 2112/4152 3300/2115 3398/2114
f 2871/3386 2537/3385 3309/3586 3314/2086
f 2517/1973 1851/1972 3303/1987 3292/1986
f 2462/2584 1841/2583 3299/1967 3295/1966
f 2391/4005 2863/3694 3345/3383 3335/2645
f 2168/2717 3319/2802 3344/2803 2772/2720
f 2167/2721 3322/2806 3343/2807 2718/2724
f 2166/2725 3321/2810 3342/2642 2673/2661
f 2169/2713 3316/2798 3341/2799 2646/2716
f 2053/2506 3337/2512 3315/3792 2500/3788
f 1906/3769 3331/2795 3334/2705 2476/2710
f 1893/3756 2464/2365 3324/2581 3320/3753
f 1839/2364 2519/1985 3323/1970 3326/2582
f 2445/3720 1894/3729 3317/3699 3339/3697
f 1854/1984 2445/3720 3339/3697 3332/1971
f 2537/3587 3340/3384 3317/3585 1869/3588
f 2863/3694 2539/3693 3340/3582 3345/3383
f 2718/2724 3343/2807 3321/2810 2166/2725
f 2772/2720 3344/2803 3322/2806 2167/2721
f 2646/2716 3341/2799 3319/2802 2168/2717
f 1907/2539 3331/3770 3316/2798 2169/2713
f 2476/2710 3334/2705 3328/2708 2108/2711
f 3389/2219 3399/2670 3330/2673 1900/2220
f 2673/2661 3342/2642 3335/2645 2390/2662
f 2464/2365 1839/2364 3326/2582 3324/2581
f 3500/2592 3519/2554 3336/2557 1986/2593
f 2036/2483 3333/2492 3337/2512 2053/2506
f 2019/2451 3329/2460 3333/2492 2036/2483
f 3538/2450 3543/2457 3329/2460 2019/2451
f 3412/2248 1935/2247 3325/2329 3423/2328
f 3437/4149 1952/4150 3318/2156 3447/2239
f 3483/4153 3495/2194 3327/2197 1969/4154
f 3460/4155 3471/2153 3318/2156 1952/4150
f 2519/1985 1854/1984 3332/1971 3323/1970
f 2393/2639 2880/3670 3376/3691 3366/2641
f 2164/2801 3352/2818 3375/2819 2771/2804
f 2163/2805 3346/2822 3374/2823 2717/2808
f 2162/2809 3347/2826 3373/2640 2669/2643
f 2165/2797 3351/2814 3372/2815 2626/2800
f 3440/2240 1951/2155 3349/2309 3448/3801
f 2058/2504 3367/2507 3353/3789 2499/2536
f 1911/2812 3359/2811 3354/2709 2475/2696
f 1898/4156 2465/4157 3356/2362 3365/3755
f 2448/4158 1897/4159 3362/3728 3370/3719
f 1861/4160 2448/4158 3370/3719 3363/1983
f 1847/4161 5525/4162 8514/4163 3355/4164
f 2880/3670 2549/3025 3371/3576 3376/3691
f 2539/3583 3371/3692 3362/3577 1894/3584
f 2717/2808 3374/2823 3347/2826 2162/2809
f 2771/2804 3375/2819 3346/2822 2163/2805
f 2626/2800 3372/2815 3352/2818 2164/2801
f 1906/2796 3359/3768 3351/2814 2165/2797
f 2475/2696 3354/2709 3369/2712 2104/2697
f 2669/2643 3373/2640 3366/2641 2391/2644
f 3481/2195 3496/2575 3360/2576 1968/2196
f 3503/4165 2002/4166 3368/2563 3520/2562
f 2041/2479 3364/2484 3367/2507 2058/2504
f 2024/2482 3361/2452 3364/2484 2041/2479
f 3530/4167 3544/2449 3361/2452 2024/2482
f 2465/4157 1847/4161 3355/4164 3356/2362
f 3404/4168 3424/2344 3358/2347 1900/2220
f 3463/2154 3472/2306 3349/2309 1951/2155
f 3385/2284 3400/2218 3358/2221 1910/2285
f 5525/4169 1861/4170 3363/1983 8514/4171
f 2104/4172 3369/4173 3400/2218 3385/2284
f 2108/4174 3328/4175 3399/2670 3389/2219
f 1901/2672 3392/2671 3398/2114 3287/4176
f 2121/2116 3272/4177 3397/2098 3391/2117
f 2115/4178 2118/2162 3378/2161 3395/2319
f 2117/2163 2109/4179 3388/2283 3394/2164
f 3328/4175 2112/4152 3392/4151 3399/2670
f 2119/4180 3377/2327 3379/2383 2106/4181
f 2122/4182 2105/4183 3382/2226 3381/2336
f 2113/2282 3386/2281 3393/2185 2123/4184
f 2106/4181 3379/2383 3380/2384 2107/4185
f 2116/4186 2122/4182 3381/2336 3383/2269
f 2120/4187 3384/2188 3377/2327 2119/4180
f 2114/2259 2115/4178 3395/2319 3396/2260
f 2109/4179 2104/4172 3385/2284 3388/2283
f 1926/2208 3386/2422 3390/2257 1925/2108
f 2110/4188 2116/4186 3383/2269 3387/2099
f 1925/2108 3390/2257 3396/2260 1921/2109
f 2107/4189 3380/2223 3382/2226 2105/4183
f 3369/4173 2108/4174 3389/2219 3400/2218
f 2123/4184 3393/2185 3384/2188 2120/4187
f 1923/2170 3378/2679 3394/2164 1924/2542
f 3287/4176 3398/2114 3391/2117 2070/4147
f 3272/4177 2110/4188 3387/2099 3397/2098
f 1934/2330 3357/4190 3424/2344 3404/2331
f 1901/2672 3412/2248 3423/2328 3330/2673
f 2070/4147 3420/2272 3422/2245 3287/4176
f 1902/2100 3416/2189 3421/2271 3259/2101
f 1944/2341 1945/2340 3406/2209 3405/2107
f 1933/2243 1943/2343 3414/2541 3403/2374
f 1941/2302 1940/2578 3417/2106 3418/2168
f 1949/4191 2076/2205 3401/2210 3402/2206
f 1943/2343 1942/2303 3415/2167 3414/2541
f 1947/4192 1948/4193 3407/2273 3408/2375
f 1939/2244 1933/2243 3403/2374 3419/2345
f 3357/4190 1939/2244 3419/2345 3424/2344
f 3330/2673 3423/2328 3404/2331 1900/2220
f 1948/4193 1938/2111 3411/2110 3407/2273
f 3259/2101 3421/2271 3420/2272 2070/4147
f 3287/4176 3422/2245 3412/2248 1901/2672
f 2075/2187 3401/2543 3413/2211 2085/2326
f 1949/2377 3402/2206 3406/2209 1945/2340
f 1903/2270 3410/2113 3416/2189 1902/2100
f 1946/2353 1947/2352 3408/2171 3409/2095
f 1942/2303 1941/2302 3418/2168 3415/2167
f 1904/2337 3411/2274 3410/2113 1903/2270
f 1940/2578 1944/2341 3405/2107 3417/2106
f 2086/2204 1946/2353 3409/2095 3413/2211
f 1934/2330 3440/2240 3448/3801 3357/4190
f 1935/2247 3437/4149 3447/2239 3325/2329
f 1935/2247 3298/2246 3446/2227 3437/4149
f 1953/4194 3271/4195 3445/2251 3429/2091
f 3357/4190 3448/3801 3425/3802 1939/2244
f 1958/2256 1957/2238 3430/2577 3433/2301
f 1957/2238 1961/2237 3434/2338 3430/2577
f 1950/2180 1960/2125 3435/2342 3436/2242
f 2087/2677 1963/2264 3439/2350 3431/2203
f 1966/2266 3444/2277 3438/2339 1962/2250
f 1963/2264 1964/2263 3441/2351 3439/2350
f 1960/2125 1959/2124 3432/2300 3435/2342
f 1961/2237 1962/2250 3438/2339 3434/2338
f 1959/2124 1958/2256 3433/2301 3432/2300
f 1949/4191 3444/2376 3427/2280 2076/2205
f 3271/4195 2072/2229 3443/2228 3445/2251
f 1956/2308 1950/2180 3436/2242 3425/3802
f 3325/2329 3447/2239 3440/2240 1934/2330
f 3298/2246 2071/2253 3443/2252 3446/2227
f 1948/4193 3442/2176 3426/2222 1938/2111
f 2077/2279 2087/2677 3431/2203 3427/2280
f 1947/4192 3441/2173 3442/2176 1948/4193
f 1955/2137 1954/2136 3428/2090 3426/2222
f 1954/2136 1953/2268 3429/2091 3428/2090
f 1968/2196 3360/2576 3472/2306 3463/2154
f 1969/4154 3327/2197 3471/2153 3460/2382
f 2072/2229 3468/4144 3470/2379 3301/2230
f 2072/2229 3271/4195 3469/2190 3468/4144
f 2088/2700 1980/2325 3462/2261 3450/2234
f 3301/2230 3470/2379 3460/2382 1952/4150
f 1973/2159 1967/2158 3461/2179 3466/2307
f 3360/2576 1973/2159 3466/2307 3472/2306
f 1981/2356 1982/2355 3458/2177 3456/2287
f 1976/4196 1975/4197 3454/2255 3453/2123
f 1971/4198 1970/2192 3459/2191 3457/2135
f 1979/4199 1983/2213 3451/2212 3464/2249
f 1980/2325 1981/2324 3456/2262 3462/2261
f 1975/4197 1974/4200 3467/2235 3454/2255
f 1978/2104 1979/2217 3464/2249 3455/2236
f 1974/2105 1978/2104 3455/2236 3467/2235
f 2077/2279 3449/2215 3450/2234 2087/2677
f 1966/2278 3451/2265 3449/2215 2077/2279
f 3271/4195 1953/4194 3459/2267 3469/2190
f 1967/2158 1977/2166 3452/2122 3461/2179
f 1982/2355 1972/2553 3465/2134 3458/2177
f 3327/2197 1968/2196 3463/2154 3471/2153
f 1972/2553 1971/4198 3457/2135 3465/2134
f 1977/2166 1976/2688 3453/2123 3452/2122
f 1985/4201 3350/4202 3496/2575 3481/2195
f 1986/2593 3336/2557 3495/2194 3483/4148
f 1969/2381 3288/2380 3494/2693 3483/4153
f 1970/2192 3479/2681 3493/2138 3261/2193
f 2089/2349 1997/2312 3474/2322 3473/2348
f 3288/2380 2098/4145 3478/2141 3494/2693
f 1994/2305 1993/2291 3487/2299 3477/2165
f 1970/2192 1971/4198 3480/2129 3479/2681
f 1974/4200 1975/4197 3485/2298 3491/2102
f 3350/4202 1990/4203 3489/2160 3496/2575
f 1999/2335 1989/2334 3482/2126 3488/2354
f 1999/2335 3488/2354 3486/2357 1998/2415
f 2088/2233 2078/2214 3484/2231 3473/2699
f 1997/2312 1998/2413 3486/2323 3474/2322
f 1975/4197 1976/4196 3487/2687 3485/2298
f 2078/2214 1983/2213 3492/2198 3484/2231
f 1996/2296 3475/2199 3476/2103 1995/2297
f 1983/2213 1979/4199 3475/2216 3492/2198
f 3336/2557 1985/2556 3481/2195 3495/2194
f 1984/2401 1994/2305 3477/2165 3490/2157
f 1984/2401 3490/2157 3489/2160 1990/2402
f 3261/2193 3493/2138 3478/2141 2098/4145
f 1972/2553 3482/2552 3480/2129 1971/4198
f 1991/2293 1995/2297 3476/2103 3491/2680
f 1985/4201 3503/2555 3520/2562 3350/4202
f 2003/4204 3338/4205 3519/2554 3500/2592
f 2096/2601 3302/2590 3518/2591 3504/4143
f 2096/2601 3504/4143 3517/2408 3273/2602
f 3302/2590 2003/2589 3500/2592 3518/2591
f 3350/4202 3520/2562 3499/2565 1990/4203
f 3338/4205 2002/4166 3503/4165 3519/2554
f 2008/2430 2012/2429 3506/2294 3510/2292
f 1989/2127 3501/2333 3497/2416 1988/2128
f 2001/2426 2011/2425 3512/2304 3516/2400
f 1988/2128 3497/2416 3498/2419 1987/2682
f 2015/2464 2016/2463 3513/2332 3507/2414
f 2014/2445 2015/2454 3507/2412 3511/2311
f 3273/2602 3517/2408 3498/2411 2004/4142
f 2017/2569 2080/2568 3514/2378 3515/2406
f 1996/2200 3505/2295 3515/2406 2000/2201
f 2007/2564 2001/2426 3516/2400 3499/2565
f 2080/2568 2090/2446 3502/2310 3514/2378
f 2016/2463 2006/2468 3501/2420 3513/2332
f 2090/2446 2014/2445 3511/2311 3502/2310
f 2011/2425 2010/2456 3508/2288 3512/2304
f 2012/2429 2013/2440 3505/2403 3506/2294
f 2009/2466 2008/2430 3510/2292 3509/2289
f 2010/2456 2009/2466 3509/2289 3508/2288
f 2007/2564 3368/2563 3544/2449 3530/2447
f 2002/4166 3338/4205 3543/2457 3538/2450
f 2094/2596 3307/2595 3542/2587 3521/2600
f 2021/2434 3276/2585 3541/2599 3535/2431
f 3276/2585 2094/2596 3521/2600 3541/2599
f 3307/2595 2020/2459 3534/2458 3542/2587
f 2081/2571 2091/2478 3522/2443 3540/2567
f 2034/2438 2081/2571 3540/2567 3523/2435
f 2026/2498 2025/2500 3533/2427 3528/2465
f 2033/2495 2023/2442 3536/2441 3525/2462
f 2027/2489 2026/2498 3528/2465 3527/2455
f 2032/2496 2033/2495 3525/2462 3524/2461
f 3338/4205 2003/4204 3534/2588 3543/2457
f 2028/2490 2027/2489 3527/2455 3526/2424
f 2031/2477 2032/2486 3524/2453 3531/2444
f 3368/2563 2002/4166 3538/2450 3544/2449
f 2024/2482 2018/2481 3539/2423 3530/4167
f 2091/2478 2031/2477 3531/2444 3522/2443
f 2005/2417 2006/2421 3536/2467 3537/2432
f 2029/2472 2030/2437 3532/2436 3529/2428
f 2017/2405 2013/2404 3532/2439 3523/2566
f 2004/2418 2005/2417 3537/2432 3535/4141
f 2025/2500 2029/2472 3529/2428 3533/2427
f 2018/2481 2028/2490 3526/2424 3539/2423
f 2827/3909 2816/3908 2850/3879 2851/3234
f 3217/4116 3203/4119 3552/4206 5531/4207
f 3211/3926 3546/4117 5533/4208 3551/4209
f 3200/4210 3567/4211 3551/4209 3211/3926
f 3196/4121 3214/4120 3550/4212 3568/4213
f 3215/4118 3196/4121 3568/4213 5530/4214
f 3546/4117 3217/4116 5531/4207 5533/4208
f 3549/4215 3547/4216 5534/4217 5536/4218
f 3203/4119 3215/4118 5530/4214 3552/4206
f 3545/4219 3200/4210 3567/4211 5532/4220
f 3214/4120 3549/4215 5536/4218 3550/4212
f 5519/4221 5377/4222 3560/3005 5464/3004
f 3566/4223 5385/4224 5376/4225 3561/4226
f 3553/4227 5372/4228 5380/4229 3564/4230
f 3556/4231 5374/4232 5382/4233 3565/4234
f 3563/4235 5378/4236 5372/4228 3553/4227
f 3564/3984 5380/4229 5374/4232 3556/3985
f 5488/4237 5487/4238 3563/4235 3553/4227
f 5492/4239 5476/3083 3555/3086 3554/4240
f 5496/4241 5456/3982 3556/3985 3565/4234
f 3565/4234 5382/4233 5385/4224 3566/4223
f 5463/3983 5488/4237 3553/4227 3564/3984
f 5471/4242 5507/4243 3566/4223 3561/4226
f 5503/4244 5492/4239 3554/4240 3562/4245
f 5507/4243 5496/4241 3565/4234 3566/4223
f 3548/4246 3545/4219 5532/4220 5535/4247
f 3547/4216 3548/4246 5535/4247 5534/4217
f 5448/4248 5451/4249 5313/4250 5312/4251
f 5024/4252 4253/4253 3580/4254 5034/4255
f 2518/3724 5354/4256 5327/4127 1853/2026
f 5059/4257 4198/4258 3580/4259 5063/4260
f 5087/4261 4254/4262 3588/4263 5096/4264
f 4820/4265 4834/4266 3587/4267 4252/4268
f 4959/4269 4966/4270 3602/4271 4267/4272
f 5112/4273 4256/4274 3591/4275 5127/4276
f 5056/4277 4253/4278 3589/4279 5067/4280
f 4258/4281 4265/4282 3597/4283 3594/4284
f 4904/4285 4261/4286 3599/4287 4901/4288
f 4259/4289 4260/4290 3595/4291 3596/4292
f 4260/4290 4264/4293 3593/4294 3595/4291
f 4266/4295 5527/4296 3592/4297 4263/4298
f 4176/4299 4177/4300 3593/4301 3592/4302
f 4872/4303 4869/4304 3587/4305 4178/4306
f 5002/4307 4187/4308 3601/4309 5001/4310
f 5017/4311 4179/4312 3589/4313 5038/4314
f 4943/4315 4181/4316 3590/4317 4937/4318
f 4191/4319 4184/4320 3597/4321 3596/4322
f 4192/4323 4723/4324 4720/4325 3594/4326
f 4822/4327 4197/4328 3625/4329 4836/4330
f 4191/4331 4190/4332 3632/4333 3608/4334
f 5529/4335 3634/4336 3610/4337 4176/4338
f 4190/4332 4177/4339 3609/4340 3632/4333
f 4851/4341 4613/4342 4273/4343 4842/4344
f 4639/4345 4611/4346 4269/4347 4361/4348
f 4885/4349 4635/4350 4289/4351 4876/4352
f 4637/4353 4627/4354 4280/4355 4313/4356
f 4953/4357 4628/4358 4281/4359 4944/4360
f 5020/4361 4198/4362 3619/4363 5027/4364
f 4987/4365 4194/4366 3615/4367 4986/4368
f 4621/4369 4630/4370 4283/4371 4271/4372
f 4204/4373 4209/4374 3620/4375 3616/4376
f 5078/4377 4614/4378 4275/4379 5073/4380
f 5192/4381 3674/4382 3673/4383 5193/4384
f 5177/4385 3822/4386 3664/4387 5173/4388
f 5161/4389 5023/4390 3639/4391 5151/4392
f 5255/4393 3711/4394 3715/4395 5240/4396
f 5181/4397 3658/4398 3662/4399 5169/4400
f 5175/4401 5174/4402 3674/4403 3675/4404
f 5162/4405 5155/4406 3858/4407 5064/4408
f 4217/4409 4218/4410 3657/4411 3667/4412
f 5216/4413 3697/4414 3696/4415 5217/4416
f 5246/4417 5244/4418 3725/4419 3726/4420
f 4221/4421 3653/4422 3654/4423 4222/4424
f 5229/4425 3692/4426 3691/4427 5221/4428
f 5257/4429 5242/4430 3834/4431 5026/4432
f 4225/4433 3652/4434 3651/4435 4226/4436
f 5190/4437 3675/4404 3674/4403 5192/4381
f 4226/4436 3651/4435 3650/4438 4224/4439
f 4216/4440 4217/4409 3667/4412 3646/4441
f 4224/4439 3650/4438 3649/4442 4223/4443
f 4223/4443 3649/4442 3653/4422 4221/4421
f 5235/4444 5082/4445 3688/4446 5227/4447
f 5254/4448 5253/4449 3710/4450 3704/4451
f 5142/4452 5158/4453 3854/4454 3855/4455
f 5254/4448 3704/4451 3714/4456 5241/4457
f 5179/4458 3660/4459 3659/4460 5182/4461
f 5173/4388 3664/4387 3665/4462 5172/4463
f 5205/4464 5206/4465 3702/4466 3701/4467
f 5222/4468 3702/4469 3692/4426 5229/4425
f 5225/4470 3687/4471 3697/4414 5216/4413
f 4214/4472 3642/4473 3652/4474 4225/4475
f 5157/4476 5148/4477 3812/4478 3669/4479
f 5174/4402 5180/4480 3673/4383 3674/4403
f 5233/4481 5025/4482 3707/4483 5223/4484
f 5259/4485 5091/4486 3705/4487 5245/4488
f 5256/4489 3737/4490 3733/4491 5239/4492
f 5191/4493 3813/4494 3823/4495 5195/4496
f 5166/4497 5170/4498 3663/4499 3669/4500
f 5165/4501 5177/4502 3823/4495 3813/4494
f 5215/4503 5213/4504 3815/4505 3720/4506
f 5239/4507 5240/4396 3715/4395 3716/4508
f 5164/4509 5122/4510 3637/4511 5153/4512
f 5206/4465 5190/4513 3692/4426 3702/4466
f 5144/4514 5146/4515 3666/4516 3665/4517
f 5210/4518 5065/4519 3809/4520 5207/4521
f 5248/4522 3816/4523 3737/4490 5256/4489
f 5213/4504 5214/4524 3825/4525 3815/4505
f 5231/4526 3694/4527 3698/4528 5219/4529
f 5211/4530 5204/4531 3688/4446 5082/4445
f 5189/4532 3676/4533 3670/4534 5200/4535
f 5186/4536 5176/4537 3672/4538 5062/4539
f 5219/4529 3698/4528 3699/4540 5228/4541
f 5209/4542 5033/4543 3808/4544 5207/4545
f 5218/4546 3695/4547 3694/4527 5231/4526
f 5154/4548 5160/4549 3851/4550 3848/4551
f 5226/4552 3700/4553 3701/4554 5220/4555
f 5228/4541 3699/4540 3703/4556 5215/4557
f 5221/4428 3691/4427 3690/4558 5223/4559
f 5151/4392 3639/4391 3640/4560 5147/4561
f 5185/4562 5184/4563 3808/4544 5033/4543
f 5171/4564 3666/4565 3641/4566 5175/4567
f 5217/4416 3696/4415 3695/4547 5218/4546
f 5208/4568 5191/4569 3814/4570 3703/4571
f 5150/4572 5154/4548 3848/4551 3850/4573
f 5152/4574 3636/4575 3647/4576 5149/4577
f 5220/4578 3701/4467 3702/4466 5222/4468
f 5272/4579 3730/4580 3729/4581 5273/4582
f 5273/4582 3729/4581 3728/4583 5274/4584
f 5270/4585 3732/4586 3733/4587 5269/4588
f 5249/4589 3729/4581 3730/4580 5251/4590
f 5196/4591 3679/4592 3678/4593 5197/4594
f 5276/4595 3731/4596 3730/4580 5272/4579
f 5236/4597 5113/4598 3693/4599 5230/4600
f 5266/4601 3826/4602 3734/4603 5275/4604
f 4169/4605 4172/4606 3570/4607 3571/4608
f 5160/4609 3658/4610 3659/4611 5159/4612
f 5238/4613 3717/4614 3718/4615 5250/4616
f 5148/4477 5141/4617 3822/4618 3812/4478
f 5187/4619 5168/4620 3671/4621 5089/4622
f 5277/4623 3736/4624 3726/4625 5265/4626
f 5147/4561 3640/4560 3641/4627 5145/4628
f 5198/4629 3681/4630 3682/4631 5202/4632
f 5199/4633 3680/4634 3679/4592 5196/4591
f 5188/4635 5122/4636 3647/4637 5183/4638
f 5237/4639 3826/4640 3816/4523 5248/4522
f 5203/4641 3683/4642 3684/4643 5205/4644
f 5252/4645 5250/4646 3718/4647 3719/4648
f 5230/4600 3693/4599 3687/4471 5225/4470
f 4258/4649 4725/4650 4719/4651 3575/4652
f 5120/4653 4201/4654 3576/4655 5119/4656
f 4263/4657 4264/4658 3572/4659 3569/4660
f 4174/4661 3574/4662 3569/4663 4170/4664
f 5183/4638 3647/4637 3636/4575 5167/4665
f 5172/4666 3665/4517 3666/4516 5171/4564
f 5208/4667 5202/4632 3682/4631 3686/4668
f 5278/4669 3816/4523 3826/4640 5266/4601
f 5234/4670 5224/4671 3706/4672 5052/4673
f 5143/4674 5144/4675 3665/4462 3664/4387
f 4888/4676 4196/4677 3581/4678 4895/4679
f 4259/4680 4265/4681 3573/4682 3571/4683
f 4172/4606 4171/4684 3572/4685 3570/4607
f 4168/4686 4173/4687 3573/4688 3575/4689
f 5263/4690 3727/4691 3721/4692 5280/4693
f 5269/4694 5279/4695 3754/4696 3750/4697
f 5279/4698 3737/4490 3816/4523 5278/4669
f 5281/4699 5262/4700 3724/4701 5026/4702
f 5275/4604 3734/4603 3735/4703 5271/4704
f 5271/4705 3735/4706 3736/4624 5277/4623
f 5261/4707 5262/4708 3741/4709 3742/4710
f 5280/4693 3721/4692 3731/4596 5276/4595
f 5265/4711 5261/4707 3742/4710 3743/4712
f 5274/4584 3728/4583 3732/4586 5270/4585
f 5150/4713 5157/4476 3669/4479 3663/4499
f 5303/4714 3738/4715 3748/4716 5290/4717
f 5297/4718 3745/4719 3749/4720 5293/4721
f 5299/4722 3758/4723 3759/4724 5301/4725
f 5287/4726 3771/4727 3767/4728 5296/4729
f 5293/4721 3749/4720 3750/4730 5296/4731
f 5301/4725 3759/4724 3760/4732 5300/4733
f 5286/4734 3827/4735 3751/4736 5295/4737
f 5294/4738 3744/4739 3738/4715 5303/4714
f 5308/4740 5125/4741 3756/4742 5302/4743
f 5295/4737 3751/4736 3752/4744 5288/4745
f 5290/4717 3748/4716 3747/4746 5291/4747
f 5307/4748 5093/4749 3757/4750 5298/4751
f 5288/4752 3752/4753 3753/4754 5289/4755
f 5291/4747 3747/4746 3746/4756 5292/4757
f 5289/4755 3753/4754 3743/4758 5300/4759
f 5292/4757 3746/4756 3745/4719 5297/4718
f 3771/4727 3788/4760 3784/4761 3767/4728
f 3783/4762 3766/4763 3767/4728 3784/4761
f 3759/4724 3776/4764 3777/4765 3760/4732
f 3829/4766 3828/4767 3768/4768 3785/4769
f 3778/4770 3761/4771 3755/4772 3772/4773
f 5125/4741 5128/4774 3773/4775 3756/4742
f 3785/4769 3768/4768 3769/4776 3786/4777
f 3782/4778 3765/4779 3764/4780 3781/4781
f 5093/4749 5097/4782 3774/4783 3757/4750
f 3786/4784 3769/4785 3770/4786 3787/4787
f 3781/4781 3764/4780 3763/4788 3780/4789
f 3787/4787 3770/4786 3760/4732 3777/4765
f 3780/4789 3763/4788 3762/4790 3779/4791
f 3772/4773 3755/4772 3765/4779 3782/4778
f 3779/4791 3762/4790 3766/4763 3783/4762
f 3758/4723 3775/4792 3776/4764 3759/4724
f 3830/4793 3829/4766 3785/4769 3802/4794
f 3795/4795 3778/4770 3772/4773 3789/4796
f 5128/4774 5131/4797 3790/4798 3773/4775
f 3802/4794 3785/4769 3786/4777 3803/4799
f 3799/4800 3782/4778 3781/4781 3798/4801
f 5097/4782 5101/4802 3791/4803 3774/4783
f 3803/4804 3786/4784 3787/4787 3804/4805
f 3798/4801 3781/4781 3780/4789 3797/4806
f 3804/4805 3787/4787 3777/4765 3794/4807
f 3797/4806 3780/4789 3779/4791 3796/4808
f 3789/4796 3772/4773 3782/4778 3799/4800
f 3796/4808 3779/4791 3783/4762 3800/4809
f 3775/4792 3792/4810 3793/4811 3776/4764
f 3788/4760 3805/4812 3801/4813 3784/4761
f 3800/4809 3783/4762 3784/4761 3801/4813
f 3776/4764 3793/4811 3794/4807 3777/4765
f 4250/4814 3802/4794 3803/4799 4251/4815
f 4245/4816 3799/4800 3798/4801 4244/4817
f 4251/4818 3803/4804 3804/4805 4249/4819
f 4244/4817 3798/4801 3797/4806 4243/4820
f 4249/4819 3804/4805 3794/4807 4235/4821
f 4243/4820 3797/4806 3796/4808 4234/4822
f 4241/4823 3789/4796 3799/4800 4245/4816
f 4234/4822 3796/4808 3800/4809 4247/4824
f 4247/4824 3800/4809 3801/4813 4246/4825
f 4232/4826 3830/4793 3802/4794 4250/4814
f 4236/4827 3795/4795 3789/4796 4241/4823
f 5069/4828 5070/4829 3644/4830 4215/4831
f 5145/4628 3641/4627 3666/4565 5146/4515
f 5195/4496 3823/4495 3683/4642 5203/4641
f 5178/4832 3661/4833 3660/4459 5179/4458
f 5166/4497 3669/4500 3812/4478 5165/4834
f 5021/4835 5039/4836 3806/4837 4229/4838
f 5182/4461 3659/4460 3658/4610 5181/4397
f 5167/4665 3636/4575 3661/4833 5178/4832
f 5003/4839 4268/4840 3586/4841 4994/4842
f 5169/4400 3662/4399 3663/4499 5170/4498
f 5252/4645 3719/4648 3709/4843 5246/4844
f 5200/4535 3670/4534 3680/4634 5199/4633
f 5283/4845 5100/4846 3722/4847 5267/4848
f 4822/4849 4203/4850 3583/4851 4827/4852
f 5284/4853 5263/4854 3744/4855 5132/4856
f 5287/4857 3754/4858 3817/4859 5304/4860
f 3788/4760 3771/4727 3818/4861 3819/4862
f 3805/4812 3788/4760 3819/4862 3820/4863
f 4248/4864 3805/4812 3820/4863 4233/4865
f 5260/4866 5124/4867 3710/4450 5253/4449
f 5194/4868 3677/4869 3681/4630 5198/4629
f 5197/4594 3678/4593 3677/4869 5194/4868
f 4855/4870 4859/4871 3581/4678 4196/4677
f 5088/4872 4199/4873 3578/4874 5090/4875
f 5304/4860 3817/4859 3827/4735 5286/4734
f 3819/4862 3818/4861 3828/4767 3829/4766
f 3820/4863 3819/4862 3829/4766 3830/4793
f 4233/4865 3820/4863 3830/4793 4232/4826
f 5040/4876 5022/4877 3775/4792 3758/4723
f 5306/4878 5066/4879 3740/4880 5298/4881
f 5282/4882 5053/4883 3723/4884 5264/4885
f 5071/4886 5050/4887 3832/4888 3831/4889
f 5305/4890 5037/4891 3833/4892 5285/4893
f 5022/4877 5028/4894 3792/4810 3775/4792
f 5050/4887 5058/4895 3810/4896 3832/4888
f 4925/4897 4930/4898 3577/4899 4200/4900
f 4442/4901 4133/4902 4136/4903 4448/4904
f 4800/4905 3839/4906 3840/4907 4797/4908
f 4798/4909 3836/4910 3862/4911 4807/4912
f 4446/4913 4139/4914 4140/4915 4435/4916
f 5044/4917 5041/4918 4135/4919 4436/4920
f 4438/4921 4134/4922 4129/4923 4416/4924
f 4416/4925 4129/4926 4126/4927 4418/4928
f 4419/4929 4130/4930 4134/4922 4438/4921
f 4797/4908 3840/4907 3836/4910 4798/4909
f 5137/4931 5130/4932 4130/4930 4419/4929
f 5106/4933 5099/4934 4128/4935 4422/4936
f 4435/4916 4140/4915 4144/4937 4458/4938
f 4454/4939 4125/4940 4138/4941 4456/4942
f 4448/4904 4136/4903 4125/4940 4454/4939
f 4455/4943 4137/4944 4139/4914 4446/4913
f 4801/4945 3931/4946 3838/4947 4803/4948
f 4803/4949 3838/4950 3839/4906 4800/4905
f 4418/4928 4126/4927 4133/4902 4442/4901
f 4456/4942 4138/4941 4137/4944 4455/4943
f 5075/4951 5068/4952 4127/4953 4426/4954
f 4228/4955 4227/4956 3856/4957 3857/4958
f 4230/4959 4228/4955 3857/4958 3860/4960
f 5141/4617 5143/4674 3664/4387 3822/4618
f 5163/4961 5094/4962 3638/4963 5156/4964
f 4222/4965 4230/4959 3860/4960 3850/4966
f 5214/4967 3824/4968 3700/4553 5226/4552
f 5158/4969 3661/4833 3636/4575 5152/4574
f 5159/4612 3659/4611 3660/4459 5142/4970
f 5255/4971 3728/4583 3729/4581 5249/4589
f 5243/4972 3724/4973 3725/4419 5244/4418
f 4220/4974 4218/4975 3842/4976 3844/4977
f 5241/4457 3714/4456 3713/4978 5251/4979
f 4219/4980 4220/4981 3844/4982 3843/4983
f 4227/4956 4219/4980 3843/4983 3856/4957
f 5258/4984 5053/4985 3834/4431 5242/4430
f 4214/4986 3846/4987 3841/4988 4212/4989
f 5237/4990 3825/4991 3717/4614 5238/4613
f 4231/4992 3847/4993 3853/4994 4216/4995
f 5098/4996 5092/4997 3849/4998 4215/4999
f 5118/5000 5133/5001 3845/5002 4213/5003
f 5070/4829 5057/5004 3906/5005 3644/4830
f 5074/5006 5055/5007 3905/5008 4399/5009
f 5077/5010 5060/5011 3904/5012 4525/5013
f 5076/5014 5061/5015 3903/5016 4471/5017
f 3654/5018 3915/5019 3922/5020 3668/5021
f 4394/5022 3916/5023 3921/5024 4393/5025
f 4543/5026 3917/5027 3920/5028 4544/5029
f 4502/5030 3918/5031 3919/5032 4496/5033
f 3651/4435 3891/5034 3866/5035 3650/4438
f 4385/5036 3892/5037 3865/5038 4398/5039
f 4533/5040 3893/5041 3864/5042 4548/5043
f 4468/5044 3894/5045 3863/5046 4498/5047
f 3668/5021 3922/5020 3874/5048 3811/5049
f 4393/5025 3921/5024 3873/5050 4372/5051
f 4544/5029 3920/5028 3872/5052 4552/5053
f 4496/5033 3919/5032 3871/5054 4507/5055
f 3649/4442 3867/5056 3914/5057 3653/4422
f 4405/5058 3868/5059 3913/5060 4395/5061
f 4555/5062 3869/5063 3912/5064 4556/5065
f 4504/5066 3870/5067 3911/5068 4508/5069
f 3653/4422 3914/5057 3915/5019 3654/4423
f 4395/5061 3913/5060 3916/5023 4394/5022
f 4556/5065 3912/5064 3917/5027 4543/5026
f 4508/5069 3911/5068 3918/5031 4502/5030
f 3821/5070 3875/5071 3907/5072 3655/5073
f 4371/5074 3876/5075 3908/5076 4396/5077
f 4519/5078 3877/5079 3909/5080 4549/5081
f 4474/5082 3878/5083 3910/5084 4497/5085
f 5095/5086 5080/5087 3902/5088 3643/5089
f 5105/5090 5083/5091 3901/5092 4379/5093
f 5108/5094 5086/5095 3900/5096 4524/5097
f 5107/5098 5085/5099 3899/5100 4470/5101
f 5123/5102 5115/5103 3898/5104 3648/5105
f 5136/5106 5116/5107 3897/5108 4377/5109
f 5139/5110 5110/5111 3896/5112 4521/5113
f 5138/5114 5111/5115 3895/5116 4469/5117
f 3648/5105 3898/5104 3886/5118 3642/5119
f 4377/5109 3897/5108 3885/5120 4408/5121
f 4521/5113 3896/5112 3884/5122 4515/5123
f 4469/5117 3895/5116 3883/5124 4466/5125
f 3652/4434 3887/5126 3891/5034 3651/4435
f 4368/5127 3888/5128 3892/5037 4385/5036
f 4517/5129 3889/5130 3893/5041 4533/5040
f 4484/5131 3890/5132 3894/5045 4468/5044
f 3642/4473 3886/5118 3887/5133 3652/4474
f 4408/5121 3885/5120 3888/5134 4368/5135
f 4515/5123 3884/5122 3889/5136 4517/5137
f 4466/5125 3883/5124 3890/5138 4484/5139
f 5039/4836 5031/5140 3879/5141 3806/4837
f 5043/5142 5032/5143 3880/5144 4380/5145
f 5046/5146 5030/5147 3881/5148 4528/5149
f 5045/5150 5029/5151 3882/5152 4467/5153
f 3811/5049 3874/5048 3875/5071 3821/5070
f 4372/5051 3873/5050 3876/5075 4371/5074
f 4552/5053 3872/5052 3877/5079 4519/5078
f 4507/5055 3871/5054 3878/5083 4474/5082
f 3650/4438 3866/5035 3867/5056 3649/4442
f 4398/5039 3865/5038 3868/5059 4405/5058
f 4548/5043 3864/5042 3869/5063 4555/5062
f 4498/5047 3863/5046 3870/5067 4504/5066
f 4816/5154 4532/5155 3929/5156 4793/5157
f 4807/4912 3862/4911 3927/5158 4794/5159
f 4814/5160 4480/5161 3930/5162 4792/5163
f 4810/5164 4382/5165 3928/5166 4795/5167
f 4813/5168 4483/5169 3934/5170 4804/5171
f 4809/5172 4384/5173 3932/5174 4802/5175
f 4805/5176 4341/5177 4151/5178 4796/5179
f 4802/5175 3932/5174 3931/4946 4801/4945
f 4815/5180 4534/5181 3933/5182 4806/5183
f 5015/5184 4557/5185 4005/5186 4999/5187
f 4964/5188 5433/5189 5425/5190 4959/5191
f 4952/5192 4550/5193 4003/5194 4920/5195
f 4918/5196 4551/5197 4002/5198 4889/5199
f 4884/5200 4553/5201 4001/5202 4854/5203
f 4958/5204 4195/5205 3621/5206 4969/5207
f 4997/5208 4006/5209 4012/5210 5004/5211
f 4981/5212 5418/5213 5423/5214 4954/5215
f 4926/5216 4008/5217 4014/5218 4922/5219
f 4892/5220 4009/5221 4015/5222 4887/5223
f 4852/5224 4010/5225 4016/5226 4861/5227
f 5005/5228 4339/5229 4142/5230 5000/5231
f 4955/5232 5386/5233 5390/5234 4957/5235
f 4940/5236 4340/5237 4143/5238 4934/5239
f 4903/5240 4336/5241 4155/5242 4896/5243
f 4868/5244 4334/5245 4154/5246 4864/5247
f 4850/5248 4518/5249 4000/5250 4818/5251
f 5009/5252 4409/5253 4006/5209 4997/5208
f 4968/5254 5328/5255 5435/5256 4967/5257
f 4946/5258 4367/5259 4008/5217 4926/5216
f 4912/5260 4370/5261 4009/5221 4892/5220
f 4878/5262 4376/5263 4010/5225 4852/5224
f 4819/5264 4011/5265 4017/5266 4830/5267
f 5013/5268 4505/5269 3994/5270 4996/5271
f 4977/5272 5410/5273 5386/5233 4955/5232
f 4950/5274 4501/5275 3996/5276 4941/5277
f 4916/5278 4499/5279 3997/5280 4907/5281
f 4882/5282 4503/5283 3998/5284 4874/5285
f 4837/5286 4335/5287 4152/5288 4831/5289
f 5008/5290 4397/5291 3939/5292 4990/5293
f 4945/5294 4402/5295 3937/5296 4932/5297
f 4911/5298 4401/5299 3936/5300 4898/5301
f 4877/5302 4407/5303 3837/5304 4863/5305
f 4844/5306 4375/5307 4011/5265 4819/5264
f 5011/5308 4457/5309 4131/5310 5006/5311
f 4286/5312 3634/5313 3610/5314 4283/5315
f 4886/5316 4189/5317 3628/5318 4906/5319
f 4848/5320 4500/5321 3999/5322 4841/5323
f 5012/5324 4488/5325 3982/5326 4988/5327
f 4949/5328 4486/5329 3984/5330 4929/5331
f 4915/5332 4485/5333 3985/5334 4891/5335
f 4881/5336 4481/5337 3986/5338 4857/5339
f 4843/5340 4374/5341 3861/5342 4823/5343
f 4989/5344 3975/5345 3976/5346 4983/5347
f 4980/5348 5416/5349 5404/5350 4973/5351
f 4928/5352 3973/5353 3978/5354 4927/5355
f 4893/5356 3972/5357 3979/5358 4894/5359
f 4860/5360 3971/5361 3980/5362 4858/5363
f 5014/5364 4542/5365 3964/5366 4985/5367
f 4951/5368 4546/5369 3966/5370 4936/5371
f 4917/5372 4545/5373 3967/5374 4902/5375
f 4883/5376 4547/5377 3968/5378 4867/5379
f 4847/5380 4482/5381 3987/5382 4825/5383
f 4993/5384 3958/5385 3945/5386 4991/5387
f 4961/5388 5427/5389 5394/5390 4960/5391
f 4933/5392 3960/5393 3943/5394 4935/5395
f 4900/5396 3961/5397 3942/5398 4897/5399
f 4866/5400 3962/5401 3941/5402 4862/5403
f 4829/5404 3970/5405 3981/5406 4828/5407
f 5004/5211 4012/5210 3958/5408 4993/5409
f 4971/5410 5402/5411 5431/5412 4963/5413
f 4922/5219 4014/5218 3960/5414 4933/5415
f 4887/5223 4015/5222 3961/5416 4900/5417
f 4861/5227 4016/5226 3962/5418 4866/5419
f 4849/5420 4522/5421 3969/5422 4826/5423
f 4995/5424 3946/5425 3957/5426 4984/5427
f 4957/5235 5390/5234 5402/5428 4971/5429
f 4931/5430 3948/5431 3955/5432 4942/5433
f 4899/5434 3949/5435 3954/5436 4908/5437
f 4865/5438 3950/5439 3953/5440 4873/5441
f 4835/5442 3963/5443 3940/5444 4832/5445
f 4984/5427 3957/5426 3975/5345 4989/5344
f 4965/5446 5396/5447 5439/5448 4972/5449
f 4942/5433 3955/5432 3973/5353 4928/5352
f 4908/5437 3954/5436 3972/5357 4893/5356
f 4873/5441 3953/5440 3971/5361 4860/5360
f 4830/5267 4017/5266 3963/5450 4835/5451
f 4991/5387 3945/5386 3946/5425 4995/5424
f 4972/5449 5439/5448 5427/5389 4961/5388
f 4935/5395 3943/5394 3948/5431 4931/5430
f 4897/5399 3942/5398 3949/5435 4899/5434
f 4862/5403 3941/5402 3950/5439 4865/5438
f 4833/5452 3951/5453 3952/5454 4839/5455
f 4271/5456 3609/5457 3632/5458 4284/5459
f 4780/5460 4293/5461 4161/5462 4774/5463
f 4688/5464 4292/5465 4165/5466 4685/5467
f 6257/5468 4612/4034 4270/4024 6248/5469
f 4782/5470 4386/5471 4077/5472 4765/5473
f 6250/5474 4392/5475 4076/5476 6260/5477
f 6080/5478 2474/5479 4148/5480 6056/5481
f 4591/5482 4595/5483 4573/5484 4578/5485
f 4690/5486 4389/5487 4075/5488 4678/5489
f 4411/5490 4390/5491 4074/5492 4302/5493
f 5007/5494 4992/5495 3612/5496 4278/5497
f 4762/5498 4078/5499 4054/5500 4775/5501
f 6240/5502 4079/5503 4053/5504 6264/5505
f 4730/5506 4429/5507 4085/3200 6059/3199
f 4596/5508 4604/5509 4580/5510 4576/5511
f 4679/5512 4081/5513 4051/5514 4671/5515
f 4310/5516 4082/5517 4050/5518 4295/5519
f 4766/5520 4060/5521 4078/5499 4762/5498
f 6247/5522 4061/5523 4079/5503 6240/5502
f 4594/5524 4597/5525 4582/5526 4581/5527
f 4675/5528 4063/5529 4081/5513 4679/5512
f 4301/5530 4064/5531 4082/5517 4310/5516
f 4777/5532 4070/5533 4021/5534 4779/5535
f 6242/5536 4071/5537 4020/5538 6261/5539
f 6166/5540 6179/5541 6123/5542 6124/5543
f 4683/5544 4072/5545 4019/5546 4676/5547
f 4306/5548 4073/5549 4018/5550 4298/5551
f 4786/5552 4475/5553 4069/5554 4764/5555
f 6254/5556 4494/5557 4068/5558 6259/5559
f 4727/5560 4495/5561 4067/5562 6057/5563
f 4569/5564 4603/5565 4591/5482 4578/5485
f 4694/5566 4491/5567 4066/5568 4673/5569
f 4510/5570 4489/5571 4065/5572 4299/5573
f 4788/5574 4520/5575 4044/5576 4768/5577
f 6256/5578 4526/5579 4043/5580 6262/5581
f 6058/5582 4028/5583 4033/4020 6061/4023
f 4696/5584 4529/5585 4042/5586 4686/5587
f 4559/5588 4527/5589 4041/5590 4312/5591
f 4769/5592 4031/5593 4070/5533 4777/5532
f 6246/5594 4032/5595 4071/5537 6242/5536
f 6060/5596 4080/5597 4052/5598 6066/5599
f 4577/5600 4586/5601 4607/5602 4601/5603
f 4682/5604 4034/5605 4072/5545 4683/5544
f 4307/5606 4035/5607 4073/5549 4306/5548
f 4975/5608 4956/5609 3605/5610 4291/5611
f 4787/5612 4538/5613 4059/5614 4767/5615
f 6255/5616 4539/5617 4058/5618 6266/5619
f 4731/5620 6065/5621 4046/5622 4440/5623
f 4695/5624 4535/5625 4056/5626 4670/5627
f 4558/5628 4536/5629 4055/5630 4297/5631
f 4781/5632 4400/5633 4060/5521 4766/5520
f 6249/5634 4403/5635 4061/5523 6247/5522
f 4733/5636 4406/5637 4062/5638 6064/5639
f 4597/5525 4641/5640 4640/5641 4582/5526
f 4689/5642 4387/5643 4063/5529 4675/5528
f 4410/5644 4388/5645 4064/5531 4301/5530
f 4775/5646 4054/5647 4030/5648 4770/5649
f 6264/5650 4053/5651 4029/5652 6265/5653
f 6164/3934 6174/5654 6122/5655 6134/3935
f 4671/5656 4051/5657 4027/5658 4684/5659
f 4295/5660 4050/5661 4026/5662 4303/5663
f 5109/5664 4623/5665 4274/5666 5104/5667
f 4776/5668 4346/5669 4150/5670 4772/5671
f 6239/5672 4333/5673 4153/5674 6244/5675
f 4817/5676 4631/5677 4285/5678 4808/5679
f 4592/5680 4596/5508 4576/5511 4579/5681
f 4677/5682 4157/5683 4147/5684 4680/5685
f 4304/5686 4156/5687 4146/5688 4305/5689
f 4785/5690 4479/5691 4039/5692 4773/5693
f 6253/5694 4478/5695 4038/5696 6263/5697
f 6064/5639 4062/5638 4080/5597 6060/5596
f 4693/5698 4493/5699 4037/5700 4687/5701
f 4509/5702 4492/5703 4036/5704 4309/5705
f 4660/5706 4290/5707 4099/5708 4653/5709
f 4272/5710 3608/5711 3607/5712 4279/5713
f 4664/5714 4459/5715 4109/5716 4656/5717
f 4770/5649 4030/5648 4031/5593 4769/5592
f 6265/5653 4029/5652 4032/5595 6246/5594
f 4595/5483 4606/5718 4583/5719 4573/5484
f 4684/5659 4027/5658 4034/5605 4682/5604
f 4303/5663 4026/5662 4035/5607 4307/5606
f 4779/5535 4021/5534 4022/5720 4778/5721
f 6261/5539 4020/5538 4023/5722 6241/5723
f 6088/5724 6047/5725 6046/5726 6089/5727
f 4676/5547 4019/5546 4024/5728 4674/5729
f 4298/5551 4018/5550 4025/5730 4300/5731
f 6248/5469 4270/4024 4162/4027 6245/5732
f 4948/5733 4451/5734 4092/5735 4921/5736
f 4914/5737 4452/5738 4091/5739 4909/5740
f 4880/5741 4453/5742 4090/5743 4875/5744
f 4839/5455 3952/5454 3970/5405 4829/5404
f 4812/5745 4420/5746 4088/5747 4790/5748
f 4784/5749 4424/5750 4087/5751 4763/5752
f 6252/5753 4423/5754 4086/5755 6258/5756
f 4692/5757 4428/5758 4084/5759 4681/5760
f 4461/5761 4427/5762 4083/5763 4311/5764
f 4279/5713 3607/5712 3611/5765 4282/5766
f 4645/5767 4094/5768 4095/5769 4647/5770
f 4649/5771 4096/5772 4097/5773 4655/5774
f 4571/5775 4602/5776 4609/5777 4587/5778
f 4666/5779 4473/5780 4098/5781 4657/5782
f 4652/5783 4158/5784 4145/5785 4651/5786
f 4644/5787 4102/5788 4096/5772 4649/5771
f 4662/5789 4373/5790 4104/5791 4648/5792
f 4668/5793 4523/5794 4103/5795 4643/5796
f 4655/5774 4097/5773 4106/5797 4654/5798
f 4667/5799 4516/5800 4100/5801 4659/5802
f 4665/5803 4472/5804 4105/5805 4646/5806
f 4654/5798 4106/5797 4094/5768 4645/5767
f 4648/5792 4104/5791 4108/5807 4658/5808
f 4658/5808 4108/5807 4102/5809 4644/5810
f 4661/5811 4378/5812 4107/5813 4650/5814
f 4353/5815 4110/5816 4111/5817 4351/5818
f 4359/5819 4112/5820 4113/5821 4355/5822
f 4363/5823 4159/5824 4149/5825 4356/5826
f 4348/5827 4117/5828 4112/5820 4359/5819
f 4415/5829 4381/5830 4119/5831 4352/5832
f 4563/5833 4530/5834 4118/5835 4354/5836
f 4355/5822 4113/5821 4121/5837 4358/5838
f 4514/5839 4476/5840 4120/5841 4350/5842
f 4358/5838 4121/5837 4110/5816 4353/5815
f 4352/5832 4119/5831 4123/5843 4357/5844
f 4357/5844 4123/5843 4117/5845 4348/5846
f 4414/5847 4383/5848 4122/5849 4366/5850
f 4963/5413 5431/5412 5396/5447 4965/5446
f 4313/4356 4280/4355 4040/5851 4308/5852
f 4283/5315 3610/5314 3609/5853 4271/4372
f 5135/5854 5126/5855 3634/5313 4286/5312
f 5042/5856 5018/5857 3604/5858 4275/5859
f 5104/5860 5081/5861 3631/5862 4276/5863
f 5073/5864 5049/5865 3606/5866 4274/5867
f 4944/4360 4281/4359 3627/5868 4939/5869
f 4808/5679 4285/5678 4160/5870 4799/5871
f 6061/4023 6087/4022 4071/5537 4032/5595
f 4284/5459 3632/5458 3608/5711 4272/5710
f 4139/4914 4342/5872 4338/5873 4140/4915
f 4137/4944 4344/5874 4342/5872 4139/4914
f 4138/4941 4347/5875 4344/5874 4137/4944
f 4125/4940 4343/5876 4347/5875 4138/4941
f 5010/5877 4998/5878 3910/5879 4458/5880
f 4978/5881 4970/5882 3993/5883 4441/5884
f 4140/4915 4338/5873 4337/5885 4144/4937
f 4947/5886 4924/5887 3992/5888 4445/5889
f 4460/5890 4296/5891 4101/5892 4432/5893
f 4361/4348 4269/4347 4164/5894 4360/5895
f 4663/5896 4642/5897 4048/5898 4437/5899
f 4715/5900 4706/5901 4047/5902 4434/5903
f 4691/5904 4672/5905 4116/5906 4417/5907
f 4599/5908 4567/5909 4585/5910 4608/5911
f 4783/5912 4771/5913 3935/5914 4439/5915
f 4755/5916 4742/5917 4045/5918 4444/5919
f 4811/5920 4791/5921 3988/5922 4447/5923
f 4879/5924 4856/5925 3990/5926 4431/5927
f 4846/5928 4425/5929 4089/5930 4840/5931
f 4913/5932 4890/5933 3991/5934 4449/5935
f 5047/5936 4625/5937 4278/5938 5042/5939
f 5016/5940 4636/5941 4291/5942 5007/5943
f 4616/5944 4621/5945 4271/5456 4284/5459
f 4630/4370 4632/5946 4286/5312 4283/4371
f 4919/5947 4633/5948 4287/5949 4910/5950
f 4622/5951 4616/5944 4284/5459 4272/5710
f 4626/5952 4622/5951 4272/5710 4279/5713
f 3575/4652 4719/4651 4722/5953 4168/4686
f 4669/5954 4617/5955 4290/5707 4660/5706
f 4697/5956 4618/5957 4292/5465 4688/5464
f 4629/5958 4626/5952 4279/5713 4282/5766
f 6055/4025 4294/5959 4163/5960 6063/4026
f 4979/5961 5414/5962 5429/5963 4962/5964
f 5140/5965 4615/5966 4276/5967 5135/5968
f 4789/5969 4619/5970 4293/5461 4780/5460
f 4832/5445 3940/5444 3951/5453 4833/5452
f 3571/4608 3573/4682 4173/4687 4169/4605
f 5096/4264 3588/4263 4180/5971 5103/5972
f 5103/5972 4180/5971 3606/5973 5081/5974
f 4192/5975 4184/5976 3607/5977 3611/5978
f 3617/5979 4174/4661 4170/4664 4167/5980
f 3614/5981 3613/5982 4172/4606 4169/4605
f 3616/4376 3620/4375 4173/4687 4168/4686
f 3613/5982 3633/5983 4171/4684 4172/4606
f 4845/5984 4824/5985 3989/5986 4430/5987
f 5119/4656 3576/4655 4256/4274 5112/4273
f 4859/4871 4853/5988 4261/5989 3581/4678
f 4834/4266 4821/5990 4178/4306 3587/4267
f 4895/4679 3581/4678 4261/5989 4904/4285
f 4966/4270 4974/5991 4186/5992 3602/4271
f 5127/4276 3591/4275 4182/5993 5134/5994
f 5067/4280 3589/4279 4179/4312 5072/5995
f 4827/4852 3583/4851 4257/5996 4820/5997
f 5090/4875 3578/4874 4254/4262 5087/4261
f 4930/4898 4923/5998 4255/5999 3577/4899
f 4910/5950 4287/5949 3628/6000 4906/6001
f 5072/5995 4179/4312 3604/6002 5049/6003
f 5134/5994 4182/5993 3631/6004 5126/6005
f 4925/4897 4200/4900 3622/6006 4938/6007
f 4855/6008 4870/6009 3625/4329 4197/4328
f 5018/6010 3604/6002 4179/4312 5017/4311
f 4871/6011 4872/4303 4178/4306 4166/6012
f 3610/4337 3609/4340 4177/4339 4176/4338
f 4838/6013 4166/6012 4178/4306 4821/5990
f 4992/6014 3612/6015 4187/4308 5002/4307
f 3608/4334 3607/5977 4184/5976 4191/4331
f 4939/6016 3626/6017 4181/4316 4943/4315
f 3611/5978 4211/6018 4723/4324 4192/5975
f 4956/6019 3605/6020 4186/5992 4974/5991
f 4994/4842 3586/4841 4194/4366 4987/4365
f 3594/4284 3597/4283 4184/4320 4192/4323
f 3569/4663 3572/4659 4171/4684 4170/4664
f 4901/4288 3599/4287 4189/5317 4886/5316
f 3596/4292 3595/4291 4190/4332 4191/4319
f 3595/4291 3593/4294 4177/4300 4190/4332
f 5527/4296 5529/4335 4176/4338 3592/4297
f 4905/6021 3624/6022 4196/4677 4888/4676
f 5054/6023 3619/4363 4198/4362 5059/4257
f 5084/6024 3618/6025 4199/4873 5088/4872
f 5129/6026 3630/6027 4201/4654 5120/4653
f 5034/4255 3580/4254 4198/4258 5020/4361
f 4982/6028 5420/6029 5406/6030 4975/6031
f 4210/6032 3617/5979 4167/5980 4207/6033
f 4171/4684 3633/5983 4167/5980 4170/4664
f 4205/6034 4206/6035 3613/5982 3614/5981
f 4722/5953 4721/6036 3616/4376 4168/4686
f 3633/5983 4208/6037 4207/6033 4167/5980
f 4721/6036 4724/6038 4204/4373 3616/4376
f 3620/4375 4209/4374 4205/6034 3614/5981
f 4173/4687 3620/4375 3614/5981 4169/4605
f 4206/6035 4208/6037 3633/5983 3613/5982
f 5123/6039 5118/6040 4213/6041 3643/6042
f 5095/6043 5098/6044 4215/4831 3644/4830
f 3645/6045 4231/6046 4216/4440 3646/4441
f 3642/4473 4214/4472 4212/6047 3648/5105
f 3821/5070 3655/5073 4219/6048 4227/6049
f 3655/5073 3656/6050 4220/6051 4219/6048
f 3656/6052 3657/4411 4218/4410 4220/6053
f 3654/5018 3668/5021 4230/6054 4222/4424
f 3668/5021 3811/5049 4228/6055 4230/6054
f 3811/5049 3821/5070 4227/6049 4228/6055
f 5036/6056 5021/6057 4229/6058 3858/6059
f 5064/6060 5069/6061 4215/4999 3849/4998
f 3846/4987 4214/4986 4225/6062 3854/6063
f 3851/4550 4223/6064 4221/6065 3848/4551
f 3852/6066 4224/6067 4223/6064 3851/4550
f 3853/4994 3859/6068 4217/6069 4216/4995
f 3855/6070 4226/6071 4224/6067 3852/6066
f 3854/4454 4225/6062 4226/6071 3855/4455
f 3848/4551 4221/6065 4222/4965 3850/4573
f 3859/6068 3842/4976 4218/4975 4217/6069
f 5058/4895 5048/6072 4242/6073 3810/4896
f 5028/4894 5019/6074 4240/6075 3792/4810
f 5131/4797 5117/6076 4237/6077 3790/4798
f 3793/4811 4239/6078 4235/4821 3794/4807
f 3805/4812 4248/4864 4246/4825 3801/4813
f 3792/4810 4240/6075 4239/6078 3793/4811
f 5101/4802 5079/6079 4238/6080 3791/4803
f 3574/4662 4266/4295 4263/4298 3569/4663
f 3570/4607 3572/4685 4264/4658 4260/4290
f 3571/4608 3570/4607 4260/4290 4259/4680
f 3592/4297 3593/4301 4264/4293 4263/4298
f 3575/4689 3573/4688 4265/4681 4258/4649
f 4869/4304 4853/6081 4252/4268 3587/4305
f 5001/4310 3601/4309 4268/4840 5003/4839
f 5038/4314 3589/4313 4253/4278 5024/4252
f 4937/4318 3590/4317 4255/5999 4923/5998
f 3596/4292 3597/4321 4265/4282 4259/4289
f 3594/4284 4720/4325 4725/4650 4258/4281
f 6084/3684 2425/6082 5610/6083 2971/4030
f 5063/4260 3580/4259 4253/4253 5056/4277
f 4838/6084 4842/4344 4273/4343 3629/6085
f 4871/6086 4876/4352 4289/4351 4166/6087
f 3611/5765 4211/6088 4288/6089 4282/5766
f 4629/5958 4282/5766 4288/6089 4634/6090
f 5212/6091 5189/6092 3693/4599 5113/4598
f 4433/6093 4049/6094 4296/5891 4460/5890
f 4290/5707 4313/4356 4308/5852 4099/5708
f 4459/5715 4461/5761 4311/5764 4109/5716
f 4094/5768 4298/5551 4300/5731 4095/5769
f 4096/5772 4303/5663 4307/5606 4097/5773
f 4473/5780 4509/5702 4309/5705 4098/5781
f 4158/5784 4304/5686 4305/5689 4145/5785
f 4102/5788 4295/5660 4303/5663 4096/5772
f 4373/5790 4410/5644 4301/5530 4104/5791
f 4523/5794 4558/5628 4297/5631 4103/5795
f 4097/5773 4307/5606 4306/5548 4106/5797
f 4516/5800 4559/5588 4312/5591 4100/5801
f 4472/5804 4510/5570 4299/5573 4105/5805
f 4106/5797 4306/5548 4298/5551 4094/5768
f 4104/5791 4301/5530 4310/5516 4108/5807
f 4108/5807 4310/5516 4295/5519 4102/5809
f 4378/5812 4411/5490 4302/5493 4107/5813
f 4617/5955 4637/4353 4313/4356 4290/5707
f 4018/5550 4314/6095 4315/6096 4025/5730
f 4427/5762 4462/6097 4329/6098 4083/5763
f 4627/4354 4638/6099 4332/6100 4280/4355
f 4489/5571 4511/6101 4325/6102 4065/5572
f 4527/5589 4560/6103 4320/6104 4041/5590
f 4050/5661 4322/6105 4316/6106 4026/5662
f 4156/5687 4331/6107 4330/6108 4146/5688
f 4073/5549 4326/6109 4314/6095 4018/5550
f 4536/5629 4561/6110 4323/6111 4055/5630
f 4492/5703 4512/6112 4318/6113 4036/5704
f 4390/5491 4413/6114 4327/6115 4074/5492
f 4064/5531 4324/6116 4328/6117 4082/5517
f 4082/5517 4328/6117 4322/6118 4050/5518
f 4026/5662 4316/6106 4317/6119 4035/5607
f 4035/5607 4317/6119 4326/6109 4073/5549
f 4388/5645 4412/6120 4324/6116 4064/5531
f 4433/6093 4463/6121 4321/6122 4049/6094
f 4280/4355 4332/6100 4319/6123 4040/5851
f 4605/6124 4703/6125 4717/6126 4610/6127
f 4562/6128 4531/6129 4115/6130 4364/6131
f 4566/6132 4590/6133 4562/6128 4364/6131
f 4601/5603 4607/5602 4715/6134 4699/6135
f 6187/6136 6185/6137 6152/6138 6117/6139
f 4715/6134 4607/5602 4593/6140 4706/5901
f 6194/6141 6189/6142 6098/6143 6108/6144
f 4602/5776 4700/6145 4716/6146 4609/5777
f 6165/3939 6170/6147 6160/6148 6159/3940
f 6168/6149 6172/6150 6128/6151 6135/6152
f 4599/5908 4608/5911 4714/6153 4712/6154
f 4707/6155 4710/6156 4597/5525 4594/5524
f 6186/6157 6184/3972 6150/3973 6151/6158
f 4709/6159 4702/6160 4604/5509 4596/5508
f 4601/5603 4699/6135 2951/6161 2853/6162
f 4604/5509 4702/6160 4701/6163 4603/6164
f 4713/6165 4703/6125 4605/6124 4606/6166
f 6175/6167 6166/5540 6124/5543 6132/6168
f 4576/5511 4355/5822 4358/5838 4579/5681
f 6167/3854 6168/6149 6135/6152 6137/3855
f 4579/5681 4358/5838 4353/5815 4574/6169
f 4704/6170 4708/6171 4595/5483 4591/5482
f 4603/5565 4701/6172 4704/6170 4591/5482
f 4465/6173 4362/6174 4565/6175 4585/6176
f 4589/6177 4563/5833 4354/5836 4575/6178
f 4584/6179 4414/5847 4366/5850 4568/6180
f 4607/5602 4586/5601 4570/6181 4593/6140
f 4578/5485 4357/5844 4348/5846 4569/5564
f 4573/5484 4352/5832 4357/5844 4578/5485
f 4572/6182 4351/6183 4414/5847 4584/6179
f 4575/6178 4605/6124 4610/6127 4589/6177
f 4570/6184 4349/6185 4514/6186 4587/6187
f 4598/6188 4565/6189 4640/5641 4641/5640
f 4582/5526 4361/4348 4360/5895 4581/5527
f 4569/6190 4348/5827 4359/5819 4580/6191
f 4564/6192 4363/5823 4356/5826 4577/6193
f 4580/5510 4359/5819 4355/5822 4576/5511
f 4711/6194 4598/6188 4641/5640 4718/6195
f 4710/6156 4718/6195 4641/5640 4597/5525
f 4417/5907 4116/5906 4349/6196 4464/6197
f 4477/6198 4114/6199 4365/6200 4513/6201
f 4421/6202 4465/6203 4365/6200 4114/6199
f 4583/5719 4415/5829 4352/5832 4573/5484
f 6185/6137 6186/6157 6151/6158 6152/6138
f 4716/6146 4706/5901 4593/6140 4609/5777
f 4717/6126 4700/6145 4602/5776 4610/6127
f 4055/5630 4323/6111 4412/6120 4388/5645
f 4025/5730 4315/6096 4413/6114 4390/5491
f 4095/5769 4300/5731 4411/5490 4378/5812
f 4103/5795 4297/5631 4410/5644 4373/5790
f 4351/5818 4111/5817 4383/5848 4414/5847
f 4354/5836 4118/5835 4381/5830 4415/5829
f 4647/5770 4095/5769 4378/5812 4661/5811
f 4643/5796 4103/5795 4373/5790 4662/5789
f 4297/5631 4055/5630 4388/5645 4410/5644
f 4670/5627 4056/5626 4387/5643 4689/5642
f 4708/6171 4713/6165 4606/6166 4595/5483
f 6266/5619 4058/5618 4403/4040 6249/5634
f 4767/5615 4059/5614 4400/5633 4781/5632
f 2973/3202 4620/3201 4294/5959 6055/4025
f 4300/5731 4025/5730 4390/5491 4411/5490
f 4674/5729 4024/5728 4389/5487 4690/5486
f 4606/5718 4605/6124 4575/6178 4583/5719
f 6241/5723 4023/5722 4392/5475 6250/5474
f 4778/5721 4022/5720 4386/5471 4782/5470
f 4828/5407 3981/5406 4374/5341 4843/5340
f 4818/5251 4000/5250 4375/5307 4844/5306
f 4858/5363 3980/5362 4407/5303 4877/5302
f 4894/5359 3979/5358 4401/5299 4911/5298
f 4927/5355 3978/5354 4402/5295 4945/5294
f 4958/6204 5392/6205 5433/5189 4964/5188
f 4983/5347 3976/5346 4397/5291 5008/5290
f 4854/5203 4001/5202 4376/5263 4878/5262
f 4889/5199 4002/5198 4370/5261 4912/5260
f 4920/5195 4003/5194 4367/5259 4946/5258
f 4960/5391 5394/5390 5408/6206 4976/6207
f 4999/5187 4005/5186 4409/5253 5009/5252
f 4806/5183 3933/5182 4384/5173 4809/5172
f 4794/5159 3927/5158 4382/5165 4810/5164
f 3866/5035 4398/5039 4405/5058 3867/5056
f 3874/5048 4372/5051 4371/5074 3875/5071
f 5031/5140 5043/5142 4380/5145 3879/5141
f 3886/5118 4408/5121 4368/5135 3887/5133
f 3887/5126 4368/5127 4385/5036 3891/5034
f 3898/5104 4377/5109 4408/5121 3886/5118
f 5115/5103 5136/5106 4377/5109 3898/5104
f 5080/5087 5105/5090 4379/5093 3902/5088
f 3875/5071 4371/5074 4396/5077 3907/5072
f 3914/5057 4395/5061 4394/5022 3915/5019
f 3867/5056 4405/5058 4395/5061 3914/5057
f 3922/5020 4393/5025 4372/5051 3874/5048
f 3891/5034 4385/5036 4398/5039 3866/5035
f 3915/5019 4394/5022 4393/5025 3922/5020
f 5057/5004 5074/5006 4399/5009 3906/5005
f 4124/6208 4362/6174 4465/6173 4421/6202
f 4149/5825 4417/5907 4464/6197 4356/5826
f 4609/5777 4593/6140 4570/6181 4587/5778
f 6192/6209 6188/6210 6099/6211 6119/6212
f 6173/6213 6169/3933 6126/3936 6130/6214
f 4588/6215 4566/6132 4364/6131 4513/6216
f 6170/6147 6171/3853 6141/3856 6160/6148
f 4146/5688 4330/6108 4463/6121 4433/6093
f 4036/5704 4318/6113 4462/6097 4427/5762
f 4098/5781 4309/5705 4461/5761 4459/5715
f 4146/5688 4433/6093 4460/5890 4305/5689
f 4831/6217 4845/5984 4430/5987 4154/6218
f 4896/6219 4913/5932 4449/5935 4143/6220
f 4825/5383 3987/5382 4425/5929 4846/5928
f 4864/6221 4879/5924 4431/5927 4155/6222
f 4796/6223 4811/5920 4447/5923 4152/6224
f 4743/6225 4755/5916 4444/5919 4150/6226
f 4772/6227 4783/5912 4439/5915 4151/6228
f 4610/6127 4602/5776 4571/5775 4589/6177
f 4680/6229 4691/5904 4417/5907 4149/5825
f 4699/6135 4715/6134 4434/5903 4148/6230
f 4651/6231 4663/5896 4437/5899 4147/6232
f 4305/5689 4460/5890 4432/5893 4145/5785
f 4934/6233 4947/5886 4445/5889 4141/6234
f 4967/6235 4978/5881 4441/5884 4142/6236
f 5000/6237 5010/5877 4458/5880 4144/4937
f 4309/5705 4036/5704 4427/5762 4461/5761
f 4687/5701 4037/5700 4428/5758 4692/5757
f 6263/5697 4038/5696 4423/4044 6252/5753
f 4773/5693 4039/5692 4424/5750 4784/5749
f 4792/5163 3930/5162 4420/5746 4812/5745
f 4857/5339 3986/5338 4453/5742 4880/5741
f 4891/5335 3985/5334 4452/5738 4914/5737
f 4929/5331 3984/5330 4451/5734 4948/5733
f 4657/5782 4098/5781 4459/5715 4664/5714
f 6062/4038 4057/6238 4406/5637 4733/4039
f 4988/5327 3982/5326 4457/5309 5011/5308
f 5061/5015 5075/4951 4426/4954 3903/5016
f 3918/5031 4456/4942 4455/4943 3919/5032
f 3894/5045 4418/4928 4442/4901 3863/5046
f 3919/5032 4455/4943 4446/4913 3871/5054
f 3870/5067 4448/4904 4454/4939 3911/5068
f 3911/5068 4454/4939 4456/4942 3918/5031
f 3878/5083 4435/4916 4458/4938 3910/5084
f 5085/5099 5106/4933 4422/4936 3899/5100
f 5111/5115 5137/4931 4419/4929 3895/5116
f 3895/5116 4419/4929 4438/4921 3883/5124
f 3890/5132 4416/4925 4418/4928 3894/5045
f 3883/5124 4438/4921 4416/4924 3890/5138
f 5029/5151 5044/4917 4436/4920 3882/5152
f 3871/5054 4446/4913 4435/4916 3878/5083
f 3863/5046 4442/4901 4448/4904 3870/5067
f 4587/5778 4514/6186 4350/5842 4571/5775
f 4115/6130 4477/6198 4513/6201 4364/6131
f 4600/6239 4698/6240 4705/6241 4592/6242
f 4464/6197 4349/6196 4570/6184 4586/5601
f 6196/6243 6187/6136 6117/6139 6113/6244
f 4041/5590 4320/6104 4512/6112 4492/5703
f 4049/6094 4321/6122 4511/6101 4489/5571
f 4101/5892 4296/5891 4510/5570 4472/5804
f 4100/5801 4312/5591 4509/5702 4473/5780
f 4349/6196 4116/5906 4476/5840 4514/6186
f 4642/6245 4101/5892 4472/5804 4665/5803
f 4659/5802 4100/5801 4473/5780 4666/5779
f 4312/5591 4041/5590 4492/5703 4509/5702
f 4686/5587 4042/5586 4493/5699 4693/5698
f 6262/5581 4043/5580 4478/5695 6253/5694
f 4768/5577 4044/5576 4479/5691 4785/5690
f 4296/5891 4049/6094 4489/5571 4510/5570
f 4672/6246 4048/6247 4491/5567 4694/5566
f 6243/6248 4046/6249 4494/5557 6254/5556
f 4771/6250 4045/6251 4475/5553 4786/5552
f 6089/5727 6046/5726 4429/5507 4730/4043
f 4826/5423 3969/5422 4482/5381 4847/5380
f 4867/5379 3968/5378 4481/5337 4881/5336
f 4902/5375 3967/5374 4485/5333 4915/5332
f 4936/5371 3966/5370 4486/5329 4949/5328
f 4985/5367 3964/5366 4488/5325 5012/5324
f 4824/6252 3988/6253 4500/5321 4848/5320
f 4856/6254 3989/6255 4503/5283 4882/5282
f 4890/6256 3990/6257 4499/5279 4916/5278
f 4924/6258 3991/6259 4501/5275 4950/5274
f 4954/5215 5423/5214 5410/5273 4977/5272
f 4998/6260 3993/6261 4505/5269 5013/5268
f 4791/6262 3935/6263 4483/5169 4813/5168
f 4793/5157 3929/5156 4480/5161 4814/5160
f 3864/5042 4498/5047 4504/5066 3869/5063
f 3872/5052 4507/5055 4474/5082 3877/5079
f 5030/5147 5045/5150 4467/5153 3881/5148
f 3884/5122 4466/5125 4484/5139 3889/5136
f 3889/5130 4484/5131 4468/5044 3893/5041
f 3896/5112 4469/5117 4466/5125 3884/5122
f 5110/5111 5138/5114 4469/5117 3896/5112
f 5086/5095 5107/5098 4470/5101 3900/5096
f 3877/5079 4474/5082 4497/5085 3909/5080
f 3912/5064 4508/5069 4502/5030 3917/5027
f 3869/5063 4504/5066 4508/5069 3912/5064
f 3920/5028 4496/5033 4507/5055 3872/5052
f 3893/5041 4468/5044 4498/5047 3864/5042
f 3917/5027 4502/5030 4496/5033 3920/5028
f 5060/5011 5076/5014 4471/5017 3904/5012
f 4640/5641 4639/4345 4361/4348 4582/5526
f 4705/6241 4709/6159 4596/5508 4592/6242
f 4571/5775 4350/5842 4563/5833 4589/6177
f 4366/5850 4122/5849 4531/6129 4562/6128
f 4065/5572 4325/6102 4561/6110 4536/5629
f 4074/5492 4327/6115 4560/6103 4527/5589
f 4107/5813 4302/5493 4559/5588 4516/5800
f 4105/5805 4299/5573 4558/5628 4523/5794
f 4350/5842 4120/5841 4530/5834 4563/5833
f 4650/5814 4107/5813 4516/5800 4667/5799
f 4646/5806 4105/5805 4523/5794 4668/5793
f 6065/6264 4047/6265 4495/5561 4727/5560
f 4299/5573 4065/5572 4536/5629 4558/5628
f 4673/5569 4066/5568 4535/5625 4695/5624
f 4574/6169 4600/6239 4592/6242 4579/5681
f 6259/5559 4068/5558 4539/5617 6255/5616
f 4764/5555 4069/5554 4538/5613 4787/5612
f 4302/5493 4074/5492 4527/5589 4559/5588
f 4678/5489 4075/5488 4529/5585 4696/5584
f 6260/5477 4076/5476 4526/5579 6256/5578
f 4765/5473 4077/5472 4520/5575 4788/5574
f 4823/5343 3861/5342 4522/5421 4849/5420
f 4863/5305 3837/5304 4547/5377 4883/5376
f 4898/5301 3936/5300 4545/5373 4917/5372
f 4932/5297 3937/5296 4546/5369 4951/5368
f 4990/5293 3939/5292 4542/5365 5014/5364
f 4841/5323 3999/5322 4518/5249 4850/5248
f 4874/5285 3998/5284 4553/5201 4884/5200
f 4907/5281 3997/5280 4551/5197 4918/5196
f 4941/5277 3996/5276 4550/5193 4952/5192
f 4970/6266 5437/6267 5416/5349 4980/5348
f 4996/5271 3994/5270 4557/5185 5015/5184
f 4804/5171 3934/5170 4534/5181 4815/5180
f 4795/5167 3928/5166 4532/5155 4816/5154
f 3865/5038 4548/5043 4555/5062 3868/5059
f 3873/5050 4552/5053 4519/5078 3876/5075
f 5032/5143 5046/5146 4528/5149 3880/5144
f 3885/5120 4515/5123 4517/5137 3888/5134
f 3888/5128 4517/5129 4533/5040 3892/5037
f 3897/5108 4521/5113 4515/5123 3885/5120
f 5116/5107 5139/5110 4521/5113 3897/5108
f 5083/5091 5108/5094 4524/5097 3901/5092
f 3876/5075 4519/5078 4549/5081 3908/5076
f 3913/5060 4556/5065 4543/5026 3916/5023
f 3868/5059 4555/5062 4556/5065 3913/5060
f 3921/5024 4544/5029 4552/5053 3873/5050
f 3892/5037 4533/5040 4548/5043 3865/5038
f 3916/5023 4543/5026 4544/5029 3921/5024
f 5055/5007 5077/5010 4525/5013 3905/5008
f 4568/6180 4366/5850 4562/6128 4590/6133
f 4356/5826 4464/6197 4586/5601 4577/6193
f 4465/6203 4585/6176 4567/5909 4365/6200
f 4567/5909 4588/6215 4513/6216 4365/6200
f 4598/6188 4608/5911 4585/5910 4565/6189
f 4575/6178 4354/5836 4415/5829 4583/5719
f 4574/6169 4353/5815 4351/5818 4572/6182
f 4083/5763 4329/6098 4638/6099 4627/4354
f 4109/5716 4311/5764 4637/4353 4617/5955
f 4125/4940 4629/5958 4634/6090 4343/5876
f 4763/5752 4087/5751 4619/5970 4789/5969
f 5130/6268 4128/6269 4615/5966 5140/5965
f 4973/5351 5404/5350 5418/5213 4981/5212
f 6057/5563 4067/5562 4537/6270 4726/6271
f 4125/4940 4136/4903 4626/5952 4629/5958
f 4681/5760 4084/5759 4618/5957 4697/5956
f 4656/5717 4109/5716 4617/5955 4669/5954
f 4136/4903 4133/4902 4622/5951 4626/5952
f 4133/4902 4126/4927 4616/5944 4622/5951
f 4909/5740 4091/5739 4633/5948 4919/5947
f 4134/4922 4130/4930 4632/5946 4630/4370
f 4126/4927 4129/4926 4621/5945 4616/5944
f 5006/5311 4131/5310 4636/5941 5016/5940
f 5041/6272 4132/6273 4625/5937 5047/5936
f 4790/5748 4088/5747 4631/5677 4817/5676
f 5099/6274 4127/6275 4623/5665 5109/5664
f 6258/5756 4086/5755 4612/4034 6257/5468
f 5068/6276 4135/6277 4614/4378 5078/4377
f 4129/4923 4134/4922 4630/4370 4621/4369
f 4921/5736 4092/5735 4628/4358 4953/4357
f 4311/5764 4083/5763 4627/4354 4637/4353
f 4875/5744 4090/5743 4635/4350 4885/4349
f 4362/6174 4124/6208 4611/4346 4639/4345
f 4840/5931 4089/5930 4613/4342 4851/4341
f 4084/5759 4656/5717 4669/5954 4618/5957
f 4066/5568 4646/5806 4668/5793 4535/5625
f 4075/5488 4650/5814 4667/5799 4529/5585
f 4042/5586 4659/5802 4666/5779 4493/5699
f 4048/6247 4642/5897 4665/5803 4491/5567
f 4037/5700 4657/5782 4664/5714 4428/5758
f 4145/5785 4432/5893 4663/5896 4651/5786
f 4056/5626 4643/5796 4662/5789 4387/5643
f 4024/5728 4647/5770 4661/5811 4389/5487
f 4618/5957 4669/5954 4660/5706 4292/5465
f 4432/5893 4101/5892 4642/6245 4663/5896
f 4389/5487 4661/5811 4650/5814 4075/5488
f 4081/5513 4658/5808 4644/5810 4051/5514
f 4063/5529 4648/5792 4658/5808 4081/5513
f 4072/5545 4654/5798 4645/5767 4019/5546
f 4491/5567 4665/5803 4646/5806 4066/5568
f 4529/5585 4667/5799 4659/5802 4042/5586
f 4034/5605 4655/5774 4654/5798 4072/5545
f 4535/5625 4668/5793 4643/5796 4056/5626
f 4387/5643 4662/5789 4648/5792 4063/5529
f 4051/5657 4644/5787 4649/5771 4027/5658
f 4157/5683 4652/5783 4651/5786 4147/5684
f 4493/5699 4666/5779 4657/5782 4037/5700
f 4027/5658 4649/5771 4655/5774 4034/5605
f 4019/5546 4645/5767 4647/5770 4024/5728
f 4428/5758 4664/5714 4656/5717 4084/5759
f 4292/5465 4660/5706 4653/5709 4165/5466
f 4124/6208 4681/5760 4697/5956 4611/4346
f 4122/5849 4678/5489 4696/5584 4531/6129
f 4120/5841 4673/5569 4695/5624 4530/5834
f 4116/5906 4672/5905 4694/5566 4476/5840
f 4115/6130 4686/5587 4693/5698 4477/6198
f 4114/6199 4687/5701 4692/5757 4421/6202
f 4147/6232 4437/5899 4691/5904 4680/5685
f 4111/5817 4674/5729 4690/5486 4383/5848
f 4118/5835 4670/5627 4689/5642 4381/5830
f 4611/4346 4697/5956 4688/5464 4269/4347
f 4437/5899 4048/5898 4672/6246 4691/5904
f 4421/6202 4692/5757 4681/5760 4124/6208
f 4110/5816 4676/5547 4674/5729 4111/5817
f 4112/5820 4684/5659 4682/5604 4113/5821
f 4477/6198 4693/5698 4687/5701 4114/6199
f 4159/5824 4677/5682 4680/5685 4149/5825
f 4117/5828 4671/5656 4684/5659 4112/5820
f 4381/5830 4689/5642 4675/5528 4119/5831
f 4530/5834 4695/5624 4670/5627 4118/5835
f 4113/5821 4682/5604 4683/5544 4121/5837
f 4531/6129 4696/5584 4686/5587 4115/6130
f 4476/5840 4694/5566 4673/5569 4120/5841
f 4121/5837 4683/5544 4676/5547 4110/5816
f 4119/5831 4675/5528 4679/5512 4123/5843
f 4123/5843 4679/5512 4671/5515 4117/5845
f 4383/5848 4690/5486 4678/5489 4122/5849
f 4269/4347 4688/5464 4685/5467 4164/5894
f 4085/3200 4711/6194 4718/6195 4620/3201
f 4067/5562 4700/6145 4717/6126 4537/6270
f 4047/6265 4706/5901 4716/6146 4495/5561
f 4057/6238 4703/6125 4713/6165 4406/5637
f 4080/5597 4704/6170 4701/6172 4052/5598
f 4062/5638 4708/6171 4704/6170 4080/5597
f 4495/5561 4716/6146 4700/6145 4067/5562
f 4537/6270 4717/6126 4703/6125 4057/6238
f 4406/5637 4713/6165 4708/6171 4062/5638
f 4052/6278 4701/6163 4702/6160 4028/6279
f 2474/5479 2951/6161 4699/6135 4148/5480
f 4028/6279 4702/6160 4709/6159 4033/4020
f 4429/5507 4714/6280 4711/6194 4085/3200
f 4294/5959 4710/6156 4707/6155 4163/5960
f 4620/3201 4718/6195 4710/6156 4294/5959
f 4565/6175 4362/6174 4639/4345 4640/5641
f 4714/6153 4608/5911 4598/6188 4711/6194
f 4046/6249 6065/5621 4727/5560 4494/5557
f 4068/5558 6057/5563 4726/6271 4539/5617
f 6056/6281 4731/5620 4440/5623 4153/6282
f 4148/6230 4434/5903 4731/5620 6056/5481
f 4539/5617 4726/6271 6062/4038 4058/5618
f 4053/5651 6066/6283 6058/6284 4029/5652
f 4726/6271 4537/6270 4057/6238 6062/4038
f 6066/6283 4052/6278 4028/6279 6058/6284
f 4162/4027 6063/4026 2970/6285 5732/6286
f 2283/3261 2286/3442 6090/6287 6085/3923
f 4087/5751 4734/6288 4761/6289 4619/5970
f 4077/5472 4739/6290 4760/6291 4520/5575
f 4069/5554 4738/6292 4759/6293 4538/5613
f 4045/6251 4742/5917 4758/6294 4475/5553
f 4044/5576 4741/6295 4757/6296 4479/5691
f 4039/5692 4744/6297 4756/6298 4424/5750
f 6244/6299 6251/6300 4755/5916 4743/6225
f 4022/5720 4736/6301 4754/6302 4386/5471
f 4059/5614 4748/6303 4753/6304 4400/5633
f 6251/6300 6243/6305 4742/5917 4755/5916
f 4424/5750 4756/6298 4734/6288 4087/5751
f 4293/5461 4752/6306 4745/6307 4161/5462
f 4021/5534 4740/6308 4736/6301 4022/5720
f 4030/5648 4747/6309 4750/6310 4031/5593
f 4479/5691 4757/6296 4744/6297 4039/5692
f 4346/5669 4749/6311 4743/6225 4150/5670
f 4054/5647 4746/6312 4747/6309 4030/5648
f 4400/5633 4753/6304 4751/6313 4060/5521
f 4538/5613 4759/6293 4748/6303 4059/5614
f 4031/5593 4750/6310 4737/6314 4070/5533
f 4520/5575 4760/6291 4741/6295 4044/5576
f 4475/5553 4758/6294 4738/6292 4069/5554
f 4070/5533 4737/6314 4740/6308 4021/5534
f 4060/5521 4751/6313 4735/6315 4078/5499
f 4078/5499 4735/6315 4746/6316 4054/5500
f 4386/5471 4754/6302 4739/6290 4077/5472
f 4619/5970 4761/6289 4752/6306 4293/5461
f 4088/5747 4763/5752 4789/5969 4631/5677
f 3928/5166 4765/5473 4788/5574 4532/5155
f 3934/5170 4764/5555 4787/5612 4534/5181
f 3935/6263 4771/5913 4786/5552 4483/5169
f 3929/5156 4768/5577 4785/5690 4480/5161
f 3930/5162 4773/5693 4784/5749 4420/5746
f 4150/6226 4444/5919 4783/5912 4772/5671
f 3927/5158 4778/5721 4782/5470 4382/5165
f 3933/5182 4767/5615 4781/5632 4384/5173
f 4631/5677 4789/5969 4780/5460 4285/5678
f 4444/5919 4045/5918 4771/6250 4783/5912
f 4420/5746 4784/5749 4763/5752 4088/5747
f 3862/4911 4779/5535 4778/5721 3927/5158
f 3839/4906 4770/5649 4769/5592 3840/4907
f 4480/5161 4785/5690 4773/5693 3930/5162
f 4341/5177 4776/5668 4772/5671 4151/5178
f 3838/4950 4775/5646 4770/5649 3839/4906
f 4384/5173 4781/5632 4766/5520 3932/5174
f 4534/5181 4787/5612 4767/5615 3933/5182
f 3840/4907 4769/5592 4777/5532 3836/4910
f 4532/5155 4788/5574 4768/5577 3929/5156
f 4483/5169 4786/5552 4764/5555 3934/5170
f 3836/4910 4777/5532 4779/5535 3862/4911
f 3932/5174 4766/5520 4762/5498 3931/4946
f 3931/4946 4762/5498 4775/5501 3838/4947
f 4382/5165 4782/5470 4765/5473 3928/5166
f 4285/5678 4780/5460 4774/5463 4160/5870
f 4089/5930 4790/5748 4817/5676 4613/4342
f 3861/5342 4795/5167 4816/5154 4522/5421
f 3999/5322 4804/5171 4815/5180 4518/5249
f 3969/5422 4793/5157 4814/5160 4482/5381
f 3988/5922 4791/5921 4813/5168 4500/5321
f 3987/5382 4792/5163 4812/5745 4425/5929
f 4151/6228 4439/5915 4811/5920 4796/5179
f 3981/5406 4794/5159 4810/5164 4374/5341
f 4000/5250 4806/5183 4809/5172 4375/5307
f 4439/5915 3935/5914 4791/6262 4811/5920
f 4273/4343 4808/5679 4799/5871 3629/6085
f 4425/5929 4812/5745 4790/5748 4089/5930
f 4613/4342 4817/5676 4808/5679 4273/4343
f 4518/5249 4815/5180 4806/5183 4000/5250
f 4011/5265 4802/5175 4801/4945 4017/5266
f 4335/5287 4805/5176 4796/5179 4152/5288
f 4375/5307 4809/5172 4802/5175 4011/5265
f 4500/5321 4813/5168 4804/5171 3999/5322
f 4374/5341 4810/5164 4795/5167 3861/5342
f 4482/5381 4814/5160 4792/5163 3987/5382
f 3970/5405 4807/4912 4794/5159 3981/5406
f 4522/5421 4816/5154 4793/5157 3969/5422
f 3963/5443 4803/4949 4800/4905 3940/5444
f 4017/5266 4801/4945 4803/4948 3963/5450
f 3951/5453 4797/4908 4798/4909 3952/5454
f 3952/5454 4798/4909 4807/4912 3970/5405
f 3940/5444 4800/4905 4797/4908 3951/5453
f 4090/5743 4840/5931 4851/4341 4635/4350
f 3998/5284 4841/5323 4850/5248 4553/5201
f 3837/5304 4823/5343 4849/5420 4547/5377
f 3989/5986 4824/5985 4848/5320 4503/5283
f 3968/5378 4826/5423 4847/5380 4481/5337
f 3986/5338 4825/5383 4846/5928 4453/5742
f 4152/6224 4447/5923 4845/5984 4831/5289
f 4001/5202 4818/5251 4844/5306 4376/5263
f 3980/5362 4828/5407 4843/5340 4407/5303
f 4166/6087 4289/4351 4842/4344 4838/6084
f 3629/6317 4838/6013 4821/5990 4183/6318
f 3582/6319 4827/4852 4820/5997 4252/4268
f 3603/6320 4183/6318 4821/5990 4834/4266
f 4447/5923 3988/5922 4824/6252 4845/5984
f 3941/5402 4832/5445 4833/5452 3950/5439
f 4453/5742 4846/5928 4840/5931 4090/5743
f 3953/5440 4839/5455 4829/5404 3971/5361
f 3950/5439 4833/5452 4839/5455 3953/5440
f 4016/5226 4830/5267 4835/5451 3962/5418
f 3962/5401 4835/5442 4832/5445 3941/5402
f 4547/5377 4849/5420 4826/5423 3968/5378
f 3971/5361 4829/5404 4828/5407 3980/5362
f 4481/5337 4847/5380 4825/5383 3986/5338
f 4407/5303 4843/5340 4823/5343 3837/5304
f 4503/5283 4848/5320 4841/5323 3998/5284
f 4376/5263 4844/5306 4819/5264 4010/5225
f 4334/5245 4837/5286 4831/5289 4154/5246
f 4010/5225 4819/5264 4830/5267 4016/5226
f 4553/5201 4850/5248 4818/5251 4001/5202
f 4197/4328 4822/4327 4827/4852 3582/6319
f 4635/4350 4851/4341 4842/4344 4289/4351
f 4203/4850 4822/4849 4836/4330 4175/6321
f 4257/5996 3603/6320 4834/4266 4820/5997
f 4091/5739 4875/5744 4885/4349 4633/5948
f 3997/5280 4874/5285 4884/5200 4551/5197
f 3936/5300 4863/5305 4883/5376 4545/5373
f 3990/5926 4856/5925 4882/5282 4499/5279
f 3967/5374 4867/5379 4881/5336 4485/5333
f 3985/5334 4857/5339 4880/5741 4452/5738
f 4154/6218 4430/5987 4879/5924 4864/5247
f 4002/5198 4854/5203 4878/5262 4370/5261
f 3979/5358 4858/5363 4877/5302 4401/5299
f 3628/6000 4287/5949 4876/4352 4871/6086
f 3599/4287 4261/4286 4853/5988 4869/4304
f 3628/5318 4189/5317 4872/4303 4871/6011
f 4196/4677 3624/6022 4870/6009 4855/4870
f 3582/6319 4252/4268 4853/6081 4859/4871
f 4430/5987 3989/5986 4856/6254 4879/5924
f 4452/5738 4880/5741 4875/5744 4091/5739
f 3942/5398 4862/5403 4865/5438 3949/5435
f 3954/5436 4873/5441 4860/5360 3972/5357
f 3949/5435 4865/5438 4873/5441 3954/5436
f 4015/5222 4861/5227 4866/5419 3961/5416
f 3961/5397 4866/5400 4862/5403 3942/5398
f 4545/5373 4883/5376 4867/5379 3967/5374
f 3972/5357 4860/5360 4858/5363 3979/5358
f 4485/5333 4881/5336 4857/5339 3985/5334
f 4401/5299 4877/5302 4863/5305 3936/5300
f 4499/5279 4882/5282 4874/5285 3997/5280
f 4370/5261 4878/5262 4852/5224 4009/5221
f 4336/5241 4868/5244 4864/5247 4155/5242
f 4009/5221 4852/5224 4861/5227 4015/5222
f 4551/5197 4884/5200 4854/5203 4002/5198
f 4197/4328 3582/6319 4859/4871 4855/6008
f 4633/5948 4885/4349 4876/4352 4287/5949
f 4189/5317 3599/4287 4869/4304 4872/4303
f 4092/5735 4909/5740 4919/5947 4628/4358
f 3996/5276 4907/5281 4918/5196 4550/5193
f 3937/5296 4898/5301 4917/5372 4546/5369
f 3991/5934 4890/5933 4916/5278 4501/5275
f 3966/5370 4902/5375 4915/5332 4486/5329
f 3984/5330 4891/5335 4914/5737 4451/5734
f 4155/5242 4431/5927 4913/5932 4896/5243
f 4003/5194 4889/5199 4912/5260 4367/5259
f 3978/5354 4894/5359 4911/5298 4402/5295
f 3623/6322 4905/6021 4888/4676 4193/6323
f 3600/6324 4901/4288 4886/5316 4188/6325
f 4281/4359 4910/5950 4906/6001 3627/5868
f 3579/6326 4895/4679 4904/4285 4262/6327
f 4628/4358 4919/5947 4910/5950 4281/4359
f 4431/5927 3990/5926 4890/6256 4913/5932
f 4451/5734 4914/5737 4909/5740 4092/5735
f 3943/5394 4897/5399 4899/5434 3948/5431
f 3955/5432 4908/5437 4893/5356 3973/5353
f 3948/5431 4899/5434 4908/5437 3955/5432
f 4014/5218 4887/5223 4900/5417 3960/5414
f 3960/5393 4900/5396 4897/5399 3943/5394
f 4546/5369 4917/5372 4902/5375 3966/5370
f 3973/5353 4893/5356 4894/5359 3978/5354
f 4486/5329 4915/5332 4891/5335 3984/5330
f 4188/6325 4886/5316 4906/5319 3627/6328
f 4402/5295 4911/5298 4898/5301 3937/5296
f 4501/5275 4916/5278 4907/5281 3996/5276
f 4367/5259 4912/5260 4892/5220 4008/5217
f 4340/5237 4903/5240 4896/5243 4143/5238
f 4008/5217 4892/5220 4887/5223 4014/5218
f 4550/5193 4918/5196 4889/5199 4003/5194
f 4193/6323 4888/4676 4895/4679 3579/6326
f 4262/6327 4904/4285 4901/4288 3600/6324
f 4093/6329 4921/5736 4953/4357 4624/6330
f 3995/6331 4941/5277 4952/5192 4554/6332
f 3938/6333 4932/5297 4951/5368 4541/6334
f 3992/5888 4924/5887 4950/5274 4506/6335
f 3965/6336 4936/5371 4949/5328 4487/6337
f 3983/6338 4929/5331 4948/5733 4450/6339
f 4143/5238 4449/5935 4947/5886 4934/5239
f 4004/6340 4920/5195 4946/5258 4369/6341
f 3977/6342 4927/5355 4945/5294 4404/6343
f 3600/6324 4937/4318 4923/5998 4262/6327
f 3627/6328 4939/6016 4943/4315 4188/6325
f 4193/6323 4925/4897 4938/6007 3623/6322
f 3579/6326 4262/6327 4923/5998 4930/4898
f 4449/5935 3991/5934 4924/6258 4947/5886
f 4277/6344 4944/4360 4939/5869 3626/6345
f 4450/6339 4948/5733 4921/5736 4093/6329
f 3944/6346 4935/5395 4931/5430 3947/6347
f 3956/6348 4942/5433 4928/5352 3974/6349
f 3947/6347 4931/5430 4942/5433 3956/6348
f 4013/6350 4922/5219 4933/5415 3959/6351
f 3959/6352 4933/5392 4935/5395 3944/6346
f 4541/6334 4951/5368 4936/5371 3965/6336
f 3974/6349 4928/5352 4927/5355 3977/6342
f 4487/6337 4949/5328 4929/5331 3983/6338
f 4404/6343 4945/5294 4932/5297 3938/6333
f 4506/6335 4950/5274 4941/5277 3995/6331
f 4369/6341 4946/5258 4926/5216 4007/6353
f 4345/6354 4940/5236 4934/5239 4141/6234
f 4007/6353 4926/5216 4922/5219 4013/6350
f 4554/6332 4952/5192 4920/5195 4004/6340
f 4193/6323 3579/6326 4930/4898 4925/4897
f 4624/6330 4953/4357 4944/4360 4277/6344
f 4188/6325 4943/4315 4937/4318 3600/6324
f 4131/5310 4962/6355 4982/6356 4636/5941
f 3994/5270 4973/5351 4981/5212 4557/5185
f 3993/5883 4970/5882 4980/5348 4505/5269
f 4962/6355 5429/5963 5420/6029 4982/6356
f 4005/5186 4954/5215 4977/5272 4409/5253
f 3976/5346 4960/5391 4976/6207 4397/5291
f 3585/6357 4195/5205 4958/5204 4964/5188
f 4445/5889 5413/6358 5434/6359 4141/6234
f 4181/4316 3626/6017 5389/6360 5440/6361
f 4636/5941 4982/6356 4975/6031 4291/5942
f 4181/4316 5440/6361 5399/6362 3590/4317
f 4457/5309 4979/5961 4962/5964 4131/5310
f 3992/5888 5436/6363 5413/6358 4445/5889
f 3945/5386 4963/5413 4965/5446 3946/5425
f 3957/5426 4972/5449 4961/5388 3975/5345
f 3946/5425 4965/5446 4972/5449 3957/5426
f 4012/5210 4957/5235 4971/5429 3958/5408
f 3958/5385 4971/5410 4963/5413 3945/5386
f 3975/5345 4961/5388 4960/5391 3976/5346
f 4505/5269 4980/5348 4973/5351 3994/5270
f 4409/5253 4977/5272 4955/5232 4006/5209
f 4339/5229 4968/5254 4967/5257 4142/5230
f 4006/5209 4955/5232 4957/5235 4012/5210
f 3626/6345 5389/6364 5407/6365 4277/6344
f 4557/5185 4981/5212 4954/5215 4005/5186
f 4200/4900 5393/6366 5401/6367 3622/6006
f 4267/4272 3585/6357 4964/5188 4959/4269
f 4132/6273 5006/5311 5016/5940 4625/5937
f 3909/5080 4996/5271 5015/5184 4549/5081
f 3924/6368 4990/5293 5014/5364 4540/6369
f 3910/5084 4998/5878 5013/5268 4497/5085
f 3925/6370 4985/5367 5012/5324 4490/6371
f 3926/6372 4988/5327 5011/5308 4443/6373
f 4142/6236 4441/5884 5010/5877 5000/5231
f 3908/5076 4999/5187 5009/5252 4396/5077
f 3923/6374 4983/5347 5008/5290 4391/6375
f 3602/4271 5001/4310 5003/4839 4267/4272
f 3585/6357 4994/4842 4987/4365 4195/5205
f 3605/6020 4992/6014 5002/4307 4186/5992
f 4625/5937 5016/5940 5007/5943 4278/5938
f 4441/5884 3993/5883 4998/6260 5010/5877
f 4291/5611 3605/5610 4992/5495 5007/5943
f 3657/4411 4991/5387 4995/5424 3667/4412
f 3646/4441 4984/5427 4989/5344 3645/6045
f 3667/4412 4995/5424 4984/5427 3646/4441
f 3655/5073 5004/5211 4993/5409 3656/6050
f 3656/6052 4993/5384 4991/5387 3657/4411
f 4540/6369 5014/5364 4985/5367 3925/6370
f 3645/6045 4989/5344 4983/5347 3923/6374
f 4490/6371 5012/5324 4988/5327 3926/6372
f 4443/6373 5011/5308 5006/5311 4132/6273
f 4391/6375 5008/5290 4990/5293 3924/6368
f 4497/5085 5013/5268 4996/5271 3909/5080
f 4396/5077 5009/5252 4997/5208 3907/5072
f 4337/5885 5005/5228 5000/5231 4144/4937
f 3907/5072 4997/5208 5004/5211 3655/5073
f 4549/5081 5015/5184 4999/5187 3908/5076
f 4267/4272 5003/4839 4994/4842 3585/6357
f 4195/5205 4987/4365 4986/4368 3621/5206
f 4186/5992 5002/4307 5001/4310 3602/4271
f 4135/6277 5041/4918 5047/5936 4614/4378
f 3924/6368 4540/6369 5046/5146 5032/5143
f 3925/6370 4490/6371 5045/5150 5030/5147
f 3926/6372 4443/6373 5044/4917 5029/5151
f 3923/6374 4391/6375 5043/5142 5031/5140
f 3601/4309 5038/4314 5024/4252 4268/4840
f 3810/4896 4242/6073 5019/6074 5028/4894
f 3847/4993 4231/4992 5021/6057 5036/6056
f 3586/4841 5034/4255 5020/4361 4194/4366
f 3612/6015 5018/6010 5017/4311 4187/4308
f 4614/4378 5047/5936 5042/5939 4275/4379
f 4278/5497 3612/5496 5018/5857 5042/5939
f 4490/6371 3926/6372 5029/5151 5045/5150
f 4540/6369 3925/6370 5030/5147 5046/5146
f 4391/6375 3924/6368 5032/5143 5043/5142
f 3645/6045 3923/6374 5031/5140 5039/4836
f 4443/6373 4132/6273 5041/6272 5044/4917
f 3832/4888 3810/4896 5028/4894 5022/4877
f 5299/6376 3741/6377 5037/4891 5305/4890
f 3831/4889 3832/4888 5022/4877 5040/4876
f 4231/6046 3645/6045 5039/4836 5021/4835
f 5268/6378 5281/4699 5026/4702 3834/4431
f 5180/4480 5185/4562 5033/4543 3673/4383
f 5193/4384 3673/4383 5033/4543 5209/4542
f 5232/6379 3835/6380 5025/4482 5233/4481
f 5243/4972 5257/4429 5026/4432 3724/4973
f 5155/6381 3807/6382 5023/4390 5161/4389
f 4194/4366 5020/4361 5027/4364 3615/4367
f 4187/4308 5017/4311 5038/4314 3601/4309
f 4268/4840 5024/4252 5034/4255 3586/4841
f 4127/6275 5068/4952 5078/4377 4623/5665
f 3880/5144 4528/5149 5077/5010 5055/5007
f 3881/5148 4467/5153 5076/5014 5060/5011
f 3882/5152 4436/4920 5075/4951 5061/5015
f 3879/5141 4380/5145 5074/5006 5057/5004
f 3578/4874 5063/4260 5056/4277 4254/4262
f 3791/4803 4238/6080 5048/6072 5058/4895
f 3858/4407 4229/6058 5069/6061 5064/4408
f 3618/6025 5054/6023 5059/4257 4199/4873
f 4180/5971 5072/5995 5049/6003 3606/5973
f 3588/4263 5067/4280 5072/5995 4180/5971
f 4275/5859 3604/5858 5049/5865 5073/4380
f 4467/5153 3882/5152 5061/5015 5076/5014
f 4528/5149 3881/5148 5060/5011 5077/5010
f 4380/5145 3880/5144 5055/5007 5074/5006
f 3806/4837 3879/5141 5057/5004 5070/4829
f 5247/6383 3723/4884 5053/4883 5258/4984
f 4436/4920 4135/4919 5068/6276 5075/4951
f 3774/4783 3791/4803 5058/4895 5050/4887
f 3757/4750 3774/4783 5050/4887 5071/4886
f 5268/6378 3834/4431 5053/4985 5282/4882
f 5285/4893 3833/4892 5066/4879 5306/4878
f 4229/4838 3806/4837 5070/4829 5069/4828
f 5232/6379 5234/4670 5052/4673 3835/6380
f 5184/4563 5186/4536 5062/4539 3808/4544
f 5201/6384 3689/6385 5065/4519 5210/4518
f 5156/6386 5162/4405 5064/4408 3849/4998
f 4623/5665 5078/4377 5073/4380 4274/5666
f 4254/4262 5056/4277 5067/4280 3588/4263
f 4199/4873 5059/4257 5063/4260 3578/4874
f 4128/6269 5099/4934 5109/5664 4615/5966
f 3905/5008 4525/5013 5108/5094 5083/5091
f 3904/5012 4471/5017 5107/5098 5086/5095
f 3903/5016 4426/4954 5106/4933 5085/5099
f 3906/5005 4399/5009 5105/5090 5080/5087
f 3790/4798 4237/6077 5079/6079 5101/4802
f 3643/6042 4213/6041 5098/6044 5095/5086
f 3630/6027 5084/6024 5088/4872 4201/4654
f 3576/4655 5090/4875 5087/4261 4256/4274
f 4182/5993 5103/5972 5081/5974 3631/6004
f 3591/4275 5096/4264 5103/5972 4182/5993
f 4274/5867 3606/5866 5081/5861 5104/5667
f 4615/5966 5109/5664 5104/5667 4276/5967
f 4471/5017 3903/5016 5085/5099 5107/5098
f 4525/5013 3904/5012 5086/5095 5108/5094
f 4399/5009 3905/5008 5083/5091 5105/5090
f 3644/4830 3906/5005 5080/5087 5095/6043
f 4213/5003 3845/5002 5092/4997 5098/4996
f 5153/4512 3637/4511 5094/4962 5163/4961
f 4426/4954 4127/4953 5099/6274 5106/4933
f 4201/4654 5088/4872 5090/4875 3576/4655
f 5264/4885 3723/4884 5100/4846 5283/4845
f 3773/4775 3790/4798 5101/4802 5097/4782
f 3756/4742 3773/4775 5097/4782 5093/4749
f 5302/4743 3756/4742 5093/4749 5307/4748
f 5176/4537 5187/4619 5089/4622 3672/4538
f 5201/6384 5211/4530 5082/4445 3689/6385
f 5247/6387 3706/6388 5091/4486 5259/4485
f 5224/6389 3689/6385 5082/4445 5235/4444
f 4256/4274 5087/4261 5096/4264 3591/4275
f 4130/4930 5130/4932 5140/5965 4632/5946
f 3901/5092 4524/5097 5139/5110 5116/5107
f 3900/5096 4470/5101 5138/5114 5110/5111
f 3899/5100 4422/4936 5137/4931 5111/5115
f 3902/5088 4379/5093 5136/5106 5115/5103
f 5204/4531 5212/6091 5113/4598 3688/4446
f 3795/4795 4236/4827 5117/6076 5131/4797
f 3648/5105 4212/6047 5118/6040 5123/5102
f 3635/6390 5129/6026 5120/4653 4202/6391
f 4185/6392 5134/5994 5126/6005 3634/6393
f 3598/6394 5127/4276 5134/5994 4185/6392
f 3584/6395 5119/4656 5112/4273 5528/6396
f 4632/5946 5140/5965 5135/5968 4286/5312
f 4276/5863 3631/5862 5126/5855 5135/5968
f 4470/5101 3899/5100 5111/5115 5138/5114
f 4524/5097 3900/5096 5110/5111 5139/5110
f 4379/5093 3901/5092 5116/5107 5136/5106
f 3643/5089 3902/5088 5115/5103 5123/6039
f 4212/4989 3841/4988 5133/5001 5118/5000
f 4422/4936 4128/4935 5130/6268 5137/4931
f 5245/4488 3705/4487 5124/4867 5260/4866
f 5267/6397 5284/4853 5132/4856 3739/6398
f 3778/4770 3795/4795 5131/4797 5128/4774
f 3761/4771 3778/4770 5128/4774 5125/4741
f 5294/6399 3761/4771 5125/4741 5308/4740
f 4202/6391 5120/4653 5119/4656 3584/6395
f 5168/6400 3637/4511 5122/4510 5188/4635
f 5227/4447 3688/4446 5113/4598 5236/4597
f 5149/4577 3647/4576 5122/4636 5164/4509
f 5528/6396 5112/4273 5127/4276 3598/6394
f 3841/4988 5149/4577 5164/4509 5133/5001
f 3845/5002 5153/4512 5163/4961 5092/4997
f 3638/4963 5051/6401 5162/4405 5156/4964
f 3858/6059 5155/4406 5161/4389 5036/6056
f 3852/6066 5159/4612 5142/4970 3855/6070
f 3854/6063 5158/4453 5152/4574 3846/4987
f 5092/4997 5163/4961 5156/4964 3849/4998
f 3856/4957 3843/4983 5143/4674 5141/4617
f 3859/6068 5145/4628 5146/4515 3842/4976
f 3850/4966 3860/4960 5157/4476 5150/4572
f 3843/4983 3844/4982 5144/4675 5143/4674
f 3853/4994 5147/4561 5145/4628 3859/6068
f 3857/4958 3856/4957 5141/4617 5148/4477
f 3851/4550 5160/4549 5159/4612 3852/6066
f 3846/4987 5152/4574 5149/4577 3841/4988
f 3663/4499 3662/4399 5154/4548 5150/4713
f 3847/4993 5151/4392 5147/4561 3853/4994
f 3662/4399 3658/4398 5160/4609 5154/4548
f 3844/4977 3842/4976 5146/4515 5144/4514
f 5133/5001 5164/4509 5153/4512 3845/5002
f 3860/4960 3857/4958 5148/4477 5157/4476
f 3660/4459 3661/4833 5158/4969 5142/4970
f 5051/6401 3807/6382 5155/6381 5162/4405
f 5036/6056 5161/4389 5151/4392 3847/4993
f 3671/4621 5168/4620 5188/4635 5121/6402
f 3638/4963 5094/4962 5187/4619 5176/4537
f 3807/6382 5051/6401 5186/4536 5184/4563
f 3639/4391 5023/4390 5185/4562 5180/4480
f 3681/4630 5169/4400 5170/4498 3682/4631
f 3670/4534 5167/4665 5178/4832 3680/4634
f 3678/4593 5182/4461 5181/4397 3677/4869
f 3686/6403 5166/4497 5165/4834 3813/4494
f 3680/4634 5178/4832 5179/4458 3679/4592
f 3684/6404 5172/4666 5171/4564 3685/6405
f 3676/4533 5183/4638 5167/4665 3670/4534
f 5121/6402 5188/4635 5183/4638 3676/4533
f 5094/4962 3637/4511 5168/6400 5187/4619
f 3685/6405 5171/4564 5175/4567 3675/4404
f 5023/4390 3807/6382 5184/4563 5185/4562
f 5051/6401 3638/4963 5176/4537 5186/4536
f 3812/4478 3822/4618 5177/4385 5165/4834
f 3686/4668 3682/4631 5170/4498 5166/4497
f 3640/4560 3639/4391 5180/4480 5174/4402
f 3683/4642 5173/4388 5172/4463 3684/4643
f 3679/4592 5179/4458 5182/4461 3678/4593
f 3641/4627 3640/4560 5174/4402 5175/4567
f 3677/4869 5181/4397 5169/4400 3681/4630
f 3823/4495 5177/4502 5173/4388 3683/4642
f 3671/4621 5121/6402 5212/6091 5204/4531
f 3672/4538 5089/4622 5211/4530 5201/6384
f 3672/4538 5201/6384 5210/4518 5062/4539
f 3690/6406 5193/4384 5209/4542 5035/6407
f 5121/6402 3676/4533 5189/4532 5212/6091
f 3695/4547 5197/4594 5194/4868 3694/4527
f 3694/4527 5194/4868 5198/4629 3698/4528
f 3687/4471 5200/4535 5199/4633 3697/4414
f 3824/4968 5195/4496 5203/4641 3700/4553
f 3703/4556 3699/4540 5202/4632 5208/4568
f 3700/4553 5203/4641 5205/4644 3701/4554
f 3697/4414 5199/4633 5196/4591 3696/4415
f 3698/4528 5198/4629 5202/4632 3699/4540
f 3696/4415 5196/4591 5197/4594 3695/4547
f 3686/6403 3813/4494 5191/4493 5208/4667
f 5035/6407 5209/4542 5207/4545 3809/4520
f 3693/4599 5189/6092 5200/4535 3687/4471
f 5089/4622 3671/4621 5204/4531 5211/4530
f 5062/4539 5210/4518 5207/4521 3808/4544
f 3685/6405 3675/4404 5190/4437 5206/4465
f 3814/4570 5191/4569 5195/4496 3824/4968
f 3684/6404 3685/6405 5206/4465 5205/4464
f 3692/4426 5190/4513 5192/4381 3691/4427
f 3691/4427 5192/4381 5193/4384 3690/4558
f 3705/4487 5227/4447 5236/4597 5124/4867
f 3706/6388 5224/4671 5235/4444 5091/4486
f 3809/4520 5065/4519 5234/4670 5232/6379
f 3809/4520 5232/6379 5233/4481 5035/6407
f 3825/4991 5214/4524 5226/4552 3717/4614
f 5065/4519 3689/6385 5224/6389 5234/4670
f 3710/4450 5230/4600 5225/4470 3704/4451
f 5124/4867 5236/4597 5230/4600 3710/4450
f 3718/4647 5220/4578 5222/4468 3719/4648
f 3713/6408 5217/4416 5218/4546 3712/6409
f 3708/6410 5221/4428 5223/4559 3707/4483
f 3716/6411 5228/4541 5215/4557 3720/4506
f 3717/4614 5226/4552 5220/4555 3718/4615
f 3712/6409 5218/4546 5231/4526 3711/6412
f 3715/4395 5219/4529 5228/4541 3716/4508
f 3711/4394 5231/4526 5219/4529 3715/4395
f 3814/4570 3824/4968 5214/4967 5213/4504
f 3703/4571 3814/4570 5213/4504 5215/4557
f 5035/6407 5233/4481 5223/4484 3690/6406
f 3704/4451 5225/4470 5216/4413 3714/4456
f 3719/4648 5222/4468 5229/4425 3709/4843
f 5091/4486 5235/4444 5227/4447 3705/4487
f 3709/4843 5229/4425 5221/4428 3708/6410
f 3714/4456 5216/4413 5217/4416 3713/4978
f 3722/6413 5245/4488 5260/4866 5114/6414
f 3723/4884 5247/6383 5259/4485 5100/4846
f 3706/4672 5247/6387 5258/4984 5052/4673
f 3707/4483 5025/4482 5257/4429 5243/4972
f 3826/4640 5237/4639 5238/4613 3734/4603
f 5052/4673 5258/4984 5242/4430 3835/6380
f 3731/4596 5241/4457 5251/4979 3730/4580
f 3707/4483 5243/4972 5244/4418 3708/6410
f 3711/6412 5255/4393 5249/4589 3712/6409
f 5114/6414 5260/4866 5253/4449 3727/6415
f 3736/4624 5252/4645 5246/4844 3726/4625
f 3736/4624 3735/4706 5250/4646 5252/4645
f 3825/4525 5237/4990 5248/4522 3815/4505
f 3734/4603 5238/4613 5250/4616 3735/4703
f 3712/6409 5249/4589 5251/4590 3713/6408
f 3815/4505 5248/4522 5256/4489 3720/4506
f 3733/4587 3732/4586 5240/4396 5239/4492
f 3720/4506 5256/4489 5239/4492 3716/6411
f 5100/4846 5259/4485 5245/4488 3722/4847
f 3721/4692 5254/4448 5241/4457 3731/4596
f 3721/4692 3727/4691 5253/4449 5254/4448
f 5025/4482 3835/6380 5242/4430 5257/4429
f 3709/4843 3708/6410 5244/4418 5246/4844
f 3728/4583 5255/4971 5240/4396 3732/4586
f 3722/6413 5114/6414 5284/4853 5267/4848
f 3740/6416 5264/4885 5283/4845 5102/6417
f 3833/4892 5268/6378 5282/4882 5066/4879
f 3833/4892 5037/4891 5281/4699 5268/6378
f 5066/4879 5282/4882 5264/4885 3740/4880
f 5114/6414 3727/6415 5263/4690 5284/4853
f 5102/6417 5283/4845 5267/4848 3739/6398
f 3745/4719 5274/4584 5270/4585 3749/4720
f 3726/4420 3725/4419 5261/4707 5265/4626
f 3738/4715 5280/4693 5276/4595 3748/4716
f 3725/4419 3724/4973 5262/4700 5261/4707
f 3752/4753 5271/4705 5277/4623 3753/4754
f 3751/4736 5275/4604 5271/4704 3752/4744
f 5037/4891 3741/6377 5262/4708 5281/4699
f 3754/4858 5279/4695 5278/4669 3817/4859
f 3733/4491 3737/4490 5279/4698 5269/4588
f 3744/4855 5263/4854 5280/4693 3738/4715
f 3817/4859 5278/4669 5266/4601 3827/4735
f 3753/4754 5277/4623 5265/4626 3743/4758
f 3827/4735 5266/4601 5275/4604 3751/4736
f 3748/4716 5276/4595 5272/4579 3747/4746
f 3749/4720 5270/4585 5269/4588 3750/4730
f 3746/4756 5273/4582 5274/4584 3745/4719
f 3747/4746 5272/4579 5273/4582 3746/4756
f 3744/4855 5294/4738 5308/4740 5132/4856
f 3739/6398 5302/4743 5307/4748 5102/6417
f 3831/4889 5285/4893 5306/4878 5071/4886
f 3758/4723 5299/4722 5305/4890 5040/4876
f 5040/4876 5305/4890 5285/4893 3831/4889
f 5071/4886 5306/4878 5298/4881 3757/4750
f 3818/4861 5304/4860 5286/4734 3828/4767
f 3771/4727 5287/4726 5304/4860 3818/4861
f 3763/4788 5292/4757 5297/4718 3762/4790
f 3770/4786 5289/4755 5300/4759 3760/4732
f 3764/4780 5291/4747 5292/4757 3763/4788
f 3769/4785 5288/4752 5289/4755 3770/4786
f 5102/6417 5307/4748 5298/4751 3740/6416
f 3765/4779 5290/4717 5291/4747 3764/4780
f 3768/4768 5295/4737 5288/4745 3769/4776
f 5132/4856 5308/4740 5302/4743 3739/6398
f 3761/4771 5294/6399 5303/4714 3755/4772
f 3828/4767 5286/4734 5295/4737 3768/4768
f 3742/4710 5301/4725 5300/4733 3743/4712
f 3766/4763 5293/4721 5296/4731 3767/4728
f 3754/4696 5287/4857 5296/4729 3750/4697
f 3741/4709 5299/6376 5301/4725 3742/4710
f 3762/4790 5297/4718 5293/4721 3766/4763
f 3755/4772 5303/4714 5290/4717 3765/4779
f 4580/6191 4604/5509 4603/6164 4569/6190
f 5449/6418 5450/6419 5451/4249 5448/4248
f 5313/6420 4979/5961 4457/5309 3982/5326
f 3590/4317 5399/6362 5424/6421 4255/5999
f 4976/6207 5309/6422 3939/5292 4397/5291
f 3938/6333 5443/6423 5409/6424 4404/6343
f 5309/6422 5310/6425 4542/5365 3939/5292
f 4541/6334 5445/6426 5443/6423 3938/6333
f 3965/6336 5447/6427 5445/6426 4541/6334
f 5310/6425 5311/6428 3964/5366 4542/5365
f 5311/6428 5312/6429 4488/5325 3964/5366
f 4487/6337 5449/6430 5447/6427 3965/6336
f 4450/6339 5415/6431 5450/6432 3983/6338
f 5312/4251 5313/4250 3982/5326 4488/5325
f 5414/6433 5451/4249 5450/6419 5415/6431
f 5451/4249 5414/6433 4979/5961 5313/4250
f 5448/4248 5446/6434 5447/6427 5449/6418
f 5448/4248 5312/4251 5311/6428 5446/6434
f 5446/6434 5444/6435 5445/6426 5447/6427
f 5446/6434 5311/6428 5310/6425 5444/6435
f 5444/6435 5442/6436 5443/6423 5445/6426
f 5444/6435 5310/6425 5309/6422 5442/6436
f 5442/6436 5408/6437 5409/6424 5443/6423
f 5442/6436 5309/6422 4976/6207 5408/6437
f 5398/6438 5425/6439 5424/6421 5399/6362
f 5425/5190 5398/6438 4966/4270 4959/5191
f 5392/6440 5400/6441 5401/6367 5393/6366
f 5392/6205 4958/6204 4969/5207 5400/6441
f 5388/6442 5406/6443 5407/6365 5389/6364
f 5406/6030 5388/6442 4956/5609 4975/6031
f 5436/6363 5437/6444 5412/6445 5413/6358
f 5412/6445 5437/6444 4970/6266 4978/5881
f 5440/6361 5441/6446 5398/6438 5399/6362
f 5398/6438 5441/6446 4974/5991 4966/4270
f 5440/6361 5389/6360 5388/6447 5441/6446
f 5388/6447 4956/6019 4974/5991 5441/6446
f 5412/6445 5435/6448 5434/6359 5413/6358
f 5435/5256 5412/6445 4978/5881 4967/5257
f 5428/6449 5421/6450 5420/6029 5429/5963
f 5428/6449 4093/6329 4624/6330 5421/6450
f 5404/5350 5405/6451 5419/6452 5418/5213
f 5405/6451 3995/6331 4554/6332 5419/6452
f 5436/6363 5417/6453 5416/5349 5437/6444
f 5436/6363 3992/5888 4506/6335 5417/6453
f 5422/6454 5411/6455 5410/5273 5423/5214
f 5422/6454 4004/6340 4369/6341 5411/6455
f 5394/5390 5395/6456 5409/6424 5408/6206
f 5395/6456 3977/6342 4404/6343 5409/6424
f 5392/6440 5393/6366 5432/6457 5433/5189
f 5432/6457 5393/6366 4200/4900 3577/4899
f 5420/6029 5421/6450 5407/6365 5406/6030
f 5421/6450 4624/6330 4277/6344 5407/6365
f 5414/6433 5415/6431 5428/6449 5429/5963
f 5415/6431 4450/6339 4093/6329 5428/6449
f 5430/6458 5397/6459 5396/5447 5431/5412
f 5430/6458 3944/6346 3947/6347 5397/6459
f 5438/6460 5426/6461 5427/5389 5439/5448
f 5438/6460 3956/6348 3974/6349 5426/6461
f 5396/5447 5397/6459 5438/6460 5439/5448
f 5397/6459 3947/6347 3956/6348 5438/6460
f 5390/5234 5391/6462 5403/6463 5402/5428
f 5391/6462 4013/6350 3959/6351 5403/6463
f 5402/5411 5403/6464 5430/6458 5431/5412
f 5403/6464 3959/6352 3944/6346 5430/6458
f 5426/6461 5395/6456 5394/5390 5427/5389
f 5426/6461 3974/6349 3977/6342 5395/6456
f 5416/5349 5417/6453 5405/6451 5404/5350
f 5417/6453 4506/6335 3995/6331 5405/6451
f 5410/5273 5411/6455 5387/6465 5386/5233
f 5411/6455 4369/6341 4007/6353 5387/6465
f 5328/5255 5329/6466 5434/6359 5435/5256
f 5329/6466 4345/6354 4141/6234 5434/6359
f 5386/5233 5387/6465 5391/6462 5390/5234
f 5387/6465 4007/6353 4013/6350 5391/6462
f 5418/5213 5419/6452 5422/6454 5423/5214
f 5419/6452 4554/6332 4004/6340 5422/6454
f 5432/6457 5424/6421 5425/6439 5433/5189
f 5424/6421 5432/6457 3577/4899 4255/5999
f 5515/6467 5379/6468 5378/6469 5511/6470
f 5515/6467 5503/4244 3562/4245 5379/6468
f 5382/4233 5383/6471 5384/6472 5385/4224
f 5384/6472 5383/6471 3558/3042 3559/3006
f 5380/4229 5381/6473 5375/6474 5374/4232
f 5375/6474 5381/6473 3555/3086 3557/3085
f 5378/6469 5379/6468 5373/6475 5372/4228
f 5373/6475 5379/6468 3562/4245 3554/4240
f 5374/4232 5375/6474 5383/6471 5382/4233
f 5383/6471 5375/6474 3557/3085 3558/3042
f 5372/4228 5373/6475 5381/6473 5380/4229
f 5381/6473 5373/6475 3554/4240 3555/3086
f 5384/6472 5377/6476 5376/4225 5385/4224
f 5377/4222 5384/6472 3559/3006 3560/3005
f 5354/4256 5355/6477 5326/6478 5327/4127
f 5355/2898 3192/2897 3201/1981 5326/6478
f 5330/6479 5320/6480 5321/4132 5331/4131
f 5320/3924 5330/6479 3204/2914 3191/3925
f 5336/6481 5316/6482 5317/4130 5337/4129
f 5336/3758 3210/3757 3189/3332 5316/6482
f 5342/6483 5367/6484 5366/4128 5343/4124
f 5342/6483 3213/3605 3205/3608 5367/6484
f 5326/6478 5371/6485 5370/4125 5327/4127
f 5326/6478 3201/1981 3209/3718 5371/6485
f 5316/6486 5317/4126 5370/4125 5371/6485
f 5316/6486 5371/6485 3209/3718 3189/3746
f 5364/4123 5365/6487 5342/6483 5343/4124
f 5365/2964 3202/2963 3213/3605 5342/6483
f 5350/3759 5351/6488 5358/6489 5359/3688
f 5358/6489 5351/6488 2872/4087 2356/4086
f 5348/2923 5349/6490 5335/6491 5334/3064
f 5335/6491 5349/6490 2801/4089 2258/4088
f 5523/6492 5376/4225 5377/6476 5519/4221
f 5523/6492 5471/4242 3561/4226 5376/4225
f 5346/3065 5347/6493 5366/4128 5367/4002
f 5366/4128 5347/6493 2753/4092 2255/3612
f 5340/2981 5341/6494 5352/6495 5353/2922
f 5352/6495 5341/6494 2616/4098 2267/4097
f 5338/3927 5339/6496 5323/6497 5322/3108
f 5323/6497 5339/6496 2651/4100 2240/4099
f 5362/6498 5321/4132 5320/6480 5363/2899
f 5362/6498 1840/2608 2463/2607 5321/4132
f 5336/6481 5337/4129 5351/6488 5350/3759
f 5351/6488 5337/4129 2540/4103 2872/4087
f 5358/6489 5345/6499 5344/3689 5359/3688
f 5345/6499 5358/6489 2356/4086 2697/4096
f 5324/3167 5325/6500 5360/6501 5361/3130
f 5360/6501 5325/6500 2210/4106 2207/4105
f 5356/6502 5368/6503 5369/3166 5357/3109
f 5368/6503 5356/6502 2237/4108 2219/4107
f 5368/6503 5325/6500 5324/3167 5369/3166
f 5325/6500 5368/6503 2219/4107 2210/4106
f 5332/3148 5333/6504 5319/6505 5318/2942
f 5319/6505 5333/6504 2222/4110 2276/4109
f 5360/6501 5333/6506 5332/3131 5361/3130
f 5333/6506 5360/6501 2207/4105 2222/4111
f 5322/3108 5323/6497 5356/6502 5357/3109
f 5356/6502 5323/6497 2240/4099 2237/4108
f 5334/3064 5335/6491 5347/6493 5346/3065
f 5347/6493 5335/6491 2258/4088 2753/4092
f 5314/2943 5315/6507 5341/6494 5340/2981
f 5341/6494 5315/6507 2270/4112 2616/4098
f 5364/4123 5329/6508 5328/2965 5365/6487
f 5329/6508 5364/4123 2404/3962 4345/4113
f 5318/2942 5319/6505 5315/6507 5314/2943
f 5315/6507 5319/6505 2276/4109 2270/4112
f 5352/6495 5349/6490 5348/2923 5353/2922
f 5349/6490 5352/6495 2267/4097 2801/4089
f 5354/4256 5362/6498 5363/2899 5355/6477
f 5354/4256 2518/3724 1840/2608 5362/6498
f 5520/6509 5468/6510 5469/6511 5521/6512
f 5521/6512 5469/6511 5470/6513 5522/6514
f 5522/6514 5470/6513 5471/4242 5523/6492
f 5516/6515 5520/6509 5521/6512 5517/6516
f 5517/6516 5521/6512 5522/6514 5518/6517
f 5518/6517 5522/6514 5523/6492 5519/4221
f 3211/3926 5468/6518 5520/6519 5338/3927
f 5467/6520 5516/6515 5517/6516 5466/6521
f 5466/6521 5517/6516 5518/6517 5465/6522
f 5465/6522 5518/6517 5519/4221 5464/3004
f 5339/6496 5338/3927 5520/6519 5516/6523
f 5512/6524 5500/6525 5501/6526 5513/6527
f 5513/6527 5501/6526 5502/6528 5514/6529
f 5514/6529 5502/6528 5503/4244 5515/6467
f 2651/4100 5339/6496 5516/6523 5467/6530
f 5508/6531 5512/6524 5513/6527 5509/6532
f 5509/6532 5513/6527 5514/6529 5510/6533
f 5510/6533 5514/6529 5515/6467 5511/6470
f 2697/4096 5500/6534 5512/6535 5345/6499
f 5484/6536 5508/6531 5509/6532 5485/6537
f 5485/6537 5509/6532 5510/6533 5486/6538
f 5486/6538 5510/6533 5511/6470 5487/6539
f 5344/3689 5345/6499 5512/6535 5508/4000
f 3200/4210 3545/4219 5499/6540 5504/6541
f 5504/6542 5499/6543 5498/6544 5505/6545
f 5505/6545 5498/6544 5497/6546 5506/6547
f 5506/6547 5497/6546 5496/4241 5507/4243
f 2697/4096 2246/4095 5495/6548 5500/6534
f 5500/6525 5495/6549 5494/6550 5501/6526
f 5501/6526 5494/6550 5493/6551 5502/6528
f 5502/6528 5493/6551 5492/4239 5503/4244
f 3211/3926 3200/4210 5504/6541 5468/6518
f 5468/6510 5504/6542 5505/6545 5469/6511
f 5469/6511 5505/6545 5506/6547 5470/6513
f 5470/6513 5506/6547 5507/4243 5471/4242
f 3547/4216 3549/4215 5491/6552 5460/6553
f 5460/6554 5491/6555 5490/6556 5461/6557
f 5461/6557 5490/6556 5489/6558 5462/6559
f 5462/6559 5489/6558 5488/4237 5463/3983
f 3545/4219 3548/4246 5459/6560 5499/6540
f 5499/6543 5459/6561 5458/6562 5498/6544
f 5498/6544 5458/6562 5457/6563 5497/6546
f 5497/6546 5457/6563 5456/3982 5496/4241
f 2246/4095 2734/4094 5479/6564 5495/6548
f 5495/6549 5479/6565 5478/6566 5494/6550
f 5494/6550 5478/6566 5477/6567 5493/6551
f 5493/6551 5477/6567 5476/3083 5492/4239
f 3549/4215 3214/4120 5484/4001 5491/6552
f 5491/6555 5484/6536 5485/6537 5490/6556
f 5490/6556 5485/6537 5486/6538 5489/6558
f 5489/6558 5486/6538 5487/6539 5488/4237
f 3548/4246 3547/4216 5460/6553 5459/6560
f 5459/6561 5460/6554 5461/6557 5458/6562
f 5458/6562 5461/6557 5462/6559 5457/6563
f 5457/6563 5462/6559 5463/3983 5456/3982
f 2228/4093 2788/4091 5452/6568 5475/6569
f 5475/6570 5452/6571 5453/6572 5474/6573
f 5474/6573 5453/6572 5454/6574 5473/6575
f 5473/6575 5454/6574 5455/3041 5472/3084
f 2734/4094 2228/4093 5475/6569 5479/6564
f 5479/6565 5475/6570 5474/6573 5478/6566
f 5478/6566 5474/6573 5473/6575 5477/6567
f 5477/6567 5473/6575 5472/3084 5476/3083
f 2788/4091 2201/4090 5480/6576 5452/6568
f 5452/6571 5480/6577 5481/6578 5453/6572
f 5453/6572 5481/6578 5482/6579 5454/6574
f 5454/6574 5482/6579 5483/3003 5455/3041
f 2201/4090 2651/4100 5467/6530 5480/6576
f 5480/6577 5467/6520 5466/6521 5481/6578
f 5481/6578 5466/6521 5465/6522 5482/6579
f 5482/6579 5465/6522 5464/3004 5483/3003
f 4487/6337 3983/6338 5450/6432 5449/6430
f 5511/6470 5378/6469 3563/4235 5487/6539
f 5533/6580 5531/6581 5543/6582 5545/6583
f 3552/6584 5530/6585 5542/6586 5539/6587
f 3567/6588 3551/6589 5538/6590 5540/6591
f 3550/6592 5536/6593 5548/6594 5537/6595
f 3551/6589 5533/6580 5545/6583 5538/6590
f 3568/6596 3550/6592 5537/6595 5541/6597
f 5536/6593 5534/6598 5546/6599 5548/6594
f 5534/6598 5535/6600 5547/6601 5546/6599
f 5531/6581 3552/6584 5539/6587 5543/6582
f 5530/6585 3568/6596 5541/6597 5542/6586
f 5535/6600 5532/6602 5544/6603 5547/6601
f 5532/6602 3567/6588 5540/6591 5544/6603
f 5548/6594 5546/6599 5558/6604 5560/6605
f 5543/6582 5539/6587 5551/6606 5555/6607
f 5544/6603 5540/6591 5552/6608 5556/6609
f 5542/6586 5541/6597 5553/6610 5554/6611
f 5547/6601 5544/6603 5556/6609 5559/6612
f 5545/6583 5543/6582 5555/6607 5557/6613
f 5539/6587 5542/6586 5554/6611 5551/6606
f 5537/6595 5548/6594 5560/6605 5549/6614
f 5540/6591 5538/6590 5550/6615 5552/6608
f 5538/6590 5545/6583 5557/6613 5550/6615
f 5546/6599 5547/6601 5559/6612 5558/6604
f 5541/6597 5537/6595 5549/6614 5553/6610
f 5553/6610 5549/6614 5561/6616 5565/6617
f 5560/6605 5558/6604 5570/6618 5572/6619
f 5555/6607 5551/6606 5563/6620 5567/6621
f 5556/6609 5552/6608 5564/6622 5568/6623
f 5554/6611 5553/6610 5565/6617 5566/6624
f 5559/6612 5556/6609 5568/6623 5571/6625
f 5557/6613 5555/6607 5567/6621 5569/6626
f 5551/6606 5554/6611 5566/6624 5563/6620
f 5549/6614 5560/6605 5572/6619 5561/6616
f 5552/6608 5550/6615 5562/6627 5564/6622
f 5550/6615 5557/6613 5569/6626 5562/6627
f 5558/6604 5559/6612 5571/6625 5570/6618
f 5569/6626 5568/6623 5564/6622 5562/6627
f 5567/6621 5571/6625 5568/6623 5569/6626
f 5563/6620 5570/6618 5571/6625 5567/6621
f 5566/6624 5572/6619 5570/6618 5563/6620
f 5565/6617 5561/6616 5572/6619 5566/6624
f 2410/3403 2927/3402 5582/3956 5576/3959
f 2408/3507 2898/3506 5581/3958 5574/3960
f 2603/3546 2824/3445 5580/3321 5579/3930
f 2567/3406 2408/3507 5574/3960 5578/3943
f 2898/3506 2410/3403 5576/3959 5581/3958
f 2927/3402 2412/3547 5573/3929 5582/3956
f 2409/3407 2567/3406 5578/3943 5575/3941
f 2409/3407 5575/3941 5577/3942 2592/3817
f 2412/3547 2603/3546 5579/3930 5573/3929
f 2824/3445 2853/3448 5583/3322 5580/3321
f 2511/2573 2509/2534 5641/6628 5643/6629
f 3315/3792 2501/3791 5633/6630 5702/6631
f 2508/2525 2504/2532 5636/6632 5640/6633
f 3284/3785 2505/3784 5637/6634 5700/6635
f 2512/2528 2514/2527 5646/6636 5644/6637
f 2505/3784 3255/3787 5698/6638 5637/6634
f 2503/3786 2502/3790 5634/6639 5635/6640
f 2514/2524 2513/2523 5645/6641 5646/6642
f 2510/2533 2497/2531 5629/6643 5642/6644
f 2502/3790 2498/2530 5630/6645 5634/6639
f 2504/2532 2499/2536 5631/6646 5636/6632
f 1880/3705 2437/2370 5614/6647 5590/6648
f 2495/2535 2496/2574 5628/6649 5627/6650
f 1893/3756 3320/3753 5703/6651 5599/6652
f 2497/2531 2506/2529 5638/6653 5629/6643
f 3223/2075 1884/2915 5593/6654 5697/6655
f 3353/3789 2500/3788 5632/6656 5704/6657
f 2437/2370 1837/2373 5584/6658 5614/6647
f 2471/3766 2470/3762 5623/6659 5624/6660
f 2469/3764 2471/3766 5624/6660 5622/6661
f 2465/4157 1898/4156 5601/6662 5618/6663
f 3290/3752 1882/2072 5592/6664 5701/6665
f 2520/3723 1866/4076 5588/6666 5647/6667
f 2513/2523 2495/2535 5627/6650 5645/6641
f 2470/3762 2473/3761 5626/6668 5623/6659
f 2496/2574 2511/2573 5643/6629 5628/6649
f 1882/2072 3263/2071 5699/6669 5592/6664
f 2498/2530 2512/2528 5644/6637 5630/6645
f 2529/2004 5524/2007 5835/6670 5648/6671
f 2467/2082 2472/2085 5625/6672 5620/6673
f 2472/2085 2468/3763 5621/6674 5625/6672
f 2509/2534 2510/2533 5642/6644 5641/6628
f 6063/4026 4163/5960 5733/6675 2970/6285
f 2468/3763 2469/3764 5622/6661 5621/6674
f 4724/3767 2467/2082 5620/6673 5813/6676
f 2422/3548 2924/3401 5686/6677 5607/6678
f 2421/3508 2566/3405 5649/6679 5606/6680
f 2899/3505 2421/3508 5606/6680 5684/6681
f 1846/2560 2520/3723 5647/6667 5585/6682
f 5525/4162 1847/4161 5586/6683 5836/6684
f 2424/3181 3013/3180 5690/6685 5609/6686
f 2438/4078 2466/2561 5619/6687 5615/6688
f 6217/6689 2985/6690 5689/6691 6267/6692
f 2900/3426 2428/3185 5613/6693 5685/6694
f 1897/2047 5600/6695 5837/6696 5526/2044
f 2423/3593 3037/3592 5691/6697 5608/6698
f 1898/4156 3365/3755 5705/6699 5601/6700
f 3073/2037 2438/4078 5615/6701 5692/6702
f 3139/3750 1887/3751 5596/6703 5694/6704
f 2570/3573 2362/3427 5603/6705 5650/6706
f 3172/3730 1886/4079 5595/6707 5695/6708
f 2428/3185 2932/3184 5687/6709 5613/6693
f 2427/3619 2607/3618 5670/6710 5612/6711
f 1847/4161 2465/4157 5618/6663 5586/6683
f 1892/3797 2446/4074 5616/6712 5598/6713
f 2466/2561 1846/2560 5585/6682 5619/6687
f 3105/3733 1888/2038 5597/6714 5693/6715
f 2473/3761 1880/3705 5590/6648 5626/6716
f 1837/2373 2529/2004 5648/6671 5584/6658
f 5524/2007 5526/2044 5837/6696 5835/6670
f 2506/2529 2507/2526 5639/6717 5638/6653
f 1866/4076 2446/4077 5616/6718 5588/6666
f 2507/2526 2508/2525 5640/6633 5639/6717
f 2566/3405 2419/3408 5604/6719 5649/6679
f 2303/3574 2570/3573 5650/6706 5602/6720
f 2576/3806 2577/3805 5652/6721 5651/6722
f 2584/3816 2578/3815 5653/6723 5659/6724
f 2709/3808 2591/3807 5666/6725 5674/6726
f 2589/3824 2807/3814 5678/6727 5664/6728
f 2592/3817 5577/3942 5841/6729 5667/6730
f 2579/3829 2588/3819 5663/6731 5654/6732
f 2593/3818 2592/3817 5667/6730 5668/6733
f 2588/3819 2576/3806 5651/6722 5663/6731
f 2587/3811 2808/3821 5679/6734 5662/6735
f 2586/3827 2590/3826 5665/6736 5661/6737
f 2659/3830 2586/3827 5661/6737 5672/6738
f 2590/3826 2584/3828 5659/6739 5665/6736
f 2660/3825 2589/3824 5664/6728 5673/6740
f 2758/3812 2587/3811 5662/6735 5676/6741
f 2582/3813 2759/3823 5677/6742 5657/6743
f 2594/3809 2581/3833 5656/6744 5669/6745
f 2578/3815 2579/3829 5654/6732 5653/6723
f 2885/3810 2594/3809 5669/6745 5683/6746
f 2419/3408 2593/3818 5668/6733 5604/6719
f 2581/3833 2303/3574 5602/6720 5656/6744
f 2610/3545 2422/3548 5607/6678 5671/6747
f 2585/3820 2659/3830 5672/6738 5660/6748
f 2577/3805 2660/3825 5673/6740 5652/6721
f 2580/3822 2709/3808 5674/6726 5655/6749
f 2710/3832 2583/3831 5658/6750 5675/6751
f 2583/3831 2758/3812 5676/6741 5658/6750
f 2759/3823 2580/3822 5655/6749 5677/6742
f 2807/3814 2582/3813 5657/6743 5678/6727
f 2808/3821 2585/3820 5660/6748 5679/6734
f 2828/3248 2841/3247 5682/6752 5681/6753
f 2841/3247 2955/3869 5688/6754 5682/6752
f 2591/3807 2885/3810 5683/6746 5666/6725
f 2420/3404 2899/3505 5684/6681 5605/6755
f 2362/3427 2900/3426 5685/6694 5603/6705
f 2924/3401 2420/3404 5605/6755 5686/6677
f 2932/3184 2427/3619 5612/6711 5687/6709
f 2955/3869 2426/3685 5611/4031 5688/6754
f 2607/3618 2828/3248 5681/6753 5670/6710
f 2811/3446 2610/3545 5671/6747 5680/6756
f 2985/4063 2424/3181 5609/6686 5689/6691
f 3013/3180 2423/3593 5608/6698 5690/6685
f 3037/3592 1892/3797 5598/6713 5691/6697
f 1888/2038 3073/2037 5692/6702 5597/6714
f 1887/3751 3105/3733 5693/6715 5596/6703
f 1886/4079 3139/3750 5694/6704 5595/6707
f 1885/3731 3172/3730 5695/6708 5594/6757
f 1884/2915 3204/2914 5696/6758 5593/6654
f 1878/2076 3223/2075 5697/6655 5589/6759
f 3255/3787 2503/3786 5635/6640 5698/6638
f 3263/2071 1878/2076 5589/6759 5699/6669
f 2501/3791 3284/3785 5700/6635 5633/6630
f 1881/3754 3290/3752 5701/6665 5591/6760
f 2500/3788 3315/3792 5702/6631 5632/6656
f 3320/3753 1881/3754 5591/6760 5703/6651
f 2499/2536 3353/3789 5704/6657 5631/6646
f 3365/3755 1893/3756 5599/6652 5705/6699
f 4246/4825 4248/4864 5765/6761 5763/6762
f 4238/6080 5079/6079 5827/6763 5755/6764
f 4241/4823 4245/4816 5762/6765 5758/6766
f 4242/6073 5048/6072 5825/6767 5759/6768
f 4251/4818 4249/4819 5766/6769 5768/6770
f 5019/6074 4242/6073 5759/6768 5823/6771
f 4239/6078 4240/6075 5757/6772 5756/6773
f 4250/4814 4251/4815 5768/6774 5767/6775
f 4234/4822 4247/4824 5764/6776 5751/6777
f 4235/4821 4239/6078 5756/6773 5752/6778
f 4236/4827 4241/4823 5758/6766 5753/6779
f 4174/4661 3617/5979 5712/6780 5736/6781
f 4233/4865 4232/4826 5749/6782 5750/6783
f 5084/6024 3630/6027 5721/6784 5828/6785
f 4243/4820 4234/4822 5751/6777 5760/6786
f 3621/5206 4986/4368 5822/6787 5715/6788
f 4237/6077 5117/6076 5829/6789 5754/6790
f 3574/4662 4174/4661 5736/6781 5706/6791
f 4207/6033 4208/6037 5746/6792 5745/6793
f 4208/6037 4206/6035 5744/6794 5746/6792
f 3635/6390 4202/6391 5740/6795 5723/6796
f 3619/4363 5054/6023 5826/6797 5714/6798
f 3603/6320 4257/5996 5769/6799 5710/6800
f 4232/4826 4250/4814 5767/6775 5749/6782
f 4210/6032 4207/6033 5745/6793 5748/6801
f 4248/4864 4233/4865 5750/6783 5765/6761
f 5027/4364 3619/4363 5714/6798 5824/6802
f 4249/4819 4235/4821 5752/6778 5766/6769
f 5527/4296 4266/4295 5770/6803 5838/6804
f 4209/4374 4204/4373 5742/6805 5747/6806
f 4205/6034 4209/4374 5747/6806 5743/6807
f 4247/4824 4246/4825 5763/6762 5764/6776
f 4206/6035 4205/6034 5743/6807 5744/6794
f 4204/4373 4724/6038 5813/6808 5742/6805
f 4677/5682 4159/5824 5729/6809 5810/6810
f 4304/5686 4158/5784 5728/6811 5771/6812
f 4158/5784 4652/5783 5808/6813 5728/6811
f 4257/5996 3583/4851 5707/6814 5769/6799
f 3584/6395 5528/6396 5839/6815 5708/6816
f 4774/5463 4161/5462 5731/6817 5815/6818
f 4203/4850 4175/6321 5737/6819 5741/6820
f 6245/5732 4162/4027 5732/6286 6268/6821
f 4165/5466 4653/5709 5809/6822 5735/6823
f 5529/4335 5840/6824 5722/6825 3634/4336
f 4799/5871 4160/5870 5730/6826 5816/6827
f 5129/6026 3635/6390 5723/6828 5830/6829
f 4175/6321 4836/4330 5817/6830 5737/6831
f 3624/6022 4905/6021 5819/6832 5718/6833
f 4099/5708 4308/5852 5772/6834 5725/6835
f 3623/6322 4938/6007 5820/6836 5717/6837
f 4685/5467 4165/5466 5735/6823 5811/6838
f 4360/5895 4164/5894 5734/6839 5792/6840
f 4202/6391 3584/6395 5708/6816 5740/6795
f 4183/6841 3629/6842 5720/6843 5738/6844
f 3583/4851 4203/4850 5741/6820 5707/6814
f 3625/4329 4870/6009 5818/6845 5719/6846
f 3617/5979 4210/6032 5748/6847 5712/6780
f 4266/4295 3574/4662 5706/6791 5770/6803
f 5529/4335 5527/4296 5838/6804 5840/6824
f 4244/4817 4243/4820 5760/6786 5761/6848
f 4183/6318 3603/6320 5710/6800 5738/6849
f 4245/4816 4244/4817 5761/6848 5762/6850
f 4156/5687 4304/5686 5771/6812 5726/6851
f 4308/5852 4040/5851 5724/6852 5772/6834
f 4315/6096 4314/6095 5773/6853 5774/6854
f 4316/6106 4322/6105 5781/6855 5775/6856
f 4329/6098 4462/6097 5796/6857 5788/6858
f 4560/6103 4327/6115 5786/6859 5800/6860
f 4463/6121 4330/6108 5789/6861 5797/6862
f 4326/6109 4317/6119 5776/6863 5785/6864
f 4330/6108 4331/6107 5790/6865 5789/6861
f 4314/6095 4326/6109 5785/6864 5773/6853
f 4561/6110 4325/6102 5784/6866 5801/6867
f 4328/6117 4324/6116 5783/6868 5787/6869
f 4324/6116 4412/6120 5794/6870 5783/6868
f 4322/6118 4328/6117 5787/6869 5781/6871
f 4327/6115 4413/6114 5795/6872 5786/6859
f 4325/6102 4511/6101 5798/6873 5784/6866
f 4512/6112 4320/6104 5779/6874 5799/6875
f 4319/6123 4332/6100 5791/6876 5778/6877
f 4317/6119 4316/6106 5775/6856 5776/6863
f 4332/6100 4638/6099 5807/6878 5791/6876
f 4331/6107 4156/5687 5726/6851 5790/6865
f 4040/5851 4319/6123 5778/6877 5724/6852
f 4159/5824 4363/5823 5793/6879 5729/6809
f 4412/6120 4323/6111 5782/6880 5794/6870
f 4413/6114 4315/6096 5774/6854 5795/6872
f 4462/6097 4318/6113 5777/6881 5796/6857
f 4321/6122 4463/6121 5797/6862 5780/6882
f 4511/6101 4321/6122 5780/6882 5798/6873
f 4318/6113 4512/6112 5799/6875 5777/6881
f 4320/6104 4560/6103 5800/6860 5779/6874
f 4323/6111 4561/6110 5801/6867 5782/6880
f 4594/5524 4581/5527 5804/6883 5805/6884
f 4564/6192 4577/6193 5803/6885 5802/6886
f 4707/6155 4594/5524 5805/6884 5812/6887
f 4577/5600 4601/5603 5806/6888 5803/6885
f 4638/6099 4329/6098 5788/6858 5807/6878
f 4652/5783 4157/5683 5727/6889 5808/6813
f 4653/5709 4099/5708 5725/6835 5809/6822
f 4157/5683 4677/5682 5810/6810 5727/6889
f 4164/5894 4685/5467 5811/6838 5734/6839
f 4163/5960 4707/6155 5812/6887 5733/6675
f 4581/5527 4360/5895 5792/6840 5804/6883
f 4363/5823 4564/6192 5802/6886 5793/6879
f 4161/5462 4745/6307 5814/6890 5731/6817
f 4160/5870 4774/5463 5815/6818 5730/6826
f 3629/6085 4799/5871 5816/6827 5720/6843
f 4836/4330 3625/4329 5719/6846 5817/6830
f 4870/6009 3624/6022 5718/6833 5818/6845
f 4905/6021 3623/6322 5717/6837 5819/6832
f 4938/6007 3622/6006 5716/6891 5820/6836
f 4969/5207 3621/5206 5715/6788 5821/6892
f 4986/4368 3615/4367 5711/6893 5822/6787
f 4240/6075 5019/6074 5823/6771 5757/6772
f 3615/4367 5027/4364 5824/6802 5711/6893
f 5048/6072 4238/6080 5755/6764 5825/6767
f 5054/6023 3618/6025 5713/6894 5826/6797
f 5079/6079 4237/6077 5754/6790 5827/6763
f 3618/6025 5084/6024 5828/6785 5713/6894
f 5117/6076 4236/4827 5753/6779 5829/6789
f 3630/6027 5129/6026 5830/6829 5721/6784
f 3204/2914 5330/6479 5831/6895 5696/6758
f 5330/6479 5331/4131 5832/6896 5831/6895
f 5331/4131 1885/3731 5594/6757 5832/6896
f 5400/6441 4969/5207 5821/6892 5833/6897
f 5401/6367 5400/6441 5833/6897 5834/6898
f 3622/6006 5401/6367 5834/6898 5716/6891
f 1861/4170 5525/4169 5836/6899 5587/6900
f 2448/4158 1861/4160 5587/6901 5617/6902
f 2448/4158 5617/6902 5600/6903 1897/4159
f 5528/6396 3598/6394 5709/6904 5839/6815
f 3598/6394 4185/6392 5739/6905 5709/6904
f 3634/6393 5722/6906 5739/6905 4185/6392
f 4601/3447 2811/3446 5680/6756 5806/6907
f 5577/3942 2710/3832 5675/6751 5841/6729
f 2855/3847 5583/3322 2853/3448 2848/3844
f 5846/6908 5854/6909 5851/6910 5843/6911
f 5849/6912 5857/6913 5852/6914 5844/6915
f 5847/6916 5843/6911 5851/6910 5855/6917
f 5845/6918 5853/6919 5850/6920 5842/6921
f 5847/6916 5855/6917 5857/6913 5849/6912
f 5845/6918 5848/6922 5856/6923 5853/6919
f 5846/6908 5842/6921 5850/6920 5854/6909
f 5848/6922 5844/6915 5852/6914 5856/6923
f 5854/6909 5850/6920 5858/6924 5862/6925
f 5856/6923 5852/6914 5860/6926 5864/6927
f 5854/6909 5862/6925 5859/6928 5851/6910
f 5857/6913 5865/6929 5860/6926 5852/6914
f 5855/6917 5851/6910 5859/6928 5863/6930
f 5853/6919 5861/6931 5858/6924 5850/6920
f 5855/6917 5863/6930 5865/6929 5857/6913
f 5853/6919 5856/6923 5864/6927 5861/6931
f 5879/6932 5869/6933 5866/6934 5878/6935
f 5887/6936 5871/6937 5873/6938 5886/6939
f 5879/6932 5894/6940 5872/6941 5869/6933
f 5895/6942 5878/6935 5866/6934 5870/6943
f 5894/6940 5902/6944 5868/6945 5872/6941
f 5895/6942 5870/6943 5867/6946 5906/6947
f 5886/6939 5873/6938 5868/6945 5902/6944
f 5887/6936 5906/6947 5867/6946 5871/6937
f 5869/6933 5872/6941 5868/6945 5874/6948
f 5874/6948 5868/6945 5873/6938 5871/6937
f 5866/6934 5869/6933 5874/6948 5870/6943
f 5870/6943 5874/6948 5871/6937 5867/6946
f 5863/6930 5859/6928 5903/6949 5890/6950
f 5890/6950 5903/6949 5904/6951 5889/6952
f 5889/6952 5904/6951 5905/6953 5888/6954
f 5888/6954 5905/6953 5906/6947 5887/6936
f 5865/6929 5883/6955 5899/6956 5860/6926
f 5883/6955 5884/6957 5900/6958 5899/6956
f 5884/6957 5885/6959 5901/6960 5900/6958
f 5885/6959 5886/6939 5902/6944 5901/6960
f 5862/6925 5898/6961 5903/6949 5859/6928
f 5898/6961 5897/6962 5904/6951 5903/6949
f 5897/6962 5896/6963 5905/6953 5904/6951
f 5896/6963 5895/6942 5906/6947 5905/6953
f 5864/6927 5860/6926 5899/6956 5891/6964
f 5891/6964 5899/6956 5900/6958 5892/6965
f 5892/6965 5900/6958 5901/6960 5893/6966
f 5893/6966 5901/6960 5902/6944 5894/6940
f 5862/6925 5858/6924 5875/6967 5898/6961
f 5898/6961 5875/6967 5876/6968 5897/6962
f 5897/6962 5876/6968 5877/6969 5896/6963
f 5896/6963 5877/6969 5878/6935 5895/6942
f 5861/6931 5864/6927 5891/6964 5882/6970
f 5882/6970 5891/6964 5892/6965 5881/6971
f 5881/6971 5892/6965 5893/6966 5880/6972
f 5880/6972 5893/6966 5894/6940 5879/6932
f 5863/6930 5890/6950 5883/6955 5865/6929
f 5890/6950 5889/6952 5884/6957 5883/6955
f 5889/6952 5888/6954 5885/6959 5884/6957
f 5888/6954 5887/6936 5886/6939 5885/6959
f 5861/6931 5882/6970 5875/6967 5858/6924
f 5882/6970 5881/6971 5876/6968 5875/6967
f 5881/6971 5880/6972 5877/6969 5876/6968
f 5880/6972 5879/6932 5878/6935 5877/6969
f 5911/6973 5919/6974 5916/6975 5908/6976
f 5914/6977 5922/6978 5917/6979 5909/6980
f 5912/6981 5908/6976 5916/6975 5920/6982
f 5910/6983 5918/6984 5915/6985 5907/6986
f 5912/6981 5920/6982 5922/6978 5914/6977
f 5910/6983 5913/6987 5921/6988 5918/6984
f 5911/6973 5907/6986 5915/6985 5919/6974
f 5913/6987 5909/6980 5917/6979 5921/6988
f 5919/6974 5915/6985 5923/6989 5927/6990
f 5921/6988 5917/6979 5925/6991 5929/6992
f 5919/6974 5927/6990 5924/6993 5916/6975
f 5922/6978 5930/6994 5925/6991 5917/6979
f 5920/6982 5916/6975 5924/6993 5928/6995
f 5918/6984 5926/6996 5923/6989 5915/6985
f 5920/6982 5928/6995 5930/6994 5922/6978
f 5918/6984 5921/6988 5929/6992 5926/6996
f 5944/6997 5934/6998 5931/6999 5943/7000
f 5952/7001 5936/7002 5938/7003 5951/7004
f 5944/6997 5959/7005 5937/7006 5934/6998
f 5960/7007 5943/7000 5931/6999 5935/7008
f 5959/7005 5967/7009 5933/7010 5937/7006
f 5960/7007 5935/7008 5932/7011 5971/7012
f 5951/7004 5938/7003 5933/7010 5967/7009
f 5952/7001 5971/7012 5932/7011 5936/7002
f 5934/6998 5937/7006 5933/7010 5939/7013
f 5939/7013 5933/7010 5938/7003 5936/7002
f 5931/6999 5934/6998 5939/7013 5935/7008
f 5935/7008 5939/7013 5936/7002 5932/7011
f 5928/6995 5924/6993 5968/7014 5955/7015
f 5955/7015 5968/7014 5969/7016 5954/7017
f 5954/7017 5969/7016 5970/7018 5953/7019
f 5953/7019 5970/7018 5971/7012 5952/7001
f 5930/6994 5948/7020 5964/7021 5925/6991
f 5948/7020 5949/7022 5965/7023 5964/7021
f 5949/7022 5950/7024 5966/7025 5965/7023
f 5950/7024 5951/7004 5967/7009 5966/7025
f 5927/6990 5963/7026 5968/7014 5924/6993
f 5963/7026 5962/7027 5969/7016 5968/7014
f 5962/7027 5961/7028 5970/7018 5969/7016
f 5961/7028 5960/7007 5971/7012 5970/7018
f 5929/6992 5925/6991 5964/7021 5956/7029
f 5956/7029 5964/7021 5965/7023 5957/7030
f 5957/7030 5965/7023 5966/7025 5958/7031
f 5958/7031 5966/7025 5967/7009 5959/7005
f 5927/6990 5923/6989 5940/7032 5963/7026
f 5963/7026 5940/7032 5941/7033 5962/7027
f 5962/7027 5941/7033 5942/7034 5961/7028
f 5961/7028 5942/7034 5943/7000 5960/7007
f 5926/6996 5929/6992 5956/7029 5947/7035
f 5947/7035 5956/7029 5957/7030 5946/7036
f 5946/7036 5957/7030 5958/7031 5945/7037
f 5945/7037 5958/7031 5959/7005 5944/6997
f 5928/6995 5955/7015 5948/7020 5930/6994
f 5955/7015 5954/7017 5949/7022 5948/7020
f 5954/7017 5953/7019 5950/7024 5949/7022
f 5953/7019 5952/7001 5951/7004 5950/7024
f 5926/6996 5947/7035 5940/7032 5923/6989
f 5947/7035 5946/7036 5941/7033 5940/7032
f 5946/7036 5945/7037 5942/7034 5941/7033
f 5945/7037 5944/6997 5943/7000 5942/7034
f 5976/7038 5984/7039 5981/7040 5973/7041
f 5979/7042 5987/7043 5982/7044 5974/7045
f 5977/7046 5973/7041 5981/7040 5985/7047
f 5975/7048 5983/7049 5980/7050 5972/7051
f 5977/7046 5985/7047 5987/7043 5979/7042
f 5975/7048 5978/7052 5986/7053 5983/7049
f 5976/7038 5972/7051 5980/7050 5984/7039
f 5978/7052 5974/7045 5982/7044 5986/7053
f 5984/7039 5980/7050 5988/7054 5992/7055
f 5986/7053 5982/7044 5990/7056 5994/7057
f 5984/7039 5992/7055 5989/7058 5981/7040
f 5987/7043 5995/7059 5990/7056 5982/7044
f 5985/7047 5981/7040 5989/7058 5993/7060
f 5983/7049 5991/7061 5988/7054 5980/7050
f 5985/7047 5993/7060 5995/7059 5987/7043
f 5983/7049 5986/7053 5994/7057 5991/7061
f 6009/7062 5999/7063 5996/7064 6008/7065
f 6017/7066 6001/7067 6003/7068 6016/7069
f 6009/7062 6024/7070 6002/7071 5999/7063
f 6025/7072 6008/7065 5996/7064 6000/7073
f 6024/7070 6032/7074 5998/7075 6002/7071
f 6025/7072 6000/7073 5997/7076 6036/7077
f 6016/7069 6003/7068 5998/7075 6032/7074
f 6017/7066 6036/7077 5997/7076 6001/7067
f 5999/7063 6002/7071 5998/7075 6004/7078
f 6004/7078 5998/7075 6003/7068 6001/7067
f 5996/7064 5999/7063 6004/7078 6000/7073
f 6000/7073 6004/7078 6001/7067 5997/7076
f 5993/7060 5989/7058 6033/7079 6020/7080
f 6020/7080 6033/7079 6034/7081 6019/7082
f 6019/7082 6034/7081 6035/7083 6018/7084
f 6018/7084 6035/7083 6036/7077 6017/7066
f 5995/7059 6013/7085 6029/7086 5990/7056
f 6013/7085 6014/7087 6030/7088 6029/7086
f 6014/7087 6015/7089 6031/7090 6030/7088
f 6015/7089 6016/7069 6032/7074 6031/7090
f 5992/7055 6028/7091 6033/7079 5989/7058
f 6028/7091 6027/7092 6034/7081 6033/7079
f 6027/7092 6026/7093 6035/7083 6034/7081
f 6026/7093 6025/7072 6036/7077 6035/7083
f 5994/7057 5990/7056 6029/7086 6021/7094
f 6021/7094 6029/7086 6030/7088 6022/7095
f 6022/7095 6030/7088 6031/7090 6023/7096
f 6023/7096 6031/7090 6032/7074 6024/7070
f 5992/7055 5988/7054 6005/7097 6028/7091
f 6028/7091 6005/7097 6006/7098 6027/7092
f 6027/7092 6006/7098 6007/7099 6026/7093
f 6026/7093 6007/7099 6008/7065 6025/7072
f 5991/7061 5994/7057 6021/7094 6012/7100
f 6012/7100 6021/7094 6022/7095 6011/7101
f 6011/7101 6022/7095 6023/7096 6010/7102
f 6010/7102 6023/7096 6024/7070 6009/7062
f 5993/7060 6020/7080 6013/7085 5995/7059
f 6020/7080 6019/7082 6014/7087 6013/7085
f 6019/7082 6018/7084 6015/7089 6014/7087
f 6018/7084 6017/7066 6016/7069 6015/7089
f 5991/7061 6012/7100 6005/7097 5988/7054
f 6012/7100 6011/7101 6006/7098 6005/7097
f 6011/7101 6010/7102 6007/7099 6006/7098
f 6010/7102 6009/7062 6008/7065 6007/7099
f 6046/5726 4712/6154 4714/6153 4429/5507
f 2286/3442 2639/3198 6091/7103 6090/6287
f 2639/3198 2339/3197 6092/7104 6091/7103
f 6041/7105 6092/7106 6093/7107 6040/7108
f 6040/7108 6093/7107 6094/7109 6039/7110
f 6039/7110 6094/7109 2967/7111 6038/7112
f 4478/5695 4043/5580 6095/7113 6088/7114
f 2953/3970 6045/7115 6044/7116 2945/3971
f 6172/6150 6173/6213 6130/6214 6128/6151
f 6190/7117 6199/7118 6102/7119 6110/7120
f 6188/6210 6193/7121 6100/7122 6099/6211
f 6189/6142 6190/7117 6110/7120 6098/6143
f 6191/3849 6195/7123 6111/7124 6104/3850
f 6198/7125 6192/6209 6119/6212 6145/7126
f 6193/7121 6194/6141 6108/6144 6100/7122
f 2960/3867 6037/7127 2676/3230 2962/3868
f 2957/3875 2296/3303 6045/7115 2953/3970
f 4033/4020 4709/6159 4705/6241 6054/4021
f 6054/4021 4705/6241 4698/6240 6053/7128
f 6195/7123 6196/6243 6113/6244 6111/7124
f 6174/5654 6175/6167 6132/6168 6122/5655
f 6176/3872 6177/7129 6154/7130 6153/3873
f 6177/7129 6178/3859 6155/3862 6154/7130
f 6197/3864 6198/7125 6145/7126 6146/3865
f 6199/7118 6200/3848 6106/3851 6102/7119
f 6179/5541 6180/3871 6143/3874 6123/5542
f 4043/5580 4526/5579 6096/7131 6095/7113
f 4526/5579 4076/5476 6067/7132 6096/7131
f 4076/5476 4392/5475 4728/7133 6067/7132
f 4392/5475 4023/5722 2972/7134 4728/7133
f 4023/5722 4020/5538 6071/7135 2972/7134
f 2349/3477 2860/3190 6068/7136 6079/7137
f 4020/5538 4071/5537 6087/4022 6071/7135
f 2411/3957 6076/4033 6073/3341 2681/3625
f 4333/3394 2416/3393 6076/4028 6080/4032
f 2786/3340 2321/3339 6083/3966 6069/4006
f 2316/3374 2292/3373 6078/3301 2968/4036
f 4333/5673 6080/5478 6056/5481 4153/5674
f 4423/5754 4730/4043 6059/3199 4086/5755
f 4494/5557 4727/5560 6057/5563 4068/5558
f 4029/5652 6058/6284 6061/4023 4032/5595
f 4079/5503 6060/5596 6066/5599 4053/5504
f 4434/5903 4047/5902 6065/6264 4731/5620
f 4403/5635 4733/4039 6064/5639 4061/5523
f 4061/5523 6064/5639 6060/5596 4079/5503
f 6085/3923 6090/6287 6043/7138 6044/7139
f 6090/6287 6091/7103 6042/7140 6043/7138
f 6091/7103 6092/7104 6041/7105 6042/7140
f 6092/7106 2339/3197 2773/3300 6093/7107
f 6093/7107 2773/3300 2306/3299 6094/7109
f 6094/7109 2306/3299 2725/3416 2967/7111
f 6088/7114 6095/7113 6048/7141 6047/5725
f 6095/7113 6096/7131 6049/7142 6048/7141
f 6096/7131 6067/7132 6050/7143 6049/7142
f 6067/7132 4728/7133 6051/7144 6050/7143
f 4728/7133 2972/7134 6052/7145 6051/7144
f 2972/7134 6071/7135 6053/7146 6052/7145
f 6079/7137 6068/7136 6202/4015 2348/3229
f 6071/7135 6087/4022 6054/4021 6053/7146
f 4478/5695 6088/7114 6089/5727 4038/5696
f 2331/3277 2786/3340 6069/4006 6077/3280
f 2309/3978 2741/3278 6070/3279 4732/3344
f 6037/7127 2969/3444 6072/3981 2676/3230
f 2321/3339 2650/3356 6074/3357 6083/3966
f 6045/7115 6086/3595 6085/3923 6044/7116
f 2860/3190 2533/3189 6075/3683 6203/3794
f 2533/3189 2425/3454 6084/3684 6075/3683
f 2296/3303 6082/3302 6086/3595 6045/7115
f 6038/7112 2967/7111 2969/3444 6037/7127
f 2324/3246 2342/3226 6081/3317 4729/3358
f 2650/3356 2324/3246 4729/3358 6074/3357
f 2681/3625 6073/3341 4732/3344 2310/3626
f 2342/3226 2316/3225 2968/3318 6081/3317
f 2292/3373 2295/3316 6082/3594 6078/3301
f 2741/3278 2331/3277 6077/3280 6070/3279
f 2670/3478 2349/3477 6079/7137 6072/3981
f 4086/5755 6059/3199 2973/3202 4612/4034
f 6101/7147 6102/7119 6106/3851 6105/7148
f 6103/7149 6104/3850 6111/7124 6113/6244
f 6101/7150 6120/7151 6116/7152 6109/7153
f 6109/7154 6097/7155 6098/6143 6110/7120
f 6115/7156 6107/7157 6097/7158 6118/7159
f 6097/7155 6107/7157 6108/6144 6098/6143
f 6112/7160 6103/7149 6113/6244 6117/6139
f 6101/7147 6105/7148 6114/7161 6120/7151
f 6114/7161 6105/7148 6103/7149 6112/7160
f 6105/7148 6106/3851 6104/3850 6103/7149
f 6101/7147 6109/7153 6110/7120 6102/7119
f 6107/7157 6099/6211 6100/7122 6108/6144
f 6115/7156 6119/6212 6099/6211 6107/7157
f 6109/7153 6116/7152 6118/7159 6097/7155
f 6125/7162 6129/7163 6130/6214 6126/3936
f 6127/7164 6137/3855 6135/6152 6128/6151
f 6125/7165 6133/7166 6140/7167 6144/7168
f 6133/7169 6134/3935 6122/5655 6121/7170
f 6139/7171 6142/7172 6121/7173 6131/7174
f 6121/7170 6122/5655 6132/6168 6131/7174
f 6136/7175 6141/3856 6137/3855 6127/7164
f 6125/7162 6144/7168 6138/7176 6129/7163
f 6138/7176 6136/7175 6127/7164 6129/7163
f 6129/7163 6127/7164 6128/6151 6130/6214
f 6125/7162 6126/3936 6134/3935 6133/7166
f 6131/7174 6132/6168 6124/5543 6123/5542
f 6139/7171 6131/7174 6123/5542 6143/3874
f 6133/7166 6121/7170 6142/7172 6140/7167
f 6117/6139 6152/6138 6151/6158 6112/7160
f 6112/7160 6151/6158 6150/3973 6114/7161
f 6114/7161 6150/3973 6149/3932 6120/7151
f 6120/7151 6149/3932 6148/3886 6116/7152
f 6116/7152 6148/3886 6147/3866 6118/7159
f 6118/7159 6147/3866 6146/3865 6115/7156
f 6115/7156 6146/3865 6145/7126 6119/6212
f 6160/6148 6141/3856 6136/7175 6159/3940
f 6159/3940 6136/7175 6138/7176 6158/3922
f 6158/3922 6138/7176 6144/7168 6157/3884
f 6157/3884 6144/7168 6140/7167 6156/3861
f 6156/3861 6140/7167 6142/7172 6155/3862
f 6155/3862 6142/7172 6139/7171 6154/7130
f 6154/7130 6139/7171 6143/3874 6153/3873
f 4599/5908 4712/6154 6180/7177 6179/7178
f 6047/5725 6048/7141 6178/7179 6177/7180
f 6046/5726 6047/5725 6177/7180 6176/7181
f 4566/6132 4588/6215 6175/7182 6174/7183
f 4572/6182 4584/6179 6173/7184 6172/7185
f 6053/7128 4698/6240 6171/7186 6170/7187
f 4584/6179 4568/6180 6169/7188 6173/7184
f 4600/6239 4574/6169 6168/7189 6167/7190
f 4588/6215 4567/5909 6166/7191 6175/7182
f 4574/6169 4572/6182 6172/7185 6168/7189
f 6052/7145 6053/7146 6170/7187 6165/7192
f 4590/6133 4566/6132 6174/7183 6164/7193
f 4567/5909 4599/5908 6179/7178 6166/7191
f 6051/7144 6052/7145 6165/7192 6163/7194
f 4568/6180 4590/6133 6164/7193 6169/7188
f 6050/7143 6051/7144 6163/7194 6162/7195
f 6049/7142 6050/7143 6162/7195 6161/7196
f 4712/6154 6046/5726 6176/7181 6180/7177
f 6048/7141 6049/7142 6161/7196 6178/7179
f 4698/6240 4600/6239 6167/7190 6171/7186
f 2815/3898 2831/3897 6200/7197 6199/7198
f 6038/7112 6037/7127 6198/7199 6197/7200
f 2821/3887 2847/3968 6196/7201 6195/7202
f 2814/3635 2835/3937 6194/7203 6193/7204
f 6037/7127 2960/3867 6192/7205 6198/7199
f 2819/3900 2821/3887 6195/7202 6191/7206
f 2813/3842 2837/3843 6190/7207 6189/7208
f 2846/3632 2814/3635 6193/7204 6188/7209
f 2837/3843 2815/3898 6199/7198 6190/7207
f 2847/3968 2945/3971 6187/7210 6196/7201
f 2960/3867 2846/3632 6188/7209 6192/7205
f 6044/7139 6043/7138 6186/7211 6185/7212
f 6043/7138 6042/7140 6184/7213 6186/7211
f 2835/3937 2813/3842 6189/7208 6194/7203
f 2945/3971 6044/7116 6185/7212 6187/7210
f 6042/7140 6041/7105 6183/7214 6184/7213
f 6041/7105 6040/7108 6182/7215 6183/7214
f 6040/7108 6039/7110 6181/7216 6182/7215
f 6039/7110 6038/7112 6197/7200 6181/7216
f 2831/3897 2819/3900 6191/7206 6200/7197
f 2868/7217 2966/7218 6207/7219 6205/7220
f 6068/7221 2860/7222 6204/7223 6208/7224
f 2888/7225 6201/7226 6209/7227 6206/7228
f 6202/7229 6068/7221 6208/7224 6210/7230
f 6201/7226 6202/7229 6210/7230 6209/7227
f 2966/7218 2888/7231 6206/7232 6207/7219
f 6203/7233 2868/7217 6205/7220 6211/7234
f 4745/6307 6245/5732 6268/6821 5814/6890
f 2425/3454 6217/3453 6267/6692 5610/6083
f 4440/5623 4046/5622 6243/6248 6251/6300
f 4153/5674 4440/5623 6251/6300 6244/5675
f 4734/6288 6258/5756 6257/5468 4761/6289
f 4739/6290 6260/5477 6256/5578 4760/6291
f 4738/6292 6259/5559 6255/5616 4759/6293
f 4742/5917 6243/6305 6254/5556 4758/6294
f 4741/6295 6262/5581 6253/5694 4757/6296
f 4744/6297 6263/5697 6252/5753 4756/6298
f 4736/6301 6241/5723 6250/5474 4754/6302
f 4748/6303 6266/5619 6249/5634 4753/6304
f 4756/6298 6252/5753 6258/5756 4734/6288
f 4752/6306 6248/5469 6245/5732 4745/6307
f 4740/6308 6261/5539 6241/5723 4736/6301
f 4747/6309 6265/5653 6246/5594 4750/6310
f 4757/6296 6253/5694 6263/5697 4744/6297
f 4749/6311 6239/5672 6244/5675 4743/6225
f 4746/6312 6264/5650 6265/5653 4747/6309
f 4753/6304 6249/5634 6247/5522 4751/6313
f 4759/6293 6255/5616 6266/5619 4748/6303
f 4750/6310 6246/5594 6242/5536 4737/6314
f 4760/6291 6256/5578 6262/5581 4741/6295
f 4758/6294 6254/5556 6259/5559 4738/6292
f 4737/6314 6242/5536 6261/5539 4740/6308
f 4751/6313 6247/5522 6240/5502 4735/6315
f 4735/6315 6240/5502 6264/5505 4746/6316
f 4754/6302 6250/5474 6260/5477 4739/6290
f 4761/6289 6257/5468 6248/5469 4752/6306
f 2687/3342 6223/4057 6215/4062 2309/3343
f 2416/3393 6216/3392 6223/4057 2687/3342
f 2974/4046 3000/4045 6229/3187 6230/3476
f 2979/4048 2999/4047 6228/3297 6232/3196
f 2978/4050 2998/4049 6227/3337 6231/3276
f 2982/3643 2997/4051 6226/3275 6215/4062
f 2981/4053 2996/4052 6225/3413 6234/3298
f 2984/4055 2995/4054 6224/3475 6235/3414
f 2976/4059 2993/4058 6222/3195 6213/3441
f 2988/4061 2992/4060 6221/3355 6238/3338
f 2995/4054 2974/4046 6230/3476 6224/3475
f 2991/4064 2985/4063 6217/6689 6220/3188
f 2980/4065 2976/4059 6213/3441 6233/3260
f 2987/4067 2989/4066 6218/3315 6237/3372
f 2996/4052 2984/4055 6235/3414 6225/3413
f 4749/4068 2983/3952 6216/4056 6239/3391
f 2986/4069 2987/4067 6237/3372 6236/3371
f 2992/4060 2990/4070 6219/3245 6221/3355
f 2998/4049 2988/4061 6238/3338 6227/3337
f 2989/4066 2977/4071 6214/3259 6218/3315
f 2999/4047 2981/4053 6234/3298 6228/3297
f 2997/4051 2978/4050 6231/3276 6226/3275
f 2977/4071 2980/4065 6233/3260 6214/3259
f 2990/4070 2975/4072 6212/3223 6219/3245
f 2975/4072 2986/4073 6236/3224 6212/3223
f 2993/4058 2979/4048 6232/3196 6222/3195
f 3000/4045 2991/4064 6220/3188 6229/3187
f 2860/7222 6203/7233 6211/7234 6204/7223
f 6354/7235 6357/7236 6341/7237 6311/7238
f 6311/7238 6341/7237 6320/7239 6315/7240
f 8266/7241 6278/7242 6277/7243 8261/7244
f 8261/7244 6277/7243 6284/7245 8263/7246
f 8262/7247 8254/7248 6285/7249 6282/7250
f 6349/7251 6350/7252 6286/7253 6283/7254
f 8254/7248 8252/7255 6288/7256 6285/7249
f 6350/7252 6351/7257 6289/7258 6286/7253
f 8256/7259 8246/7260 6291/7261 6358/7262
f 6363/7263 6352/7264 6292/7265 6360/7266
f 6766/7267 6887/7268 6883/7269 6767/7270
f 6612/7271 6900/7272 6894/7273 6400/7274
f 6325/7275 6324/7276 6294/7277 6305/7278
f 6884/7279 6910/7280 6769/7281 6768/7282
f 7856/7283 6340/7284 6297/7285 7860/7286
f 6348/7287 6354/7288 6311/7289 6296/7290
f 8279/7291 8239/7292 6299/7293 7052/7294
f 8273/7295 8242/7296 6301/7297 6943/7298
f 8242/7296 8236/7299 6302/7300 6301/7297
f 8244/7301 8258/7302 6303/7303 6364/7304
f 7068/7305 6326/7306 6300/7307 7067/7308
f 6348/7287 6296/7290 6295/7309 6353/7310
f 6972/7311 6314/7312 6306/7313 6945/7314
f 8250/7315 7853/7316 6278/7242 8266/7241
f 6314/7312 6323/7317 6308/7318 6306/7313
f 7071/7319 6337/7320 6298/7321 7051/7322
f 6328/7323 6276/7324 6283/7325 6319/7326
f 6959/7327 6330/7328 6304/7329 6947/7330
f 6330/7328 6336/7331 6307/7332 6304/7329
f 6368/7333 6339/7334 6310/7335 6367/7336
f 8241/7337 6370/7338 6303/7303 8258/7302
f 6347/7339 6355/7340 6309/7341 6270/7342
f 6366/7343 6327/7344 6309/7345 6365/7346
f 6270/7342 6309/7341 6327/7344 6313/7347
f 6295/7348 6321/7349 6325/7275 6305/7278
f 6296/7290 6311/7289 6315/7350 6322/7351
f 6295/7348 6296/7290 6322/7351 6321/7349
f 6273/7352 7858/7353 7859/7354 6275/7355
f 6400/7274 6894/7273 6898/7356 6478/7357
f 6360/7266 6292/7265 6316/7358 6361/7359
f 6286/7253 6289/7258 6317/7360 6318/7361
f 6283/7325 6286/7253 6318/7361 6319/7326
f 6341/7237 6276/7324 6328/7323 6320/7239
f 8234/7362 8265/7363 6281/7364 6269/7365
f 6272/7366 7857/7367 7855/7368 6279/7369
f 6279/7369 7855/7368 7858/7370 6273/7371
f 6349/7372 6346/7373 6312/7374 6332/7375
f 6271/7376 6310/7335 6339/7334 6329/7377
f 6661/7378 6918/7379 6915/7380 6660/7381
f 6369/7382 6355/7383 6339/7334 6368/7333
f 6342/7384 6343/7385 6336/7331 6330/7328
f 6975/7386 6342/7384 6330/7328 6959/7327
f 7078/7387 6344/7388 6337/7320 7071/7319
f 6356/7389 6305/7278 6294/7277 6345/7390
f 6358/7262 6291/7261 6335/7391 6362/7392
f 6285/7249 6288/7256 6334/7393 6333/7394
f 6282/7250 6285/7249 6333/7394 6332/7395
f 6312/7374 6274/7396 6282/7250 6332/7375
f 6292/7265 6935/7397 6897/7398 6316/7358
f 6291/7261 6919/7399 6937/7400 6335/7391
f 6933/7401 6939/7402 6788/7403 6789/7404
f 6482/7405 6903/7406 6896/7407 6313/7408
f 6353/7409 6356/7410 6340/7411 6272/7412
f 6275/7413 6331/7414 6274/7396 6312/7374
f 8249/7415 8234/7362 6269/7365 7861/7416
f 7857/7367 6272/7366 6340/7411 7856/7283
f 6275/7355 7859/7354 7854/7417 6331/7414
f 6340/7284 6338/7418 6280/7419 6297/7285
f 6346/7373 6357/7420 6275/7413 6312/7374
f 6276/7324 6341/7237 6357/7236 6346/7373
f 6295/7309 6305/7278 6356/7389 6353/7310
f 6340/7411 6356/7410 6345/7390 6338/7418
f 7067/7308 6300/7307 6344/7388 7078/7387
f 6945/7314 6306/7313 6342/7384 6975/7386
f 6306/7313 6308/7318 6343/7385 6342/7384
f 6365/7346 6309/7345 6355/7340 6369/7382
f 6283/7254 6276/7324 6346/7373 6349/7251
f 6329/7377 6339/7334 6355/7383 6347/7339
f 6279/7369 6348/7287 6353/7310 6272/7366
f 6279/7369 6273/7371 6354/7288 6348/7287
f 6362/7392 6335/7391 6352/7264 6363/7263
f 6333/7394 6334/7393 6351/7257 6350/7252
f 6332/7395 6333/7394 6350/7252 6349/7372
f 6273/7352 6275/7355 6357/7420 6354/7235
f 6334/7393 6362/7392 6363/7263 6351/7257
f 6288/7256 6358/7262 6362/7392 6334/7393
f 6289/7258 6360/7266 6361/7359 6317/7360
f 6351/7257 6363/7263 6360/7266 6289/7258
f 8252/7255 8256/7259 6358/7262 6288/7256
f 6308/7318 6365/7346 6369/7382 6343/7385
f 6343/7385 6369/7382 6368/7333 6336/7331
f 6323/7317 6366/7343 6365/7346 6308/7318
f 6336/7331 6368/7333 6367/7336 6307/7332
f 8236/7299 8244/7301 6364/7304 6302/7300
f 6765/7421 6889/7422 6887/7268 6766/7267
f 6389/7423 6877/7424 6878/7425 6577/7426
f 6578/7427 6573/7428 6374/7429 6387/7430
f 6583/7431 6537/7432 6379/7433 6383/7434
f 6588/7435 6542/7436 6375/7437 6376/7438
f 6593/7439 6547/7440 6373/7441 6380/7442
f 6598/7443 6552/7444 6388/7445 6385/7446
f 6603/7447 6588/7435 6376/7438 6377/7448
f 6537/7432 6593/7439 6380/7442 6379/7433
f 6608/7449 6598/7443 6385/7446 6371/7450
f 6613/7451 6557/7452 6386/7453 6378/7454
f 6552/7444 6562/7455 6381/7456 6388/7445
f 6547/7457 6613/7451 6378/7454 6373/7458
f 6557/7452 6603/7447 6377/7448 6386/7453
f 6884/7279 6768/7282 6767/7270 6883/7269
f 6562/7455 6567/7459 6372/7460 6381/7456
f 6618/7461 6583/7431 6383/7434 6382/7462
f 6542/7436 6578/7427 6387/7430 6375/7437
f 7023/7463 6572/7464 6384/7465 7011/7466
f 7001/7467 6618/7461 6382/7462 6982/7468
f 6979/7469 6488/7470 6405/7471 7002/7472
f 7028/7473 6532/7474 6406/7475 7033/7476
f 6502/7477 6448/7478 6390/7479 6393/7480
f 6488/7470 6453/7481 6392/7482 6405/7471
f 6522/7483 6527/7484 6404/7485 6403/7486
f 6517/7487 6473/7488 6399/7489 6401/7490
f 6507/7491 6483/7492 6402/7493 6395/7494
f 6512/7495 6522/7483 6403/7486 6397/7496
f 6483/7492 6517/7487 6401/7490 6402/7493
f 6478/7357 6468/7497 6398/7498 6400/7274
f 6497/7499 6463/7500 6396/7501 6391/7502
f 6473/7488 6458/7503 6394/7504 6399/7489
f 6468/7497 6512/7495 6397/7496 6398/7498
f 6463/7500 6507/7505 6395/7506 6396/7501
f 6458/7503 6502/7477 6393/7480 6394/7504
f 6453/7481 6497/7499 6391/7502 6392/7482
f 6448/7478 6443/7507 6389/7508 6390/7479
f 6713/7509 6686/7510 6424/7511 6411/7512
f 6706/7513 6651/7514 6415/7515 6409/7516
f 6699/7517 6672/7518 6420/7519 6407/7520
f 6741/7521 6630/7522 6410/7523 6421/7524
f 6734/7525 6658/7526 6416/7527 6419/7528
f 7009/7529 6679/7530 6422/7531 6989/7532
f 6686/7510 6665/7533 6418/7534 6424/7511
f 7013/7535 6748/7536 6423/7537 7025/7538
f 6679/7530 6741/7521 6421/7524 6422/7531
f 6672/7518 6734/7525 6419/7528 6420/7519
f 6665/7533 6727/7539 6417/7540 6418/7534
f 6876/7541 6934/7542 6444/7543 6445/7544
f 6720/7545 6623/7546 6408/7547 6413/7548
f 6651/7549 6644/7550 6414/7551 6415/7552
f 6644/7550 6720/7545 6413/7548 6414/7551
f 6637/7553 6713/7509 6411/7512 6412/7554
f 6630/7522 6706/7513 6409/7516 6410/7523
f 6623/7546 6699/7517 6407/7520 6408/7547
f 6430/7555 6440/7556 7115/7557 7110/7558
f 7138/7559 7141/7560 7091/7561 7084/7562
f 6439/7563 6442/7564 7109/7565 7107/7566
f 7139/7567 7131/7568 7114/7569 7125/7570
f 7140/7571 7139/7567 7125/7570 7105/7572
f 6907/7573 6438/7574 7111/7575 7116/7576
f 7130/7577 7138/7559 7084/7562 7082/7578
f 6429/7579 6439/7563 7107/7566 7106/7580
f 6437/7581 6426/7582 7104/7583 7090/7584
f 7030/7585 6965/7586 7123/7587 7118/7588
f 7127/7589 7128/7590 7089/7591 7087/7592
f 7137/7593 7129/7594 7095/7595 7096/7596
f 6431/7597 6441/7598 7113/7599 7101/7600
f 6438/7574 6430/7555 7110/7558 7111/7575
f 6426/7582 6434/7601 7081/7602 7104/7583
f 7132/7603 7130/7577 7082/7578 7102/7604
f 7131/7568 7132/7603 7102/7604 7114/7569
f 6611/7605 6610/7606 6906/7607 6891/7608
f 6882/7609 6902/7610 6609/7611 6608/7612
f 6790/7613 6932/7614 6933/7401 6789/7404
f 6934/7542 6929/7615 6443/7616 6444/7543
f 6890/7617 6905/7618 6575/7619 6576/7620
f 6361/7359 6316/7358 6447/7621 6452/7622
f 6452/7622 6447/7621 6446/7623 6451/7624
f 6451/7624 6446/7623 6445/7625 6450/7626
f 6450/7626 6445/7625 6444/7543 6449/7627
f 6449/7627 6444/7543 6443/7616 6448/7478
f 6325/7275 6321/7349 6493/7628 6457/7629
f 6457/7629 6493/7628 6494/7630 6456/7631
f 6456/7631 6494/7630 6495/7632 6455/7633
f 6455/7633 6495/7632 6496/7634 6454/7635
f 6454/7635 6496/7634 6497/7499 6453/7481
f 6318/7361 6317/7360 6498/7636 6462/7637
f 6462/7637 6498/7636 6499/7638 6461/7639
f 6461/7639 6499/7638 6500/7640 6460/7641
f 6460/7641 6500/7640 6501/7642 6459/7643
f 6459/7643 6501/7642 6502/7477 6458/7503
f 6322/7351 6315/7350 6503/7644 6467/7645
f 6467/7645 6503/7644 6504/7646 6466/7647
f 6466/7647 6504/7646 6505/7648 6465/7649
f 6465/7649 6505/7648 6506/7650 6464/7651
f 6464/7651 6506/7650 6507/7505 6463/7500
f 6327/7344 6366/7343 6508/7652 6472/7653
f 6472/7653 6508/7652 6509/7654 6471/7655
f 6471/7655 6509/7654 6510/7656 6470/7657
f 6470/7657 6510/7656 6511/7658 6469/7659
f 6469/7659 6511/7658 6512/7495 6468/7497
f 6319/7326 6318/7361 6462/7637 6477/7660
f 6477/7660 6462/7637 6461/7639 6476/7661
f 6476/7661 6461/7639 6460/7641 6475/7662
f 6475/7662 6460/7641 6459/7643 6474/7663
f 6474/7663 6459/7643 6458/7503 6473/7488
f 6321/7349 6322/7351 6467/7645 6493/7628
f 6493/7628 6467/7645 6466/7647 6494/7630
f 6494/7630 6466/7647 6465/7649 6495/7632
f 6495/7632 6465/7649 6464/7651 6496/7634
f 6496/7634 6464/7651 6463/7500 6497/7499
f 6313/7347 6327/7344 6472/7653 6482/7405
f 6482/7405 6472/7653 6471/7655 6481/7664
f 6481/7664 6471/7655 6470/7657 6480/7665
f 6480/7665 6470/7657 6469/7659 6479/7666
f 6479/7666 6469/7659 6468/7497 6478/7357
f 6320/7239 6328/7323 6513/7667 6487/7668
f 6487/7668 6513/7667 6514/7669 6486/7670
f 6486/7670 6514/7669 6515/7671 6485/7672
f 6485/7672 6515/7671 6516/7673 6484/7674
f 6484/7674 6516/7673 6517/7487 6483/7492
f 6366/7343 6323/7317 6518/7675 6508/7652
f 6508/7652 6518/7675 6519/7676 6509/7654
f 6509/7654 6519/7676 6520/7677 6510/7656
f 6510/7656 6520/7677 6521/7678 6511/7658
f 6511/7658 6521/7678 6522/7483 6512/7495
f 6315/7240 6320/7239 6487/7668 6503/7679
f 6503/7679 6487/7668 6486/7670 6504/7680
f 6504/7680 6486/7670 6485/7672 6505/7681
f 6505/7681 6485/7672 6484/7674 6506/7682
f 6506/7682 6484/7674 6483/7492 6507/7491
f 6328/7323 6319/7326 6477/7660 6513/7667
f 6513/7667 6477/7660 6476/7661 6514/7669
f 6514/7669 6476/7661 6475/7662 6515/7671
f 6515/7671 6475/7662 6474/7663 6516/7673
f 6516/7673 6474/7663 6473/7488 6517/7487
f 6664/7683 6911/7684 6912/7685 6663/7686
f 6478/7357 6898/7356 6899/7687 6479/7666
f 7133/7688 7134/7689 7100/7690 7094/7691
f 6899/7687 6875/7692 6480/7665 6479/7666
f 6323/7317 6314/7312 6523/7693 6518/7675
f 6518/7675 6523/7693 6524/7694 6519/7676
f 6519/7676 6524/7694 6525/7695 6520/7677
f 6520/7677 6525/7695 6526/7696 6521/7678
f 6521/7678 6526/7696 6527/7484 6522/7483
f 6324/7276 6325/7275 6457/7629 6492/7697
f 6492/7697 6457/7629 6456/7631 6491/7698
f 6491/7698 6456/7631 6455/7633 6490/7699
f 6490/7699 6455/7633 6454/7635 6489/7700
f 6489/7700 6454/7635 6453/7481 6488/7470
f 6317/7360 6361/7359 6452/7622 6498/7636
f 6498/7636 6452/7622 6451/7624 6499/7638
f 6499/7638 6451/7624 6450/7626 6500/7640
f 6500/7640 6450/7626 6449/7627 6501/7642
f 6501/7642 6449/7627 6448/7478 6502/7477
f 7037/7701 6326/7702 6528/7703 7029/7704
f 7029/7704 6528/7703 6529/7705 7031/7706
f 7031/7706 6529/7705 6530/7707 7027/7708
f 7027/7708 6530/7707 6531/7709 7026/7710
f 7026/7710 6531/7709 6532/7474 7028/7473
f 7007/7711 6324/7276 6492/7697 6978/7712
f 6978/7712 6492/7697 6491/7698 6977/7713
f 6977/7713 6491/7698 6490/7699 6980/7714
f 6980/7714 6490/7699 6489/7700 6981/7715
f 6981/7715 6489/7700 6488/7470 6979/7469
f 7002/7472 6405/7471 6622/7716 6994/7717
f 6994/7717 6622/7716 6621/7718 6997/7719
f 6997/7719 6621/7718 6620/7720 6987/7721
f 6987/7721 6620/7720 6619/7722 6999/7723
f 6999/7723 6619/7722 6618/7461 7001/7467
f 6611/7605 6891/7608 6900/7272 6612/7271
f 6436/7724 6437/7725 7090/7726 7086/7727
f 6573/7428 6886/7728 6885/7729 6374/7429
f 7033/7476 6406/7475 6568/7730 7016/7731
f 7016/7731 6568/7730 6569/7732 7017/7733
f 7017/7733 6569/7732 6570/7734 7020/7735
f 7020/7735 6570/7734 6571/7736 7018/7737
f 7018/7737 6571/7736 6572/7464 7023/7463
f 6393/7480 6390/7479 6582/7738 6538/7739
f 6538/7739 6582/7738 6581/7740 6539/7741
f 6539/7741 6581/7740 6580/7742 6540/7743
f 6540/7743 6580/7742 6579/7744 6541/7745
f 6541/7745 6579/7744 6578/7427 6542/7436
f 6405/7471 6392/7482 6587/7746 6622/7716
f 6622/7716 6587/7746 6586/7747 6621/7718
f 6621/7718 6586/7747 6585/7748 6620/7720
f 6620/7720 6585/7748 6584/7749 6619/7722
f 6619/7722 6584/7749 6583/7431 6618/7461
f 6403/7486 6404/7485 6563/7750 6558/7751
f 6558/7751 6563/7750 6564/7752 6559/7753
f 6559/7753 6564/7752 6565/7754 6560/7755
f 6560/7755 6565/7754 6566/7756 6561/7757
f 6561/7757 6566/7756 6567/7459 6562/7455
f 6910/7280 6927/7758 6412/7759 6769/7281
f 6447/7621 6904/7760 6909/7761 6446/7623
f 6401/7490 6399/7489 6607/7762 6553/7763
f 6553/7763 6607/7762 6606/7764 6554/7765
f 6554/7765 6606/7764 6605/7766 6555/7767
f 6555/7767 6605/7766 6604/7768 6556/7769
f 6556/7769 6604/7768 6603/7447 6557/7452
f 6395/7494 6402/7493 6617/7770 6543/7771
f 6543/7771 6617/7770 6616/7772 6544/7773
f 6544/7773 6616/7772 6615/7774 6545/7775
f 6545/7775 6615/7774 6614/7776 6546/7777
f 6546/7777 6614/7776 6613/7451 6547/7457
f 6397/7496 6403/7486 6558/7751 6548/7778
f 6548/7778 6558/7751 6559/7753 6549/7779
f 6549/7779 6559/7753 6560/7755 6550/7780
f 6550/7780 6560/7755 6561/7757 6551/7781
f 6551/7781 6561/7757 6562/7455 6552/7444
f 6402/7493 6401/7490 6553/7763 6617/7770
f 6617/7770 6553/7763 6554/7765 6616/7772
f 6616/7772 6554/7765 6555/7767 6615/7774
f 6615/7774 6555/7767 6556/7769 6614/7776
f 6614/7776 6556/7769 6557/7452 6613/7451
f 6400/7274 6398/7498 6602/7782 6612/7271
f 6612/7271 6602/7782 6601/7783 6611/7605
f 6611/7605 6601/7783 6600/7784 6610/7606
f 6610/7606 6600/7784 6599/7785 6609/7786
f 6609/7786 6599/7785 6598/7443 6608/7612
f 6391/7502 6396/7501 6597/7787 6533/7788
f 6533/7788 6597/7787 6596/7789 6534/7790
f 6534/7790 6596/7789 6595/7791 6535/7792
f 6535/7792 6595/7791 6594/7793 6536/7794
f 6536/7794 6594/7793 6593/7439 6537/7432
f 6399/7489 6394/7504 6592/7795 6607/7762
f 6607/7762 6592/7795 6591/7796 6606/7764
f 6606/7764 6591/7796 6590/7797 6605/7766
f 6605/7766 6590/7797 6589/7798 6604/7768
f 6604/7768 6589/7798 6588/7435 6603/7447
f 6398/7498 6397/7496 6548/7778 6602/7782
f 6602/7782 6548/7778 6549/7779 6601/7783
f 6601/7783 6549/7779 6550/7780 6600/7784
f 6600/7784 6550/7780 6551/7781 6599/7785
f 6599/7785 6551/7781 6552/7444 6598/7443
f 6396/7501 6395/7506 6543/7799 6597/7787
f 6597/7787 6543/7799 6544/7800 6596/7789
f 6596/7789 6544/7800 6545/7801 6595/7791
f 6595/7791 6545/7801 6546/7802 6594/7793
f 6594/7793 6546/7802 6547/7440 6593/7439
f 6394/7504 6393/7480 6538/7739 6592/7795
f 6592/7795 6538/7739 6539/7741 6591/7796
f 6591/7796 6539/7741 6540/7743 6590/7797
f 6590/7797 6540/7743 6541/7745 6589/7798
f 6589/7798 6541/7745 6542/7436 6588/7435
f 6392/7482 6391/7502 6533/7788 6587/7746
f 6587/7746 6533/7788 6534/7790 6586/7747
f 6586/7747 6534/7790 6535/7792 6585/7748
f 6585/7748 6535/7792 6536/7794 6584/7749
f 6584/7749 6536/7794 6537/7432 6583/7431
f 6390/7479 6389/7508 6577/7426 6582/7738
f 6582/7738 6577/7426 6576/7803 6581/7740
f 6581/7740 6576/7803 6575/7619 6580/7742
f 6580/7742 6575/7619 6574/7804 6579/7744
f 6579/7744 6574/7804 6573/7428 6578/7427
f 6270/7342 6879/7805 6880/7806 6347/7339
f 6905/7618 6901/7807 6574/7804 6575/7619
f 6901/7807 6886/7728 6573/7428 6574/7804
f 6878/7425 6890/7617 6576/7620 6577/7426
f 6377/7448 6376/7438 6693/7808 6629/7809
f 6629/7809 6693/7808 6694/7810 6628/7811
f 6628/7811 6694/7810 6695/7812 6627/7813
f 6627/7813 6695/7812 6696/7814 6626/7815
f 6626/7815 6696/7814 6697/7816 6625/7817
f 6625/7817 6697/7816 6698/7818 6624/7819
f 6624/7819 6698/7818 6699/7517 6623/7546
f 6379/7433 6380/7442 6700/7820 6636/7821
f 6636/7821 6700/7820 6701/7822 6635/7823
f 6635/7823 6701/7822 6702/7824 6634/7825
f 6634/7825 6702/7824 6703/7826 6633/7827
f 6633/7827 6703/7826 6704/7828 6632/7829
f 6632/7829 6704/7828 6705/7830 6631/7831
f 6631/7831 6705/7830 6706/7513 6630/7522
f 6371/7450 6385/7446 6707/7832 6643/7833
f 6643/7833 6707/7832 6708/7834 6642/7835
f 6642/7835 6708/7834 6709/7836 6641/7837
f 6641/7837 6709/7836 6710/7838 6640/7839
f 6640/7839 6710/7838 6711/7840 6639/7841
f 6639/7841 6711/7840 6712/7842 6638/7843
f 6638/7843 6712/7842 6713/7509 6637/7553
f 6378/7454 6386/7453 6714/7844 6650/7845
f 6650/7845 6714/7844 6715/7846 6649/7847
f 6649/7847 6715/7846 6716/7848 6648/7849
f 6648/7849 6716/7848 6717/7850 6647/7851
f 6647/7851 6717/7850 6718/7852 6646/7853
f 6646/7853 6718/7852 6719/7854 6645/7855
f 6645/7855 6719/7854 6720/7545 6644/7550
f 6373/7458 6378/7454 6650/7845 6657/7856
f 6657/7856 6650/7845 6649/7847 6656/7857
f 6656/7857 6649/7847 6648/7849 6655/7858
f 6655/7858 6648/7849 6647/7851 6654/7859
f 6654/7859 6647/7851 6646/7853 6653/7860
f 6653/7860 6646/7853 6645/7855 6652/7861
f 6652/7861 6645/7855 6644/7550 6651/7549
f 6386/7453 6377/7448 6629/7809 6714/7844
f 6714/7844 6629/7809 6628/7811 6715/7846
f 6715/7846 6628/7811 6627/7813 6716/7848
f 6716/7848 6627/7813 6626/7815 6717/7850
f 6717/7850 6626/7815 6625/7817 6718/7852
f 6718/7852 6625/7817 6624/7819 6719/7854
f 6719/7854 6624/7819 6623/7546 6720/7545
f 6446/7623 6909/7761 6876/7541 6445/7625
f 6663/7686 6912/7685 6913/7862 6662/7863
f 6329/7377 6917/7864 6916/7865 6271/7376
f 6609/7786 6902/7610 6906/7607 6610/7606
f 6662/7863 6913/7862 6918/7379 6661/7378
f 6443/7507 6929/7615 6877/7424 6389/7508
f 6316/7358 6897/7398 6904/7760 6447/7621
f 6639/7841 6914/7866 6920/7867 6640/7839
f 6926/7868 6930/7869 6643/7833 6642/7835
f 8271/7870 6893/7871 6370/7338 8241/7337
f 6638/7843 6637/7553 6923/7872 6921/7873
f 6381/7456 6372/7460 6721/7874 6671/7875
f 6671/7875 6721/7874 6722/7876 6670/7877
f 6670/7877 6722/7876 6723/7878 6669/7879
f 6669/7879 6723/7878 6724/7880 6668/7881
f 6668/7881 6724/7880 6725/7882 6667/7883
f 6667/7883 6725/7882 6726/7884 6666/7885
f 6666/7885 6726/7884 6727/7539 6665/7533
f 6375/7437 6387/7430 6728/7886 6678/7887
f 6678/7887 6728/7886 6729/7888 6677/7889
f 6677/7889 6729/7888 6730/7890 6676/7891
f 6676/7891 6730/7890 6731/7892 6675/7893
f 6675/7893 6731/7892 6732/7894 6674/7895
f 6674/7895 6732/7894 6733/7896 6673/7897
f 6673/7897 6733/7896 6734/7525 6672/7518
f 6382/7462 6383/7434 6735/7898 6685/7899
f 6685/7899 6735/7898 6736/7900 6684/7901
f 6684/7901 6736/7900 6737/7902 6683/7903
f 6683/7903 6737/7902 6738/7904 6682/7905
f 6682/7905 6738/7904 6739/7906 6681/7907
f 6681/7907 6739/7906 6740/7908 6680/7909
f 6680/7909 6740/7908 6741/7521 6679/7530
f 7011/7466 6384/7465 6742/7910 7022/7911
f 7022/7911 6742/7910 6743/7912 7019/7913
f 7019/7913 6743/7912 6744/7914 7021/7915
f 7021/7915 6744/7914 6745/7916 7015/7917
f 7015/7917 6745/7916 6746/7918 7014/7919
f 7014/7919 6746/7918 6747/7920 7012/7921
f 7012/7921 6747/7920 6748/7536 7013/7535
f 6388/7445 6381/7456 6671/7875 6692/7922
f 6692/7922 6671/7875 6670/7877 6691/7923
f 6691/7923 6670/7877 6669/7879 6690/7924
f 6690/7924 6669/7879 6668/7881 6689/7925
f 6689/7925 6668/7881 6667/7883 6688/7926
f 6688/7926 6667/7883 6666/7885 6687/7927
f 6687/7927 6666/7885 6665/7533 6686/7510
f 8246/7260 8268/7928 6919/7399 6291/7261
f 6416/7929 6942/7930 6932/7614 6790/7613
f 6982/7468 6382/7462 6685/7899 6988/7931
f 6988/7931 6685/7899 6684/7901 6993/7932
f 6993/7932 6684/7901 6683/7903 6990/7933
f 6990/7933 6683/7903 6682/7905 6996/7934
f 6996/7934 6682/7905 6681/7907 7000/7935
f 7000/7935 6681/7907 6680/7909 7010/7936
f 7010/7936 6680/7909 6679/7530 7009/7529
f 6387/7430 6374/7429 6664/7937 6728/7886
f 6728/7886 6664/7937 6663/7686 6729/7888
f 6729/7888 6663/7686 6662/7863 6730/7890
f 6730/7890 6662/7863 6661/7378 6731/7892
f 6731/7892 6661/7378 6660/7381 6732/7894
f 6732/7894 6660/7381 6659/7938 6733/7896
f 6733/7896 6659/7938 6658/7526 6734/7525
f 6383/7434 6379/7433 6636/7821 6735/7898
f 6735/7898 6636/7821 6635/7823 6736/7900
f 6736/7900 6635/7823 6634/7825 6737/7902
f 6737/7902 6634/7825 6633/7827 6738/7904
f 6738/7904 6633/7827 6632/7829 6739/7906
f 6739/7906 6632/7829 6631/7831 6740/7908
f 6740/7908 6631/7831 6630/7522 6741/7521
f 6376/7438 6375/7437 6678/7887 6693/7808
f 6693/7808 6678/7887 6677/7889 6694/7810
f 6694/7810 6677/7889 6676/7891 6695/7812
f 6695/7812 6676/7891 6675/7893 6696/7814
f 6696/7814 6675/7893 6674/7895 6697/7816
f 6697/7816 6674/7895 6673/7897 6698/7818
f 6698/7818 6673/7897 6672/7518 6699/7517
f 6380/7442 6373/7441 6657/7939 6700/7820
f 6700/7820 6657/7939 6656/7940 6701/7822
f 6701/7822 6656/7940 6655/7941 6702/7824
f 6702/7824 6655/7941 6654/7942 6703/7826
f 6703/7826 6654/7942 6653/7943 6704/7828
f 6704/7828 6653/7943 6652/7944 6705/7830
f 6705/7830 6652/7944 6651/7514 6706/7513
f 6385/7446 6388/7445 6692/7922 6707/7832
f 6707/7832 6692/7922 6691/7923 6708/7834
f 6708/7834 6691/7923 6690/7924 6709/7836
f 6709/7836 6690/7924 6689/7925 6710/7838
f 6710/7838 6689/7925 6688/7926 6711/7840
f 6711/7840 6688/7926 6687/7927 6712/7842
f 6712/7842 6687/7927 6686/7510 6713/7509
f 6408/7547 6407/7520 6819/7945 6755/7946
f 6755/7946 6819/7945 6820/7947 6754/7948
f 6754/7948 6820/7947 6821/7949 6753/7950
f 6753/7950 6821/7949 6822/7951 6752/7952
f 6752/7952 6822/7951 6823/7953 6751/7954
f 6751/7954 6823/7953 6824/7955 6750/7956
f 7162/7957 7167/7958 6825/7959 6749/7960
f 6410/7523 6409/7516 6826/7961 6762/7962
f 6762/7962 6826/7961 6827/7963 6761/7964
f 6761/7964 6827/7963 6828/7965 6760/7966
f 6760/7966 6828/7965 6829/7967 6759/7968
f 6759/7968 6829/7967 6830/7969 6758/7970
f 6758/7970 6830/7969 6831/7971 6757/7972
f 7164/7973 7165/7974 6832/7975 6756/7976
f 6412/7759 6411/7512 6833/7977 6769/7281
f 6769/7281 6833/7977 6834/7978 6768/7282
f 6768/7282 6834/7978 6835/7979 6767/7270
f 6767/7270 6835/7979 6836/7980 6766/7267
f 6766/7267 6836/7980 6837/7981 6765/7421
f 6765/7421 6837/7981 6838/7982 6764/7983
f 7159/7984 7158/7985 6839/7986 6763/7987
f 6414/7551 6413/7548 6840/7988 6776/7989
f 6776/7989 6840/7988 6841/7990 6775/7991
f 6775/7991 6841/7990 6842/7992 6774/7993
f 6774/7993 6842/7992 6843/7994 6773/7995
f 6773/7995 6843/7994 6844/7996 6772/7997
f 6772/7997 6844/7996 6845/7998 6771/7999
f 7156/8000 7160/8001 6846/8002 6770/8003
f 6415/7552 6414/7551 6776/7989 6783/8004
f 6783/8004 6776/7989 6775/7991 6782/8005
f 6782/8005 6775/7991 6774/7993 6781/8006
f 6781/8006 6774/7993 6773/7995 6780/8007
f 6780/8007 6773/7995 6772/7997 6779/8008
f 6779/8008 6772/7997 6771/7999 6778/8009
f 7155/8010 7156/8000 6770/8003 6777/8011
f 6413/7548 6408/7547 6755/7946 6840/7988
f 6840/7988 6755/7946 6754/7948 6841/7990
f 6841/7990 6754/7948 6753/7950 6842/7992
f 6842/7992 6753/7950 6752/7952 6843/7994
f 6843/7994 6752/7952 6751/7954 6844/7996
f 6844/7996 6751/7954 6750/7956 6845/7998
f 7160/8001 7162/7957 6749/7960 6846/8002
f 6658/7526 6924/8012 6942/7930 6416/7527
f 6412/7554 6927/7758 6923/7872 6637/7553
f 6786/8013 6941/8014 6938/8015 6785/8016
f 6895/8017 6903/7406 6482/7405 6481/7664
f 6764/7983 6888/8018 6889/7422 6765/7421
f 6480/7665 6875/7692 6895/8017 6481/7664
f 6418/7534 6417/7540 6847/8019 6797/8020
f 6797/8020 6847/8019 6848/8021 6796/8022
f 6796/8022 6848/8021 6849/8023 6795/8024
f 6795/8024 6849/8023 6850/8025 6794/8026
f 6794/8026 6850/8025 6851/8027 6793/8028
f 6793/8028 6851/8027 6852/8029 6792/8030
f 7154/8031 7161/8032 6853/8033 6791/8034
f 6420/7519 6419/7528 6854/8035 6804/8036
f 6804/8036 6854/8035 6855/8037 6803/8038
f 6803/8038 6855/8037 6856/8039 6802/8040
f 6802/8040 6856/8039 6857/8041 6801/8042
f 6801/8042 6857/8041 6858/8043 6800/8044
f 6800/8044 6858/8043 6859/8045 6799/8046
f 7151/8047 7168/8048 6860/8049 6798/8050
f 6422/7531 6421/7524 6861/8051 6811/8052
f 6811/8052 6861/8051 6862/8053 6810/8054
f 6810/8054 6862/8053 6863/8055 6809/8056
f 6809/8056 6863/8055 6864/8057 6808/8058
f 6808/8058 6864/8057 6865/8059 6807/8060
f 6807/8060 6865/8059 6866/8061 6806/8062
f 7152/8063 7163/8064 6867/8065 6805/8066
f 7025/7538 6423/7537 6868/8067 7034/8068
f 7034/8068 6868/8067 6869/8069 7032/8070
f 7032/8070 6869/8069 6870/8071 7039/8072
f 7039/8072 6870/8071 6871/8073 7041/8074
f 7041/8074 6871/8073 6872/8075 7038/8076
f 7038/8076 6872/8075 6873/8077 7036/8078
f 7173/8079 7157/8080 6874/8081 7035/8082
f 6424/7511 6418/7534 6797/8020 6818/8083
f 6818/8083 6797/8020 6796/8022 6817/8084
f 6817/8084 6796/8022 6795/8024 6816/8085
f 6816/8085 6795/8024 6794/8026 6815/8086
f 6815/8086 6794/8026 6793/8028 6814/8087
f 6814/8087 6793/8028 6792/8030 6813/8088
f 7153/8089 7154/8031 6791/8034 6812/8090
f 6335/7391 6937/7400 6925/8091 6352/7264
f 6989/7532 6422/7531 6811/8052 7005/8092
f 7005/8092 6811/8052 6810/8054 7004/8093
f 7004/8093 6810/8054 6809/8056 7003/8094
f 7003/8094 6809/8056 6808/8058 6995/8095
f 6995/8095 6808/8058 6807/8060 6992/8096
f 6992/8096 6807/8060 6806/8062 6998/8097
f 7172/8098 7152/8063 6805/8066 6985/8099
f 6419/7528 6416/7527 6790/7613 6854/8035
f 6854/8035 6790/7613 6789/7404 6855/8037
f 6855/8037 6789/7404 6788/7403 6856/8039
f 6856/8039 6788/7403 6787/8100 6857/8041
f 6857/8041 6787/8100 6786/8101 6858/8043
f 6858/8043 6786/8101 6785/8016 6859/8045
f 7168/8048 7166/8102 6784/8103 6860/8049
f 6421/7524 6410/7523 6762/7962 6861/8051
f 6861/8051 6762/7962 6761/7964 6862/8053
f 6862/8053 6761/7964 6760/7966 6863/8055
f 6863/8055 6760/7966 6759/7968 6864/8057
f 6864/8057 6759/7968 6758/7970 6865/8059
f 6865/8059 6758/7970 6757/7972 6866/8061
f 7163/8064 7164/7973 6756/7976 6867/8065
f 6407/7520 6420/7519 6804/8036 6819/7945
f 6819/7945 6804/8036 6803/8038 6820/7947
f 6820/7947 6803/8038 6802/8040 6821/7949
f 6821/7949 6802/8040 6801/8042 6822/7951
f 6822/7951 6801/8042 6800/8044 6823/7953
f 6823/7953 6800/8044 6799/8046 6824/7955
f 7167/7958 7151/8047 6798/8050 6825/7959
f 6409/7516 6415/7515 6783/8104 6826/7961
f 6826/7961 6783/8104 6782/8105 6827/7963
f 6827/7963 6782/8105 6781/8106 6828/7965
f 6828/7965 6781/8106 6780/8107 6829/7967
f 6829/7967 6780/8107 6779/8108 6830/7969
f 6830/7969 6779/8108 6778/8109 6831/7971
f 7165/7974 7155/8110 6777/8111 6832/7975
f 6411/7512 6424/7511 6818/8083 6833/7977
f 6833/7977 6818/8083 6817/8084 6834/7978
f 6834/7978 6817/8084 6816/8085 6835/7979
f 6835/7979 6816/8085 6815/8086 6836/7980
f 6836/7980 6815/8086 6814/8087 6837/7981
f 6837/7981 6814/8087 6813/8088 6838/7982
f 7158/7985 7153/8089 6812/8090 6839/7986
f 6787/8100 6940/8112 6941/8014 6786/8101
f 6347/7339 6880/7806 6917/7864 6329/7377
f 6660/7381 6915/7380 6922/8113 6659/7938
f 6939/7402 6940/8112 6787/8100 6788/7403
f 6352/7264 6925/8091 6935/7397 6292/7265
f 6885/7729 6911/7684 6664/7683 6374/7429
f 6270/7342 6313/7347 6896/7407 6879/7805
f 7166/8102 7169/8114 6908/8115 6784/8103
f 6920/7867 6928/8116 6641/7837 6640/7839
f 7159/7984 6763/7987 6931/8117 7170/8118
f 6881/8119 6882/7609 6608/7612 6371/7450
f 6928/8116 6926/7868 6642/7835 6641/7837
f 6638/7843 6921/7873 6914/7866 6639/7841
f 6881/8119 6371/7450 6643/7833 6930/7869
f 6659/7938 6922/8113 6924/8012 6658/7526
f 7169/8114 7170/8118 6931/8117 6908/8115
f 6941/8014 6889/8120 6888/8121 6938/8015
f 6940/8112 6887/8122 6889/8120 6941/8014
f 6939/7402 6883/8123 6887/8122 6940/8112
f 6933/7401 6884/8124 6883/8123 6939/7402
f 6932/7614 6910/8125 6884/8124 6933/7401
f 6942/7930 6927/8126 6910/8125 6932/7614
f 6922/8113 6921/8127 6923/8128 6924/8012
f 6915/7380 6914/8129 6921/8127 6922/8113
f 6918/7379 6920/8130 6914/8129 6915/7380
f 6913/7862 6928/8131 6920/8130 6918/7379
f 6912/7685 6926/8132 6928/8131 6913/7862
f 6911/7684 6930/8133 6926/8132 6912/7685
f 6885/7729 6881/8134 6930/8133 6911/7684
f 6901/7807 6902/8135 6882/8136 6886/7728
f 6905/7618 6906/8137 6902/8135 6901/7807
f 6890/7617 6891/8138 6906/8137 6905/7618
f 6878/7425 6900/8139 6891/8138 6890/7617
f 6877/7424 6894/8140 6900/8139 6878/7425
f 6934/7542 6899/8141 6898/8142 6929/7615
f 6876/7541 6875/8143 6899/8141 6934/7542
f 6909/7761 6895/8144 6875/8143 6876/7541
f 6904/7760 6903/8145 6895/8144 6909/7761
f 6897/7398 6896/8146 6903/8145 6904/7760
f 6936/8147 6907/7573 7116/7576 7120/8148
f 6924/8012 6923/8128 6927/8126 6942/7930
f 6929/7615 6898/8142 6894/8140 6877/7424
f 6886/7728 6882/8136 6881/8134 6885/7729
f 6937/7400 6917/8149 6880/8150 6925/8091
f 6919/7399 6916/8151 6917/8149 6937/7400
f 6935/7397 6879/8152 6896/8146 6897/7398
f 6925/8091 6880/8150 6879/8152 6935/7397
f 8268/7928 8270/8153 6916/8151 6919/7399
f 7161/8032 7171/8154 6970/8155 6853/8033
f 6851/8027 6973/8156 6971/8157 6852/8029
f 6850/8025 6976/8158 6973/8156 6851/8027
f 6849/8023 6974/8159 6976/8158 6850/8025
f 6848/8021 6967/8160 6974/8159 6849/8023
f 6847/8019 6969/8161 6967/8160 6848/8021
f 6417/7540 6960/8162 6969/8161 6847/8019
f 6726/7884 6946/8163 6948/8164 6727/7539
f 6725/7882 6949/8165 6946/8163 6726/7884
f 6724/7880 6950/8166 6949/8165 6725/7882
f 6723/7878 6956/8167 6950/8166 6724/7880
f 6722/7876 6954/8168 6956/8167 6723/7878
f 6721/7874 6957/8169 6954/8168 6722/7876
f 6372/7460 6944/8170 6957/8169 6721/7874
f 6566/7756 6953/8171 6958/8172 6567/7459
f 6565/7754 6955/8173 6953/8171 6566/7756
f 6564/7752 6952/8174 6955/8173 6565/7754
f 6563/7750 6951/8175 6952/8174 6564/7752
f 6404/7485 6968/8176 6951/8175 6563/7750
f 6526/7696 6961/8177 6963/8178 6527/7484
f 6525/7695 6962/8179 6961/8177 6526/7696
f 6524/7694 6966/8180 6962/8179 6525/7695
f 6523/7693 6964/8181 6966/8180 6524/7694
f 6314/7312 6972/7311 6964/8181 6523/7693
f 7073/8182 6432/8183 7097/8184 7126/8185
f 6727/7539 6948/8164 6960/8162 6417/7540
f 6527/7484 6963/8178 6968/8176 6404/7485
f 6567/7459 6958/8172 6944/8170 6372/7460
f 7043/8186 6945/7314 6975/7386 7040/8187
f 7040/8187 6975/7386 6959/7327 7024/8188
f 7024/8188 6959/7327 6947/7330 7044/8189
f 7037/8190 6972/7311 6945/7314 7043/8186
f 8277/8191 8273/7295 6943/7298 7042/8192
f 7174/8193 7172/8098 6985/8099 7053/8194
f 7057/8195 6992/8096 6998/8097 7061/8196
f 7059/8197 6995/8095 6992/8096 7057/8195
f 7064/8198 7003/8094 6995/8095 7059/8197
f 7065/8199 7004/8093 7003/8094 7064/8198
f 7066/8200 7005/8092 7004/8093 7065/8199
f 7055/8201 6989/7532 7005/8092 7066/8200
f 7070/8202 7010/7936 7009/7529 7069/8203
f 7062/8204 7000/7935 7010/7936 7070/8202
f 7060/8205 6996/7934 7000/7935 7062/8204
f 7056/8206 6990/7933 6996/7934 7060/8205
f 7058/8207 6993/7932 6990/7933 7056/8206
f 7054/8208 6988/7931 6993/7932 7058/8207
f 7050/8209 6982/7468 6988/7931 7054/8208
f 7076/8210 6999/7723 7001/7467 7077/8211
f 7072/8212 6987/7721 6999/7723 7076/8210
f 7075/8213 6997/7719 6987/7721 7072/8212
f 7074/8214 6994/7717 6997/7719 7075/8213
f 7063/8215 7002/7472 6994/7717 7074/8214
f 7049/8216 6981/7715 6979/7469 7047/8217
f 7048/8218 6980/7714 6981/7715 7049/8216
f 7045/8219 6977/7713 6980/7714 7048/8218
f 7046/8220 6978/7712 6977/7713 7045/8219
f 7068/8221 7007/7711 6978/7712 7046/8220
f 7135/8222 7136/8223 7080/8224 7079/8225
f 7069/8203 7009/7529 6989/7532 7055/8201
f 7047/8217 6979/7469 7002/7472 7063/8215
f 7077/8211 7001/7467 6982/7468 7050/8209
f 6294/7277 7006/8226 7008/8227 6345/7390
f 6345/7390 7008/8227 6986/8228 6338/7418
f 6338/7418 6986/8228 6983/8229 6280/7419
f 6324/7276 7007/7711 7006/8226 6294/7277
f 8265/7363 8275/8230 6984/8231 6281/7364
f 8239/7292 8277/8191 7042/8192 6299/7293
f 6326/7306 7037/7701 7043/8186 6300/7307
f 6337/7320 7024/8188 7044/8189 6298/7321
f 6344/7388 7040/8187 7024/8188 6337/7320
f 6300/7307 7043/8186 7040/8187 6344/7388
f 7171/8154 7173/8079 7035/8082 6970/8155
f 6973/8156 7038/8076 7036/8078 6971/8157
f 6976/8158 7041/8074 7038/8076 6973/8156
f 6974/8159 7039/8072 7041/8074 6976/8158
f 6967/8160 7032/8070 7039/8072 6974/8159
f 6969/8161 7034/8068 7032/8070 6967/8160
f 6960/8162 7025/7538 7034/8068 6969/8161
f 6946/8163 7012/7921 7013/7535 6948/8164
f 6949/8165 7014/7919 7012/7921 6946/8163
f 6950/8166 7015/7917 7014/7919 6949/8165
f 6956/8167 7021/7915 7015/7917 6950/8166
f 6954/8168 7019/7913 7021/7915 6956/8167
f 6957/8169 7022/7911 7019/7913 6954/8168
f 6944/8170 7011/7466 7022/7911 6957/8169
f 6953/8171 7018/7737 7023/7463 6958/8172
f 6955/8173 7020/7735 7018/7737 6953/8171
f 6952/8174 7017/7733 7020/7735 6955/8173
f 6951/8175 7016/7731 7017/7733 6952/8174
f 6968/8176 7033/7476 7016/7731 6951/8175
f 6961/8177 7026/7710 7028/7473 6963/8178
f 6962/8179 7027/7708 7026/7710 6961/8177
f 6966/8180 7031/7706 7027/7708 6962/8179
f 6964/8181 7029/7704 7031/7706 6966/8180
f 6972/7311 7037/8190 7029/7704 6964/8181
f 7136/8223 7137/7593 7096/7596 7080/8224
f 6948/8164 7013/7535 7025/7538 6960/8162
f 6963/8178 7028/7473 7033/7476 6968/8176
f 6958/8172 7023/7463 7011/7466 6944/8170
f 6572/7464 7077/8211 7050/8209 6384/7465
f 6532/7474 7047/8217 7063/8215 6406/7475
f 6748/7536 7069/8203 7055/8201 6423/7537
f 6991/8232 7073/8182 7126/8185 7112/8233
f 6326/7306 7068/7305 7046/8220 6528/7703
f 6528/7703 7046/8220 7045/8219 6529/7705
f 6529/7705 7045/8219 7048/8218 6530/7707
f 6530/7707 7048/8218 7049/8216 6531/7709
f 6531/7709 7049/8216 7047/8217 6532/7474
f 6406/7475 7063/8215 7074/8214 6568/7730
f 6568/7730 7074/8214 7075/8213 6569/7732
f 6569/7732 7075/8213 7072/8212 6570/7734
f 6570/7734 7072/8212 7076/8210 6571/7736
f 6571/7736 7076/8210 7077/8211 6572/7464
f 6384/7465 7050/8209 7054/8208 6742/7910
f 6742/7910 7054/8208 7058/8207 6743/7912
f 6743/7912 7058/8207 7056/8206 6744/7914
f 6744/7914 7056/8206 7060/8205 6745/7916
f 6745/7916 7060/8205 7062/8204 6746/7918
f 6746/7918 7062/8204 7070/8202 6747/7920
f 6747/7920 7070/8202 7069/8203 6748/7536
f 6423/7537 7055/8201 7066/8200 6868/8067
f 6868/8067 7066/8200 7065/8199 6869/8069
f 6869/8069 7065/8199 7064/8198 6870/8071
f 6870/8071 7064/8198 7059/8197 6871/8073
f 6871/8073 7059/8197 7057/8195 6872/8075
f 6872/8075 7057/8195 7061/8196 6873/8077
f 7157/8080 7174/8193 7053/8194 6874/8081
f 7006/8226 7067/7308 7078/7387 7008/8227
f 7008/8227 7078/7387 7071/7319 6986/8228
f 6986/8228 7071/7319 7051/7322 6983/8229
f 7007/7711 7068/8221 7067/7308 7006/8226
f 8275/8230 8279/7291 7052/7294 6984/8231
f 7181/8234 7202/8235 7109/8236 7085/8237
f 7214/8238 7190/8239 7090/7584 7104/7583
f 7217/8240 7205/8241 7115/8242 7108/8243
f 7196/8244 7175/8245 7081/8246 7101/8247
f 7223/8248 7211/8249 7111/7575 7110/7558
f 7240/8250 7208/8251 7113/8252 7112/8253
f 7202/8235 7220/8254 7107/7566 7109/8236
f 7243/8255 7193/8256 7097/8257 7118/8258
f 7208/8251 7196/8244 7101/8247 7113/8252
f 7205/8241 7223/8248 7110/7558 7115/8242
f 7220/8254 7226/8259 7106/7580 7107/7566
f 7187/8260 7199/8261 7103/8262 7088/8263
f 7190/8264 7184/8265 7086/7727 7090/7726
f 7184/8265 7187/8260 7088/8263 7086/7727
f 7178/8266 7181/8234 7085/8237 7083/8267
f 7175/8245 7214/8238 7104/7583 7081/8246
f 7199/8261 7217/8240 7108/8243 7103/8262
f 7211/8249 7229/8268 7116/7576 7111/7575
f 7234/8269 7122/8270 7079/8271 7180/8272
f 7229/8268 7232/8273 7120/8148 7116/7576
f 7226/8259 7237/8274 7123/8275 7106/7580
f 7246/8276 7240/8250 7112/8253 7126/8185
f 7237/8274 7243/8255 7118/8258 7123/8275
f 7193/8256 7246/8276 7126/8185 7097/8257
f 6434/7601 6431/7597 7101/7600 7081/7602
f 7142/8277 7140/7571 7105/7572 7098/8278
f 6965/7586 6429/7579 7106/7580 7123/7587
f 6440/7556 6425/8279 7108/8243 7115/7557
f 6432/8183 7030/7585 7118/7588 7097/8184
f 7143/8280 7133/7688 7094/7691 7093/8281
f 6433/8282 6428/8283 7088/8263 7103/8262
f 6441/7598 6991/8232 7112/8233 7113/7599
f 7144/8284 7135/8222 7079/8225 7122/8270
f 7145/8285 7142/8277 7098/8278 7119/8286
f 7141/8287 7127/7589 7087/7592 7091/8288
f 7147/8289 7146/8290 7121/8291 7099/8292
f 7148/8293 7145/8285 7119/8286 7124/8294
f 6442/7564 6427/8295 7085/8237 7109/7565
f 6435/8296 6936/8147 7120/8148 7083/8297
f 6428/8283 6436/7724 7086/7727 7088/8263
f 6425/8279 6433/8282 7103/8262 7108/8243
f 7134/7689 7147/8289 7099/8292 7100/7690
f 7128/7590 7149/8298 7092/8299 7089/7591
f 7149/8298 7143/8280 7093/8281 7092/8299
f 7129/7594 7150/8300 7117/8301 7095/7595
f 7146/8290 7144/8284 7122/8270 7121/8291
f 6427/8295 6435/8296 7083/8297 7085/8237
f 7150/8300 7148/8293 7124/8294 7117/8301
f 6853/8033 6970/8155 7148/8293 7150/8300
f 6908/8115 6931/8117 7144/8284 7146/8290
f 6791/8034 6853/8033 7150/8300 7129/7594
f 6749/7960 6825/7959 7143/8280 7149/8298
f 6846/8002 6749/7960 7149/8298 7128/7590
f 6860/8049 6784/8103 7147/8289 7134/7689
f 6970/8155 7035/8082 7145/8285 7148/8293
f 6784/8103 6908/8115 7146/8290 7147/8289
f 6777/8011 6770/8003 7127/7589 7141/8287
f 7035/8082 6874/8081 7142/8277 7145/8285
f 6931/8117 6763/7987 7135/8222 7144/8284
f 6825/7959 6798/8050 7133/7688 7143/8280
f 6874/8081 7053/8194 7140/7571 7142/8277
f 6839/7986 6812/8090 7137/7593 7136/8223
f 6763/7987 6839/7986 7136/8223 7135/8222
f 6798/8050 6860/8049 7134/7689 7133/7688
f 6805/8066 6867/8065 7132/7603 7131/7568
f 6867/8065 6756/7976 7130/7577 7132/7603
f 6812/8090 6791/8034 7129/7594 7137/7593
f 6770/8003 6846/8002 7128/7590 7127/7589
f 6756/7976 6832/7975 7138/7559 7130/7577
f 7053/8194 6985/8099 7139/7567 7140/7571
f 6985/8099 6805/8066 7131/7568 7139/7567
f 6832/7975 6777/8111 7141/7560 7138/7559
f 6873/8077 7061/8196 7174/8302 7157/8303
f 6971/8157 7036/8078 7173/8304 7171/8305
f 7061/8196 6998/8097 7172/8306 7174/8302
f 6852/8029 6971/8157 7171/8305 7161/8307
f 6938/8015 6888/8121 7170/8308 7169/8309
f 6764/7983 7159/8310 7170/8311 6888/8018
f 6785/8016 6938/8015 7169/8309 7166/8312
f 6838/7982 6813/8088 7153/8313 7158/8314
f 6831/7971 6778/8109 7155/8315 7165/8316
f 6824/7955 6799/8046 7151/8317 7167/8318
f 6866/8061 6757/7972 7164/8319 7163/8320
f 6859/8045 6785/8016 7166/8312 7168/8321
f 6998/8097 6806/8062 7152/8322 7172/8306
f 6813/8088 6792/8030 7154/8323 7153/8313
f 7036/8078 6873/8077 7157/8303 7173/8304
f 6806/8062 6866/8061 7163/8320 7152/8322
f 6799/8046 6859/8045 7168/8321 7151/8317
f 6792/8030 6852/8029 7161/8307 7154/8323
f 6845/7998 6750/7956 7162/8324 7160/8325
f 6778/8009 6771/7999 7156/8326 7155/8327
f 6771/7999 6845/7998 7160/8325 7156/8326
f 6764/7983 6838/7982 7158/8314 7159/8310
f 6757/7972 6831/7971 7165/8316 7164/8319
f 6750/7956 6824/7955 7167/8318 7162/8324
f 7098/8278 7105/7572 7244/8328 7195/8329
f 7195/8329 7244/8328 7245/8330 7194/8331
f 7194/8331 7245/8330 7246/8276 7193/8256
f 7124/8294 7119/8286 7241/8332 7235/8333
f 7235/8333 7241/8332 7242/8334 7236/8335
f 7236/8335 7242/8334 7243/8255 7237/8274
f 7105/7572 7125/7570 7238/8336 7244/8328
f 7244/8328 7238/8336 7239/8337 7245/8330
f 7245/8330 7239/8337 7240/8250 7246/8276
f 7117/8301 7124/8294 7235/8333 7228/8338
f 7228/8338 7235/8333 7236/8335 7227/8339
f 7227/8339 7236/8335 7237/8274 7226/8259
f 7121/8291 7122/8270 7234/8269 7231/8340
f 7231/8340 7234/8269 7233/8341 7230/8342
f 7230/8342 7233/8341 7232/8273 7229/8268
f 7120/8148 7232/8273 7178/8266 7083/8297
f 7232/8273 7233/8341 7179/8343 7178/8266
f 7233/8341 7234/8269 7180/8272 7179/8343
f 7099/8292 7121/8291 7231/8340 7213/8344
f 7213/8344 7231/8340 7230/8342 7212/8345
f 7212/8345 7230/8342 7229/8268 7211/8249
f 7092/8299 7093/8281 7219/8346 7201/8347
f 7201/8347 7219/8346 7218/8348 7200/8349
f 7200/8349 7218/8348 7217/8240 7199/8261
f 7082/7578 7084/7562 7216/8350 7177/8351
f 7177/8351 7216/8350 7215/8352 7176/8353
f 7176/8353 7215/8352 7214/8238 7175/8245
f 7079/8225 7080/8224 7183/8354 7180/8272
f 7180/8272 7183/8354 7182/8355 7179/8343
f 7179/8343 7182/8355 7181/8234 7178/8266
f 7087/7592 7089/7591 7189/8356 7186/8357
f 7186/8357 7189/8356 7188/8358 7185/8359
f 7185/8359 7188/8358 7187/8260 7184/8265
f 7091/8288 7087/7592 7186/8357 7192/8360
f 7192/8360 7186/8357 7185/8359 7191/8361
f 7191/8361 7185/8359 7184/8265 7190/8264
f 7089/7591 7092/8299 7201/8347 7189/8356
f 7189/8356 7201/8347 7200/8349 7188/8358
f 7188/8358 7200/8349 7199/8261 7187/8260
f 7095/7595 7117/8301 7228/8338 7222/8362
f 7222/8362 7228/8338 7227/8339 7221/8363
f 7221/8363 7227/8339 7226/8259 7220/8254
f 7094/7691 7100/7690 7225/8364 7207/8365
f 7207/8365 7225/8364 7224/8366 7206/8367
f 7206/8367 7224/8366 7223/8248 7205/8241
f 7114/7569 7102/7604 7198/8368 7210/8369
f 7210/8369 7198/8368 7197/8370 7209/8371
f 7209/8371 7197/8370 7196/8244 7208/8251
f 7119/8286 7098/8278 7195/8329 7241/8332
f 7241/8332 7195/8329 7194/8331 7242/8334
f 7242/8334 7194/8331 7193/8256 7243/8255
f 7096/7596 7095/7595 7222/8362 7204/8372
f 7204/8372 7222/8362 7221/8363 7203/8373
f 7203/8373 7221/8363 7220/8254 7202/8235
f 7125/7570 7114/7569 7210/8369 7238/8336
f 7238/8336 7210/8369 7209/8371 7239/8337
f 7239/8337 7209/8371 7208/8251 7240/8250
f 7100/7690 7099/8292 7213/8344 7225/8364
f 7225/8364 7213/8344 7212/8345 7224/8366
f 7224/8366 7212/8345 7211/8249 7223/8248
f 7102/7604 7082/7578 7177/8351 7198/8368
f 7198/8368 7177/8351 7176/8353 7197/8370
f 7197/8370 7176/8353 7175/8245 7196/8244
f 7093/8281 7094/7691 7207/8365 7219/8346
f 7219/8346 7207/8365 7206/8367 7218/8348
f 7218/8348 7206/8367 7205/8241 7217/8240
f 7084/7562 7091/7561 7192/8374 7216/8350
f 7216/8350 7192/8374 7191/8375 7215/8352
f 7215/8352 7191/8375 7190/8239 7214/8238
f 7080/8224 7096/7596 7204/8372 7183/8354
f 7183/8354 7204/8372 7203/8373 7182/8355
f 7182/8355 7203/8373 7202/8235 7181/8234
f 7332/8376 7289/8377 7319/8378 7335/8379
f 7289/8377 7293/8380 7298/8381 7319/8378
f 8308/8382 8303/8383 7255/8384 7256/8385
f 8303/8383 8305/8386 7262/8387 7255/8384
f 8304/8388 7260/8389 7263/8390 8296/8391
f 7327/8392 7261/8393 7264/8394 7328/8395
f 8296/8391 7263/8390 7266/8396 8294/8397
f 7328/8395 7264/8394 7267/8398 7329/8399
f 8298/8400 7336/8401 7269/8402 8292/8403
f 7341/8404 7338/8405 7270/8406 7330/8407
f 7744/8408 7745/8409 7870/8410 7874/8411
f 7590/8412 7378/8413 7881/8414 7887/8415
f 7303/8416 7283/8417 7272/8418 7302/8419
f 7871/8420 7746/8421 7747/8422 7897/8423
f 7856/8424 7860/8425 7275/8426 7318/8427
f 7326/8428 7274/8429 7289/8430 7332/8431
f 8321/8432 8039/8433 7277/8434 8285/8435
f 8315/8436 7930/8437 7279/8438 8288/8439
f 8288/8439 7279/8438 7280/8440 8282/8441
f 8290/8442 7342/8443 7281/8444 8300/8445
f 8055/8446 8054/8447 7278/8448 7304/8449
f 7326/8428 7331/8450 7273/8451 7274/8429
f 7959/8452 7932/8453 7284/8454 7292/8455
f 8250/8456 8308/8382 7256/8385 7853/8457
f 7292/8455 7284/8454 7286/8458 7301/8459
f 8058/8460 8038/8461 7276/8462 7315/8463
f 7306/8464 7297/8465 7261/8466 7254/8467
f 7946/8468 7934/8469 7282/8470 7308/8471
f 7308/8471 7282/8470 7285/8472 7314/8473
f 7346/8474 7345/8475 7288/8476 7317/8477
f 8287/8478 8300/8445 7281/8444 7348/8479
f 7325/8480 7248/8481 7287/8482 7333/8483
f 7344/8484 7343/8485 7287/8486 7305/8487
f 7248/8481 7291/8488 7305/8487 7287/8482
f 7273/8489 7283/8417 7303/8416 7299/8490
f 7274/8429 7300/8491 7293/8492 7289/8430
f 7273/8489 7299/8490 7300/8491 7274/8429
f 7251/8493 7253/8494 7859/8495 7858/8496
f 7378/8413 7456/8497 7885/8498 7881/8414
f 7338/8405 7339/8499 7294/8500 7270/8406
f 7264/8394 7296/8501 7295/8502 7267/8398
f 7261/8466 7297/8465 7296/8501 7264/8394
f 7319/8378 7298/8381 7306/8464 7254/8467
f 8280/8503 7247/8504 7259/8505 8307/8506
f 7250/8507 7257/8508 7855/8509 7857/8510
f 7257/8508 7251/8511 7858/8512 7855/8509
f 7327/8513 7310/8514 7290/8515 7324/8516
f 7249/8517 7307/8518 7317/8477 7288/8476
f 7639/8519 7638/8520 7902/8521 7905/8522
f 7347/8523 7346/8474 7317/8477 7333/8524
f 7320/8525 7308/8471 7314/8473 7321/8526
f 7962/8527 7946/8468 7308/8471 7320/8525
f 8065/8528 8058/8460 7315/8463 7322/8529
f 7334/8530 7323/8531 7272/8418 7283/8417
f 7336/8401 7340/8532 7313/8533 7269/8402
f 7263/8390 7311/8534 7312/8535 7266/8396
f 7260/8389 7310/8536 7311/8534 7263/8390
f 7290/8515 7310/8514 7260/8389 7252/8537
f 7270/8406 7294/8500 7884/8538 7922/8539
f 7269/8402 7313/8533 7924/8540 7906/8541
f 7920/8542 7767/8543 7766/8544 7926/8545
f 7460/8546 7291/8547 7883/8548 7890/8549
f 7331/8550 7250/8551 7318/8552 7334/8553
f 7253/8554 7290/8515 7252/8537 7309/8555
f 8249/8556 7861/8557 7247/8504 8280/8503
f 7857/8510 7856/8424 7318/8427 7250/8507
f 7253/8494 7309/8555 7854/8558 7859/8495
f 7318/8427 7275/8426 7258/8559 7316/8560
f 7324/8516 7290/8515 7253/8554 7335/8561
f 7254/8467 7324/8516 7335/8561 7319/8378
f 7273/8451 7331/8450 7334/8553 7283/8417
f 7318/8552 7316/8560 7323/8531 7334/8553
f 8054/8447 8065/8528 7322/8529 7278/8448
f 7932/8453 7962/8527 7320/8525 7284/8454
f 7284/8454 7320/8525 7321/8526 7286/8458
f 7343/8485 7347/8523 7333/8524 7287/8486
f 7261/8393 7327/8392 7324/8516 7254/8467
f 7307/8518 7325/8480 7333/8483 7317/8477
f 7257/8508 7250/8507 7331/8550 7326/8428
f 7257/8508 7326/8428 7332/8431 7251/8511
f 7340/8532 7341/8404 7330/8407 7313/8533
f 7311/8534 7328/8395 7329/8399 7312/8535
f 7310/8536 7327/8513 7328/8395 7311/8534
f 7251/8493 7332/8376 7335/8379 7253/8494
f 7312/8535 7329/8399 7341/8404 7340/8532
f 7266/8396 7312/8535 7340/8532 7336/8401
f 7267/8398 7295/8502 7339/8499 7338/8405
f 7329/8399 7267/8398 7338/8405 7341/8404
f 8294/8397 7266/8396 7336/8401 8298/8400
f 7286/8458 7321/8526 7347/8523 7343/8485
f 7321/8526 7314/8473 7346/8474 7347/8523
f 7301/8459 7286/8458 7343/8485 7344/8484
f 7314/8473 7285/8472 7345/8475 7346/8474
f 8282/8441 7280/8440 7342/8443 8290/8442
f 7743/8562 7744/8408 7874/8411 7876/8563
f 7367/8564 7555/8565 7865/8566 7864/8567
f 7556/8568 7365/8569 7352/8570 7551/8571
f 7561/8572 7361/8573 7357/8574 7515/8575
f 7566/8576 7354/8577 7353/8578 7520/8579
f 7571/8580 7358/8581 7351/8582 7525/8583
f 7576/8584 7363/8585 7366/8586 7530/8587
f 7581/8588 7355/8589 7354/8577 7566/8576
f 7515/8575 7357/8574 7358/8581 7571/8580
f 7586/8590 7349/8591 7363/8585 7576/8584
f 7591/8592 7356/8593 7364/8594 7535/8595
f 7530/8587 7366/8586 7359/8596 7540/8597
f 7525/8598 7351/8599 7356/8593 7591/8592
f 7535/8595 7364/8594 7355/8589 7581/8588
f 7871/8420 7870/8410 7745/8409 7746/8421
f 7540/8597 7359/8596 7350/8600 7545/8601
f 7596/8602 7360/8603 7361/8573 7561/8572
f 7520/8579 7353/8578 7365/8569 7556/8568
f 8010/8604 7998/8605 7362/8606 7550/8607
f 7988/8608 7969/8609 7360/8603 7596/8602
f 7966/8610 7989/8611 7383/8612 7466/8613
f 8015/8614 8020/8615 7384/8616 7510/8617
f 7480/8618 7371/8619 7368/8620 7426/8621
f 7466/8613 7383/8612 7370/8622 7431/8623
f 7500/8624 7381/8625 7382/8626 7505/8627
f 7495/8628 7379/8629 7377/8630 7451/8631
f 7485/8632 7373/8633 7380/8634 7461/8635
f 7490/8636 7375/8637 7381/8625 7500/8624
f 7461/8635 7380/8634 7379/8629 7495/8628
f 7456/8497 7378/8413 7376/8638 7446/8639
f 7475/8640 7369/8641 7374/8642 7441/8643
f 7451/8631 7377/8630 7372/8644 7436/8645
f 7446/8639 7376/8638 7375/8637 7490/8636
f 7441/8643 7374/8642 7373/8646 7485/8647
f 7436/8645 7372/8644 7371/8619 7480/8618
f 7431/8623 7370/8622 7369/8641 7475/8640
f 7426/8621 7368/8620 7367/8648 7421/8649
f 7691/8650 7389/8651 7402/8652 7664/8653
f 7684/8654 7387/8655 7393/8656 7629/8657
f 7677/8658 7385/8659 7398/8660 7650/8661
f 7719/8662 7399/8663 7388/8664 7608/8665
f 7712/8666 7397/8667 7394/8668 7636/8669
f 7996/8670 7976/8671 7400/8672 7657/8673
f 7664/8653 7402/8652 7396/8674 7643/8675
f 8000/8676 8012/8677 7401/8678 7726/8679
f 7657/8673 7400/8672 7399/8663 7719/8662
f 7650/8661 7398/8660 7397/8667 7712/8666
f 7643/8675 7396/8674 7395/8680 7705/8681
f 7863/8682 7423/8683 7422/8684 7921/8685
f 7698/8686 7391/8687 7386/8688 7601/8689
f 7629/8690 7393/8691 7392/8692 7622/8693
f 7622/8693 7392/8692 7391/8687 7698/8686
f 7615/8694 7390/8695 7389/8651 7691/8650
f 7608/8665 7388/8664 7387/8655 7684/8654
f 7601/8689 7386/8688 7385/8659 7677/8658
f 7408/8696 8097/8697 8102/8698 7418/8699
f 8125/8700 8071/8701 8078/8702 8128/8703
f 7417/8704 8094/8705 8096/8706 7420/8707
f 8126/8708 8112/8709 8101/8710 8118/8711
f 8127/8712 8092/8713 8112/8709 8126/8708
f 7894/8714 8103/8715 8098/8716 7416/8717
f 8117/8718 8069/8719 8071/8701 8125/8700
f 7407/8720 8093/8721 8094/8705 7417/8704
f 7415/8722 8077/8723 8091/8724 7404/8725
f 8017/8726 8105/8727 8110/8728 7952/8729
f 8114/8730 8074/8731 8076/8732 8115/8733
f 8124/8734 8083/8735 8082/8736 8116/8737
f 7409/8738 8088/8739 8100/8740 7419/8741
f 7416/8717 8098/8716 8097/8697 7408/8696
f 7404/8725 8091/8724 8068/8742 7412/8743
f 8119/8744 8089/8745 8069/8719 8117/8718
f 8118/8711 8101/8710 8089/8745 8119/8744
f 7589/8746 7878/8747 7893/8748 7588/8749
f 7869/8750 7586/8751 7587/8752 7889/8753
f 7768/8754 7767/8543 7920/8542 7919/8755
f 7921/8685 7422/8684 7421/8756 7916/8757
f 7877/8758 7554/8759 7553/8760 7892/8761
f 7339/8499 7430/8762 7425/8763 7294/8500
f 7430/8762 7429/8764 7424/8765 7425/8763
f 7429/8764 7428/8766 7423/8767 7424/8765
f 7428/8766 7427/8768 7422/8684 7423/8767
f 7427/8768 7426/8621 7421/8649 7422/8684
f 7303/8416 7435/8769 7471/8770 7299/8490
f 7435/8769 7434/8771 7472/8772 7471/8770
f 7434/8771 7433/8773 7473/8774 7472/8772
f 7433/8773 7432/8775 7474/8776 7473/8774
f 7432/8775 7431/8623 7475/8640 7474/8776
f 7296/8501 7440/8777 7476/8778 7295/8502
f 7440/8777 7439/8779 7477/8780 7476/8778
f 7439/8779 7438/8781 7478/8782 7477/8780
f 7438/8781 7437/8783 7479/8784 7478/8782
f 7437/8783 7436/8645 7480/8618 7479/8784
f 7300/8491 7445/8785 7481/8786 7293/8492
f 7445/8785 7444/8787 7482/8788 7481/8786
f 7444/8787 7443/8789 7483/8790 7482/8788
f 7443/8789 7442/8791 7484/8792 7483/8790
f 7442/8791 7441/8643 7485/8647 7484/8792
f 7305/8487 7450/8793 7486/8794 7344/8484
f 7450/8793 7449/8795 7487/8796 7486/8794
f 7449/8795 7448/8797 7488/8798 7487/8796
f 7448/8797 7447/8799 7489/8800 7488/8798
f 7447/8799 7446/8639 7490/8636 7489/8800
f 7297/8465 7455/8801 7440/8777 7296/8501
f 7455/8801 7454/8802 7439/8779 7440/8777
f 7454/8802 7453/8803 7438/8781 7439/8779
f 7453/8803 7452/8804 7437/8783 7438/8781
f 7452/8804 7451/8631 7436/8645 7437/8783
f 7299/8490 7471/8770 7445/8785 7300/8491
f 7471/8770 7472/8772 7444/8787 7445/8785
f 7472/8772 7473/8774 7443/8789 7444/8787
f 7473/8774 7474/8776 7442/8791 7443/8789
f 7474/8776 7475/8640 7441/8643 7442/8791
f 7291/8488 7460/8546 7450/8793 7305/8487
f 7460/8546 7459/8805 7449/8795 7450/8793
f 7459/8805 7458/8806 7448/8797 7449/8795
f 7458/8806 7457/8807 7447/8799 7448/8797
f 7457/8807 7456/8497 7446/8639 7447/8799
f 7298/8381 7465/8808 7491/8809 7306/8464
f 7465/8808 7464/8810 7492/8811 7491/8809
f 7464/8810 7463/8812 7493/8813 7492/8811
f 7463/8812 7462/8814 7494/8815 7493/8813
f 7462/8814 7461/8635 7495/8628 7494/8815
f 7344/8484 7486/8794 7496/8816 7301/8459
f 7486/8794 7487/8796 7497/8817 7496/8816
f 7487/8796 7488/8798 7498/8818 7497/8817
f 7488/8798 7489/8800 7499/8819 7498/8818
f 7489/8800 7490/8636 7500/8624 7499/8819
f 7293/8380 7481/8820 7465/8808 7298/8381
f 7481/8820 7482/8821 7464/8810 7465/8808
f 7482/8821 7483/8822 7463/8812 7464/8810
f 7483/8822 7484/8823 7462/8814 7463/8812
f 7484/8823 7485/8632 7461/8635 7462/8814
f 7306/8464 7491/8809 7455/8801 7297/8465
f 7491/8809 7492/8811 7454/8802 7455/8801
f 7492/8811 7493/8813 7453/8803 7454/8802
f 7493/8813 7494/8815 7452/8804 7453/8803
f 7494/8815 7495/8628 7451/8631 7452/8804
f 7642/8824 7641/8825 7899/8826 7898/8827
f 7456/8497 7457/8807 7886/8828 7885/8498
f 8120/8829 8081/8830 8087/8831 8121/8832
f 7886/8828 7457/8807 7458/8806 7862/8833
f 7301/8459 7496/8816 7501/8834 7292/8455
f 7496/8816 7497/8817 7502/8835 7501/8834
f 7497/8817 7498/8818 7503/8836 7502/8835
f 7498/8818 7499/8819 7504/8837 7503/8836
f 7499/8819 7500/8624 7505/8627 7504/8837
f 7302/8419 7470/8838 7435/8769 7303/8416
f 7470/8838 7469/8839 7434/8771 7435/8769
f 7469/8839 7468/8840 7433/8773 7434/8771
f 7468/8840 7467/8841 7432/8775 7433/8773
f 7467/8841 7466/8613 7431/8623 7432/8775
f 7295/8502 7476/8778 7430/8762 7339/8499
f 7476/8778 7477/8780 7429/8764 7430/8762
f 7477/8780 7478/8782 7428/8766 7429/8764
f 7478/8782 7479/8784 7427/8768 7428/8766
f 7479/8784 7480/8618 7426/8621 7427/8768
f 8024/8842 8016/8843 7506/8844 7304/8845
f 8016/8843 8018/8846 7507/8847 7506/8844
f 8018/8846 8014/8848 7508/8849 7507/8847
f 8014/8848 8013/8850 7509/8851 7508/8849
f 8013/8850 8015/8614 7510/8617 7509/8851
f 7994/8852 7965/8853 7470/8838 7302/8419
f 7965/8853 7964/8854 7469/8839 7470/8838
f 7964/8854 7967/8855 7468/8840 7469/8839
f 7967/8855 7968/8856 7467/8841 7468/8840
f 7968/8856 7966/8610 7466/8613 7467/8841
f 7989/8611 7981/8857 7600/8858 7383/8612
f 7981/8857 7984/8859 7599/8860 7600/8858
f 7984/8859 7974/8861 7598/8862 7599/8860
f 7974/8861 7986/8863 7597/8864 7598/8862
f 7986/8863 7988/8608 7596/8602 7597/8864
f 7589/8746 7590/8412 7887/8415 7878/8747
f 7414/8865 8073/8866 8077/8867 7415/8868
f 7551/8571 7352/8570 7872/8869 7873/8870
f 8020/8615 8003/8871 7546/8872 7384/8616
f 8003/8871 8004/8873 7547/8874 7546/8872
f 8004/8873 8007/8875 7548/8876 7547/8874
f 8007/8875 8005/8877 7549/8878 7548/8876
f 8005/8877 8010/8604 7550/8607 7549/8878
f 7371/8619 7516/8879 7560/8880 7368/8620
f 7516/8879 7517/8881 7559/8882 7560/8880
f 7517/8881 7518/8883 7558/8884 7559/8882
f 7518/8883 7519/8885 7557/8886 7558/8884
f 7519/8885 7520/8579 7556/8568 7557/8886
f 7383/8612 7600/8858 7565/8887 7370/8622
f 7600/8858 7599/8860 7564/8888 7565/8887
f 7599/8860 7598/8862 7563/8889 7564/8888
f 7598/8862 7597/8864 7562/8890 7563/8889
f 7597/8864 7596/8602 7561/8572 7562/8890
f 7381/8625 7536/8891 7541/8892 7382/8626
f 7536/8891 7537/8893 7542/8894 7541/8892
f 7537/8893 7538/8895 7543/8896 7542/8894
f 7538/8895 7539/8897 7544/8898 7543/8896
f 7539/8897 7540/8597 7545/8601 7544/8898
f 7897/8423 7747/8422 7390/8899 7914/8900
f 7425/8763 7424/8765 7896/8901 7891/8902
f 7379/8629 7531/8903 7585/8904 7377/8630
f 7531/8903 7532/8905 7584/8906 7585/8904
f 7532/8905 7533/8907 7583/8908 7584/8906
f 7533/8907 7534/8909 7582/8910 7583/8908
f 7534/8909 7535/8595 7581/8588 7582/8910
f 7373/8633 7521/8911 7595/8912 7380/8634
f 7521/8911 7522/8913 7594/8914 7595/8912
f 7522/8913 7523/8915 7593/8916 7594/8914
f 7523/8915 7524/8917 7592/8918 7593/8916
f 7524/8917 7525/8598 7591/8592 7592/8918
f 7375/8637 7526/8919 7536/8891 7381/8625
f 7526/8919 7527/8920 7537/8893 7536/8891
f 7527/8920 7528/8921 7538/8895 7537/8893
f 7528/8921 7529/8922 7539/8897 7538/8895
f 7529/8922 7530/8587 7540/8597 7539/8897
f 7380/8634 7595/8912 7531/8903 7379/8629
f 7595/8912 7594/8914 7532/8905 7531/8903
f 7594/8914 7593/8916 7533/8907 7532/8905
f 7593/8916 7592/8918 7534/8909 7533/8907
f 7592/8918 7591/8592 7535/8595 7534/8909
f 7378/8413 7590/8412 7580/8923 7376/8638
f 7590/8412 7589/8746 7579/8924 7580/8923
f 7589/8746 7588/8749 7578/8925 7579/8924
f 7588/8749 7587/8926 7577/8927 7578/8925
f 7587/8926 7586/8751 7576/8584 7577/8927
f 7369/8641 7511/8928 7575/8929 7374/8642
f 7511/8928 7512/8930 7574/8931 7575/8929
f 7512/8930 7513/8932 7573/8933 7574/8931
f 7513/8932 7514/8934 7572/8935 7573/8933
f 7514/8934 7515/8575 7571/8580 7572/8935
f 7377/8630 7585/8904 7570/8936 7372/8644
f 7585/8904 7584/8906 7569/8937 7570/8936
f 7584/8906 7583/8908 7568/8938 7569/8937
f 7583/8908 7582/8910 7567/8939 7568/8938
f 7582/8910 7581/8588 7566/8576 7567/8939
f 7376/8638 7580/8923 7526/8919 7375/8637
f 7580/8923 7579/8924 7527/8920 7526/8919
f 7579/8924 7578/8925 7528/8921 7527/8920
f 7578/8925 7577/8927 7529/8922 7528/8921
f 7577/8927 7576/8584 7530/8587 7529/8922
f 7374/8642 7575/8929 7521/8940 7373/8646
f 7575/8929 7574/8931 7522/8941 7521/8940
f 7574/8931 7573/8933 7523/8942 7522/8941
f 7573/8933 7572/8935 7524/8943 7523/8942
f 7572/8935 7571/8580 7525/8583 7524/8943
f 7372/8644 7570/8936 7516/8879 7371/8619
f 7570/8936 7569/8937 7517/8881 7516/8879
f 7569/8937 7568/8938 7518/8883 7517/8881
f 7568/8938 7567/8939 7519/8885 7518/8883
f 7567/8939 7566/8576 7520/8579 7519/8885
f 7370/8622 7565/8887 7511/8928 7369/8641
f 7565/8887 7564/8888 7512/8930 7511/8928
f 7564/8888 7563/8889 7513/8932 7512/8930
f 7563/8889 7562/8890 7514/8934 7513/8932
f 7562/8890 7561/8572 7515/8575 7514/8934
f 7368/8620 7560/8880 7555/8565 7367/8648
f 7560/8880 7559/8882 7554/8944 7555/8565
f 7559/8882 7558/8884 7553/8760 7554/8944
f 7558/8884 7557/8886 7552/8945 7553/8760
f 7557/8886 7556/8568 7551/8571 7552/8945
f 7248/8481 7325/8480 7867/8946 7866/8947
f 7892/8761 7553/8760 7552/8945 7888/8948
f 7888/8948 7552/8945 7551/8571 7873/8870
f 7865/8566 7555/8565 7554/8944 7877/8758
f 7355/8589 7607/8949 7671/8950 7354/8577
f 7607/8949 7606/8951 7672/8952 7671/8950
f 7606/8951 7605/8953 7673/8954 7672/8952
f 7605/8953 7604/8955 7674/8956 7673/8954
f 7604/8955 7603/8957 7675/8958 7674/8956
f 7603/8957 7602/8959 7676/8960 7675/8958
f 7602/8959 7601/8689 7677/8658 7676/8960
f 7357/8574 7614/8961 7678/8962 7358/8581
f 7614/8961 7613/8963 7679/8964 7678/8962
f 7613/8963 7612/8965 7680/8966 7679/8964
f 7612/8965 7611/8967 7681/8968 7680/8966
f 7611/8967 7610/8969 7682/8970 7681/8968
f 7610/8969 7609/8971 7683/8972 7682/8970
f 7609/8971 7608/8665 7684/8654 7683/8972
f 7349/8591 7621/8973 7685/8974 7363/8585
f 7621/8973 7620/8975 7686/8976 7685/8974
f 7620/8975 7619/8977 7687/8978 7686/8976
f 7619/8977 7618/8979 7688/8980 7687/8978
f 7618/8979 7617/8981 7689/8982 7688/8980
f 7617/8981 7616/8983 7690/8984 7689/8982
f 7616/8983 7615/8694 7691/8650 7690/8984
f 7356/8593 7628/8985 7692/8986 7364/8594
f 7628/8985 7627/8987 7693/8988 7692/8986
f 7627/8987 7626/8989 7694/8990 7693/8988
f 7626/8989 7625/8991 7695/8992 7694/8990
f 7625/8991 7624/8993 7696/8994 7695/8992
f 7624/8993 7623/8995 7697/8996 7696/8994
f 7623/8995 7622/8693 7698/8686 7697/8996
f 7351/8599 7635/8997 7628/8985 7356/8593
f 7635/8997 7634/8998 7627/8987 7628/8985
f 7634/8998 7633/8999 7626/8989 7627/8987
f 7633/8999 7632/9000 7625/8991 7626/8989
f 7632/9000 7631/9001 7624/8993 7625/8991
f 7631/9001 7630/9002 7623/8995 7624/8993
f 7630/9002 7629/8690 7622/8693 7623/8995
f 7364/8594 7692/8986 7607/8949 7355/8589
f 7692/8986 7693/8988 7606/8951 7607/8949
f 7693/8988 7694/8990 7605/8953 7606/8951
f 7694/8990 7695/8992 7604/8955 7605/8953
f 7695/8992 7696/8994 7603/8957 7604/8955
f 7696/8994 7697/8996 7602/8959 7603/8957
f 7697/8996 7698/8686 7601/8689 7602/8959
f 7424/8765 7423/8767 7863/8682 7896/8901
f 7641/8825 7640/9003 7900/9004 7899/8826
f 7307/8518 7249/8517 7903/9005 7904/9006
f 7587/8926 7588/8749 7893/8748 7889/8753
f 7640/9003 7639/8519 7905/8522 7900/9004
f 7421/8649 7367/8648 7864/8567 7916/8757
f 7294/8500 7425/8763 7891/8902 7884/8538
f 7617/8981 7618/8979 7907/9007 7901/9008
f 7913/9009 7620/8975 7621/8973 7917/9010
f 8313/9011 8287/8478 7348/8479 7880/9012
f 7616/8983 7908/9013 7910/9014 7615/8694
f 7359/8596 7649/9015 7699/9016 7350/8600
f 7649/9015 7648/9017 7700/9018 7699/9016
f 7648/9017 7647/9019 7701/9020 7700/9018
f 7647/9019 7646/9021 7702/9022 7701/9020
f 7646/9021 7645/9023 7703/9024 7702/9022
f 7645/9023 7644/9025 7704/9026 7703/9024
f 7644/9025 7643/8675 7705/8681 7704/9026
f 7353/8578 7656/9027 7706/9028 7365/8569
f 7656/9027 7655/9029 7707/9030 7706/9028
f 7655/9029 7654/9031 7708/9032 7707/9030
f 7654/9031 7653/9033 7709/9034 7708/9032
f 7653/9033 7652/9035 7710/9036 7709/9034
f 7652/9035 7651/9037 7711/9038 7710/9036
f 7651/9037 7650/8661 7712/8666 7711/9038
f 7360/8603 7663/9039 7713/9040 7361/8573
f 7663/9039 7662/9041 7714/9042 7713/9040
f 7662/9041 7661/9043 7715/9044 7714/9042
f 7661/9043 7660/9045 7716/9046 7715/9044
f 7660/9045 7659/9047 7717/9048 7716/9046
f 7659/9047 7658/9049 7718/9050 7717/9048
f 7658/9049 7657/8673 7719/8662 7718/9050
f 7998/8605 8009/9051 7720/9052 7362/8606
f 8009/9051 8006/9053 7721/9054 7720/9052
f 8006/9053 8008/9055 7722/9056 7721/9054
f 8008/9055 8002/9057 7723/9058 7722/9056
f 8002/9057 8001/9059 7724/9060 7723/9058
f 8001/9059 7999/9061 7725/9062 7724/9060
f 7999/9061 8000/8676 7726/8679 7725/9062
f 7366/8586 7670/9063 7649/9015 7359/8596
f 7670/9063 7669/9064 7648/9017 7649/9015
f 7669/9064 7668/9065 7647/9019 7648/9017
f 7668/9065 7667/9066 7646/9021 7647/9019
f 7667/9066 7666/9067 7645/9023 7646/9021
f 7666/9067 7665/9068 7644/9025 7645/9023
f 7665/9068 7664/8653 7643/8675 7644/9025
f 8292/8403 7269/8402 7906/8541 8310/9069
f 7394/9070 7768/8754 7919/8755 7929/9071
f 7969/8609 7975/9072 7663/9039 7360/8603
f 7975/9072 7980/9073 7662/9041 7663/9039
f 7980/9073 7977/9074 7661/9043 7662/9041
f 7977/9074 7983/9075 7660/9045 7661/9043
f 7983/9075 7987/9076 7659/9047 7660/9045
f 7987/9076 7997/9077 7658/9049 7659/9047
f 7997/9077 7996/8670 7657/8673 7658/9049
f 7365/8569 7706/9028 7642/9078 7352/8570
f 7706/9028 7707/9030 7641/8825 7642/9078
f 7707/9030 7708/9032 7640/9003 7641/8825
f 7708/9032 7709/9034 7639/8519 7640/9003
f 7709/9034 7710/9036 7638/8520 7639/8519
f 7710/9036 7711/9038 7637/9079 7638/8520
f 7711/9038 7712/8666 7636/8669 7637/9079
f 7361/8573 7713/9040 7614/8961 7357/8574
f 7713/9040 7714/9042 7613/8963 7614/8961
f 7714/9042 7715/9044 7612/8965 7613/8963
f 7715/9044 7716/9046 7611/8967 7612/8965
f 7716/9046 7717/9048 7610/8969 7611/8967
f 7717/9048 7718/9050 7609/8971 7610/8969
f 7718/9050 7719/8662 7608/8665 7609/8971
f 7354/8577 7671/8950 7656/9027 7353/8578
f 7671/8950 7672/8952 7655/9029 7656/9027
f 7672/8952 7673/8954 7654/9031 7655/9029
f 7673/8954 7674/8956 7653/9033 7654/9031
f 7674/8956 7675/8958 7652/9035 7653/9033
f 7675/8958 7676/8960 7651/9037 7652/9035
f 7676/8960 7677/8658 7650/8661 7651/9037
f 7358/8581 7678/8962 7635/9080 7351/8582
f 7678/8962 7679/8964 7634/9081 7635/9080
f 7679/8964 7680/8966 7633/9082 7634/9081
f 7680/8966 7681/8968 7632/9083 7633/9082
f 7681/8968 7682/8970 7631/9084 7632/9083
f 7682/8970 7683/8972 7630/9085 7631/9084
f 7683/8972 7684/8654 7629/8657 7630/9085
f 7363/8585 7685/8974 7670/9063 7366/8586
f 7685/8974 7686/8976 7669/9064 7670/9063
f 7686/8976 7687/8978 7668/9065 7669/9064
f 7687/8978 7688/8980 7667/9066 7668/9065
f 7688/8980 7689/8982 7666/9067 7667/9066
f 7689/8982 7690/8984 7665/9068 7666/9067
f 7690/8984 7691/8650 7664/8653 7665/9068
f 7386/8688 7733/9086 7797/9087 7385/8659
f 7733/9086 7732/9088 7798/9089 7797/9087
f 7732/9088 7731/9090 7799/9091 7798/9089
f 7731/9090 7730/9092 7800/9093 7799/9091
f 7730/9092 7729/9094 7801/9095 7800/9093
f 7729/9094 7728/9096 7802/9097 7801/9095
f 8149/9098 7727/9099 7803/9100 8154/9101
f 7388/8664 7740/9102 7804/9103 7387/8655
f 7740/9102 7739/9104 7805/9105 7804/9103
f 7739/9104 7738/9106 7806/9107 7805/9105
f 7738/9106 7737/9108 7807/9109 7806/9107
f 7737/9108 7736/9110 7808/9111 7807/9109
f 7736/9110 7735/9112 7809/9113 7808/9111
f 8151/9114 7734/9115 7810/9116 8152/9117
f 7390/8899 7747/8422 7811/9118 7389/8651
f 7747/8422 7746/8421 7812/9119 7811/9118
f 7746/8421 7745/8409 7813/9120 7812/9119
f 7745/8409 7744/8408 7814/9121 7813/9120
f 7744/8408 7743/8562 7815/9122 7814/9121
f 7743/8562 7742/9123 7816/9124 7815/9122
f 8146/9125 7741/9126 7817/9127 8145/9128
f 7392/8692 7754/9129 7818/9130 7391/8687
f 7754/9129 7753/9131 7819/9132 7818/9130
f 7753/9131 7752/9133 7820/9134 7819/9132
f 7752/9133 7751/9135 7821/9136 7820/9134
f 7751/9135 7750/9137 7822/9138 7821/9136
f 7750/9137 7749/9139 7823/9140 7822/9138
f 8143/9141 7748/9142 7824/9143 8147/9144
f 7393/8691 7761/9145 7754/9129 7392/8692
f 7761/9145 7760/9146 7753/9131 7754/9129
f 7760/9146 7759/9147 7752/9133 7753/9131
f 7759/9147 7758/9148 7751/9135 7752/9133
f 7758/9148 7757/9149 7750/9137 7751/9135
f 7757/9149 7756/9150 7749/9139 7750/9137
f 8142/9151 7755/9152 7748/9142 8143/9141
f 7391/8687 7818/9130 7733/9086 7386/8688
f 7818/9130 7819/9132 7732/9088 7733/9086
f 7819/9132 7820/9134 7731/9090 7732/9088
f 7820/9134 7821/9136 7730/9092 7731/9090
f 7821/9136 7822/9138 7729/9094 7730/9092
f 7822/9138 7823/9140 7728/9096 7729/9094
f 8147/9144 7824/9143 7727/9099 8149/9098
f 7636/8669 7394/8668 7929/9071 7911/9153
f 7390/8695 7615/8694 7910/9014 7914/8900
f 7764/9154 7763/9155 7925/9156 7928/9157
f 7882/9158 7459/8805 7460/8546 7890/8549
f 7742/9123 7743/8562 7876/8563 7875/9159
f 7458/8806 7459/8805 7882/9158 7862/8833
f 7396/8674 7775/9160 7825/9161 7395/8680
f 7775/9160 7774/9162 7826/9163 7825/9161
f 7774/9162 7773/9164 7827/9165 7826/9163
f 7773/9164 7772/9166 7828/9167 7827/9165
f 7772/9166 7771/9168 7829/9169 7828/9167
f 7771/9168 7770/9170 7830/9171 7829/9169
f 8141/9172 7769/9173 7831/9174 8148/9175
f 7398/8660 7782/9176 7832/9177 7397/8667
f 7782/9176 7781/9178 7833/9179 7832/9177
f 7781/9178 7780/9180 7834/9181 7833/9179
f 7780/9180 7779/9182 7835/9183 7834/9181
f 7779/9182 7778/9184 7836/9185 7835/9183
f 7778/9184 7777/9186 7837/9187 7836/9185
f 8138/9188 7776/9189 7838/9190 8155/9191
f 7400/8672 7789/9192 7839/9193 7399/8663
f 7789/9192 7788/9194 7840/9195 7839/9193
f 7788/9194 7787/9196 7841/9197 7840/9195
f 7787/9196 7786/9198 7842/9199 7841/9197
f 7786/9198 7785/9200 7843/9201 7842/9199
f 7785/9200 7784/9202 7844/9203 7843/9201
f 8139/9204 7783/9205 7845/9206 8150/9207
f 8012/8677 8021/9208 7846/9209 7401/8678
f 8021/9208 8019/9210 7847/9211 7846/9209
f 8019/9210 8026/9212 7848/9213 7847/9211
f 8026/9212 8028/9214 7849/9215 7848/9213
f 8028/9214 8025/9216 7850/9217 7849/9215
f 8025/9216 8023/9218 7851/9219 7850/9217
f 8160/9220 8022/9221 7852/9222 8144/9223
f 7402/8652 7796/9224 7775/9160 7396/8674
f 7796/9224 7795/9225 7774/9162 7775/9160
f 7795/9225 7794/9226 7773/9164 7774/9162
f 7794/9226 7793/9227 7772/9166 7773/9164
f 7793/9227 7792/9228 7771/9168 7772/9166
f 7792/9228 7791/9229 7770/9170 7771/9168
f 8140/9230 7790/9231 7769/9173 8141/9172
f 7313/8533 7330/8407 7912/9232 7924/8540
f 7976/8671 7992/9233 7789/9192 7400/8672
f 7992/9233 7991/9234 7788/9194 7789/9192
f 7991/9234 7990/9235 7787/9196 7788/9194
f 7990/9235 7982/9236 7786/9198 7787/9196
f 7982/9236 7979/9237 7785/9200 7786/9198
f 7979/9237 7985/9238 7784/9202 7785/9200
f 8159/9239 7972/9240 7783/9205 8139/9204
f 7397/8667 7832/9177 7768/8754 7394/8668
f 7832/9177 7833/9179 7767/8543 7768/8754
f 7833/9179 7834/9181 7766/8544 7767/8543
f 7834/9181 7835/9183 7765/9241 7766/8544
f 7835/9183 7836/9185 7764/9242 7765/9241
f 7836/9185 7837/9187 7763/9155 7764/9242
f 8155/9191 7838/9190 7762/9243 8153/9244
f 7399/8663 7839/9193 7740/9102 7388/8664
f 7839/9193 7840/9195 7739/9104 7740/9102
f 7840/9195 7841/9197 7738/9106 7739/9104
f 7841/9197 7842/9199 7737/9108 7738/9106
f 7842/9199 7843/9201 7736/9110 7737/9108
f 7843/9201 7844/9203 7735/9112 7736/9110
f 8150/9207 7845/9206 7734/9115 8151/9114
f 7385/8659 7797/9087 7782/9176 7398/8660
f 7797/9087 7798/9089 7781/9178 7782/9176
f 7798/9089 7799/9091 7780/9180 7781/9178
f 7799/9091 7800/9093 7779/9182 7780/9180
f 7800/9093 7801/9095 7778/9184 7779/9182
f 7801/9095 7802/9097 7777/9186 7778/9184
f 8154/9101 7803/9100 7776/9189 8138/9188
f 7387/8655 7804/9103 7761/9245 7393/8656
f 7804/9103 7805/9105 7760/9246 7761/9245
f 7805/9105 7806/9107 7759/9247 7760/9246
f 7806/9107 7807/9109 7758/9248 7759/9247
f 7807/9109 7808/9111 7757/9249 7758/9248
f 7808/9111 7809/9113 7756/9250 7757/9249
f 8152/9117 7810/9116 7755/9251 8142/9252
f 7389/8651 7811/9118 7796/9224 7402/8652
f 7811/9118 7812/9119 7795/9225 7796/9224
f 7812/9119 7813/9120 7794/9226 7795/9225
f 7813/9120 7814/9121 7793/9227 7794/9226
f 7814/9121 7815/9122 7792/9228 7793/9227
f 7815/9122 7816/9124 7791/9229 7792/9228
f 8145/9128 7817/9127 7790/9231 8140/9230
f 7765/9241 7764/9242 7928/9157 7927/9253
f 7325/8480 7307/8518 7904/9006 7867/8946
f 7638/8520 7637/9079 7909/9254 7902/8521
f 7926/8545 7766/8544 7765/9241 7927/9253
f 7330/8407 7270/8406 7922/8539 7912/9232
f 7872/8869 7352/8570 7642/9078 7898/8827
f 7248/8481 7866/8947 7883/8548 7291/8488
f 8153/9244 7762/9243 7895/9255 8156/9256
f 7907/9007 7618/8979 7619/8977 7915/9257
f 8146/9125 8157/9258 7918/9259 7741/9126
f 7868/9260 7349/8591 7586/8590 7869/8750
f 7915/9257 7619/8977 7620/8975 7913/9009
f 7616/8983 7617/8981 7901/9008 7908/9013
f 7868/9260 7917/9010 7621/8973 7349/8591
f 7637/9079 7636/8669 7911/9153 7909/9254
f 8156/9256 7895/9255 7918/9259 8157/9258
f 7928/9157 7925/9156 7875/9261 7876/9262
f 7927/9253 7928/9157 7876/9262 7874/9263
f 7926/8545 7927/9253 7874/9263 7870/9264
f 7920/8542 7926/8545 7870/9264 7871/9265
f 7919/8755 7920/8542 7871/9265 7897/9266
f 7929/9071 7919/8755 7897/9266 7914/9267
f 7909/9254 7911/9153 7910/9268 7908/9269
f 7902/8521 7909/9254 7908/9269 7901/9270
f 7905/8522 7902/8521 7901/9270 7907/9271
f 7900/9004 7905/8522 7907/9271 7915/9272
f 7899/8826 7900/9004 7915/9272 7913/9273
f 7898/8827 7899/8826 7913/9273 7917/9274
f 7872/8869 7898/8827 7917/9274 7868/9275
f 7888/8948 7873/8870 7869/9276 7889/9277
f 7892/8761 7888/8948 7889/9277 7893/9278
f 7877/8758 7892/8761 7893/9278 7878/9279
f 7865/8566 7877/8758 7878/9279 7887/9280
f 7864/8567 7865/8566 7887/9280 7881/9281
f 7921/8685 7916/8757 7885/9282 7886/9283
f 7863/8682 7921/8685 7886/9283 7862/9284
f 7896/8901 7863/8682 7862/9284 7882/9285
f 7891/8902 7896/8901 7882/9285 7890/9286
f 7884/8538 7891/8902 7890/9286 7883/9287
f 7923/9288 8107/9289 8103/8715 7894/8714
f 7911/9153 7929/9071 7914/9267 7910/9268
f 7916/8757 7864/8567 7881/9281 7885/9282
f 7873/8870 7872/8869 7868/9275 7869/9276
f 7924/8540 7912/9232 7867/9290 7904/9291
f 7906/8541 7924/8540 7904/9291 7903/9292
f 7922/8539 7884/8538 7883/9287 7866/9293
f 7912/9232 7922/8539 7866/9293 7867/9290
f 8310/9069 7906/8541 7903/9292 8312/9294
f 8148/9175 7831/9174 7957/9295 8158/9296
f 7829/9169 7830/9171 7958/9297 7960/9298
f 7828/9167 7829/9169 7960/9298 7963/9299
f 7827/9165 7828/9167 7963/9299 7961/9300
f 7826/9163 7827/9165 7961/9300 7954/9301
f 7825/9161 7826/9163 7954/9301 7956/9302
f 7395/8680 7825/9161 7956/9302 7947/9303
f 7704/9026 7705/8681 7935/9304 7933/9305
f 7703/9024 7704/9026 7933/9305 7936/9306
f 7702/9022 7703/9024 7936/9306 7937/9307
f 7701/9020 7702/9022 7937/9307 7943/9308
f 7700/9018 7701/9020 7943/9308 7941/9309
f 7699/9016 7700/9018 7941/9309 7944/9310
f 7350/8600 7699/9016 7944/9310 7931/9311
f 7544/8898 7545/8601 7945/9312 7940/9313
f 7543/8896 7544/8898 7940/9313 7942/9314
f 7542/8894 7543/8896 7942/9314 7939/9315
f 7541/8892 7542/8894 7939/9315 7938/9316
f 7382/8626 7541/8892 7938/9316 7955/9317
f 7504/8837 7505/8627 7950/9318 7948/9319
f 7503/8836 7504/8837 7948/9319 7949/9320
f 7502/8835 7503/8836 7949/9320 7953/9321
f 7501/8834 7502/8835 7953/9321 7951/9322
f 7292/8455 7501/8834 7951/9322 7959/8452
f 8060/9323 8113/9324 8084/9325 7410/9326
f 7705/8681 7395/8680 7947/9303 7935/9304
f 7505/8627 7382/8626 7955/9317 7950/9318
f 7545/8601 7350/8600 7931/9311 7945/9312
f 8030/9327 8027/9328 7962/8527 7932/8453
f 8027/9328 8011/9329 7946/8468 7962/8527
f 8011/9329 8031/9330 7934/8469 7946/8468
f 8024/9331 8030/9327 7932/8453 7959/8452
f 8319/9332 8029/9333 7930/8437 8315/8436
f 8161/9334 8040/9335 7972/9240 8159/9239
f 8044/9336 8048/9337 7985/9238 7979/9237
f 8046/9338 8044/9336 7979/9237 7982/9236
f 8051/9339 8046/9338 7982/9236 7990/9235
f 8052/9340 8051/9339 7990/9235 7991/9234
f 8053/9341 8052/9340 7991/9234 7992/9233
f 8042/9342 8053/9341 7992/9233 7976/8671
f 8057/9343 8056/9344 7996/8670 7997/9077
f 8049/9345 8057/9343 7997/9077 7987/9076
f 8047/9346 8049/9345 7987/9076 7983/9075
f 8043/9347 8047/9346 7983/9075 7977/9074
f 8045/9348 8043/9347 7977/9074 7980/9073
f 8041/9349 8045/9348 7980/9073 7975/9072
f 8037/9350 8041/9349 7975/9072 7969/8609
f 8063/9351 8064/9352 7988/8608 7986/8863
f 8059/9353 8063/9351 7986/8863 7974/8861
f 8062/9354 8059/9353 7974/8861 7984/8859
f 8061/9355 8062/9354 7984/8859 7981/8857
f 8050/9356 8061/9355 7981/8857 7989/8611
f 8036/9357 8034/9358 7966/8610 7968/8856
f 8035/9359 8036/9357 7968/8856 7967/8855
f 8032/9360 8035/9359 7967/8855 7964/8854
f 8033/9361 8032/9360 7964/8854 7965/8853
f 8055/9362 8033/9361 7965/8853 7994/8852
f 8122/9363 8066/9364 8067/9365 8123/9366
f 8056/9344 8042/9342 7976/8671 7996/8670
f 8034/9358 8050/9356 7989/8611 7966/8610
f 8064/9352 8037/9350 7969/8609 7988/8608
f 7272/8418 7323/8531 7995/9367 7993/9368
f 7323/8531 7316/8560 7973/9369 7995/9367
f 7316/8560 7258/8559 7970/9370 7973/9369
f 7302/8419 7272/8418 7993/9368 7994/8852
f 8307/8506 7259/8505 7971/9371 8317/9372
f 8285/8435 7277/8434 8029/9333 8319/9332
f 7304/8449 7278/8448 8030/9327 8024/8842
f 7315/8463 7276/8462 8031/9330 8011/9329
f 7322/8529 7315/8463 8011/9329 8027/9328
f 7278/8448 7322/8529 8027/9328 8030/9327
f 8158/9296 7957/9295 8022/9221 8160/9220
f 7960/9298 7958/9297 8023/9218 8025/9216
f 7963/9299 7960/9298 8025/9216 8028/9214
f 7961/9300 7963/9299 8028/9214 8026/9212
f 7954/9301 7961/9300 8026/9212 8019/9210
f 7956/9302 7954/9301 8019/9210 8021/9208
f 7947/9303 7956/9302 8021/9208 8012/8677
f 7933/9305 7935/9304 8000/8676 7999/9061
f 7936/9306 7933/9305 7999/9061 8001/9059
f 7937/9307 7936/9306 8001/9059 8002/9057
f 7943/9308 7937/9307 8002/9057 8008/9055
f 7941/9309 7943/9308 8008/9055 8006/9053
f 7944/9310 7941/9309 8006/9053 8009/9051
f 7931/9311 7944/9310 8009/9051 7998/8605
f 7940/9313 7945/9312 8010/8604 8005/8877
f 7942/9314 7940/9313 8005/8877 8007/8875
f 7939/9315 7942/9314 8007/8875 8004/8873
f 7938/9316 7939/9315 8004/8873 8003/8871
f 7955/9317 7938/9316 8003/8871 8020/8615
f 7948/9319 7950/9318 8015/8614 8013/8850
f 7949/9320 7948/9319 8013/8850 8014/8848
f 7953/9321 7949/9320 8014/8848 8018/8846
f 7951/9322 7953/9321 8018/8846 8016/8843
f 7959/8452 7951/9322 8016/8843 8024/9331
f 8123/9366 8067/9365 8083/8735 8124/8734
f 7935/9304 7947/9303 8012/8677 8000/8676
f 7950/9318 7955/9317 8020/8615 8015/8614
f 7945/9312 7931/9311 7998/8605 8010/8604
f 7550/8607 7362/8606 8037/9350 8064/9352
f 7510/8617 7384/8616 8050/9356 8034/9358
f 7726/8679 7401/8678 8042/9342 8056/9344
f 7978/9373 8099/9374 8113/9324 8060/9323
f 7304/8449 7506/8844 8033/9361 8055/8446
f 7506/8844 7507/8847 8032/9360 8033/9361
f 7507/8847 7508/8849 8035/9359 8032/9360
f 7508/8849 7509/8851 8036/9357 8035/9359
f 7509/8851 7510/8617 8034/9358 8036/9357
f 7384/8616 7546/8872 8061/9355 8050/9356
f 7546/8872 7547/8874 8062/9354 8061/9355
f 7547/8874 7548/8876 8059/9353 8062/9354
f 7548/8876 7549/8878 8063/9351 8059/9353
f 7549/8878 7550/8607 8064/9352 8063/9351
f 7362/8606 7720/9052 8041/9349 8037/9350
f 7720/9052 7721/9054 8045/9348 8041/9349
f 7721/9054 7722/9056 8043/9347 8045/9348
f 7722/9056 7723/9058 8047/9346 8043/9347
f 7723/9058 7724/9060 8049/9345 8047/9346
f 7724/9060 7725/9062 8057/9343 8049/9345
f 7725/9062 7726/8679 8056/9344 8057/9343
f 7401/8678 7846/9209 8053/9341 8042/9342
f 7846/9209 7847/9211 8052/9340 8053/9341
f 7847/9211 7848/9213 8051/9339 8052/9340
f 7848/9213 7849/9215 8046/9338 8051/9339
f 7849/9215 7850/9217 8044/9336 8046/9338
f 7850/9217 7851/9219 8048/9337 8044/9336
f 8144/9223 7852/9222 8040/9335 8161/9334
f 7993/9368 7995/9367 8065/8528 8054/8447
f 7995/9367 7973/9369 8058/8460 8065/8528
f 7973/9369 7970/9370 8038/8461 8058/8460
f 7994/8852 7993/9368 8054/8447 8055/9362
f 8317/9372 7971/9371 8039/8433 8321/8432
f 8168/9375 8072/9376 8096/9377 8189/9378
f 8201/9379 8091/8724 8077/8723 8177/9380
f 8204/9381 8095/9382 8102/9383 8192/9384
f 8183/9385 8088/9386 8068/9387 8162/9388
f 8210/9389 8097/8697 8098/8716 8198/9390
f 8227/9391 8099/9392 8100/9393 8195/9394
f 8189/9378 8096/9377 8094/8705 8207/9395
f 8230/9396 8105/9397 8084/9398 8180/9399
f 8195/9394 8100/9393 8088/8739 8183/9385
f 8192/9384 8102/9383 8097/8697 8210/9389
f 8207/9395 8094/8705 8093/8721 8213/9400
f 8174/9401 8075/9402 8090/9403 8186/9404
f 8177/9405 8077/8867 8073/8866 8171/9406
f 8171/9406 8073/8866 8075/9402 8174/9401
f 8165/9407 8070/9408 8072/9376 8168/9375
f 8162/9388 8068/9387 8091/8724 8201/9379
f 8186/9404 8090/9403 8095/9382 8204/9381
f 8198/9390 8098/8716 8103/8715 8216/9409
f 8221/9410 8167/9411 8066/9412 8109/9413
f 8216/9409 8103/8715 8107/9289 8219/9414
f 8213/9400 8093/8721 8110/9415 8224/9416
f 8233/9417 8113/9324 8099/9374 8227/9391
f 8224/9416 8110/9415 8105/8727 8230/9396
f 8180/9399 8084/9398 8113/9324 8233/9417
f 7412/8743 8068/8742 8088/9386 7409/8738
f 8129/9418 8085/9419 8092/8713 8127/8712
f 7952/8729 8110/8728 8093/8721 7407/8720
f 7418/8699 8102/8698 8095/9382 7403/9420
f 7410/9326 8084/9325 8105/9397 8017/8726
f 8130/9421 8080/9422 8081/8830 8120/8829
f 7411/9423 8090/9403 8075/9402 7406/9424
f 7419/8741 8100/8740 8099/9392 7978/9373
f 8131/9425 8109/9413 8066/9412 8122/9363
f 8132/9426 8106/9427 8085/9419 8129/9418
f 8128/9428 8078/9429 8074/8731 8114/8730
f 8134/9430 8086/9431 8108/9432 8133/9433
f 8135/9434 8111/9435 8106/9427 8132/9426
f 7420/8707 8096/8706 8072/9376 7405/9436
f 7413/9437 8070/9438 8107/9289 7923/9288
f 7406/9424 8075/9402 8073/8866 7414/8865
f 7403/9420 8095/9382 8090/9403 7411/9423
f 8121/8832 8087/8831 8086/9431 8134/9430
f 8115/8733 8076/8732 8079/9439 8136/9440
f 8136/9440 8079/9439 8080/9422 8130/9421
f 8116/8737 8082/8736 8104/9441 8137/9442
f 8133/9433 8108/9432 8109/9413 8131/9425
f 7405/9436 8072/9376 8070/9408 7413/9437
f 8137/9442 8104/9441 8111/9435 8135/9434
f 7831/9174 8137/9442 8135/9434 7957/9295
f 7895/9255 8133/9433 8131/9425 7918/9259
f 7769/9173 8116/8737 8137/9442 7831/9174
f 7727/9099 8136/9440 8130/9421 7803/9100
f 7824/9143 8115/8733 8136/9440 7727/9099
f 7838/9190 8121/8832 8134/9430 7762/9243
f 7957/9295 8135/9434 8132/9426 8022/9221
f 7762/9243 8134/9430 8133/9433 7895/9255
f 7755/9152 8128/9428 8114/8730 7748/9142
f 8022/9221 8132/9426 8129/9418 7852/9222
f 7918/9259 8131/9425 8122/9363 7741/9126
f 7803/9100 8130/9421 8120/8829 7776/9189
f 7852/9222 8129/9418 8127/8712 8040/9335
f 7817/9127 8123/9366 8124/8734 7790/9231
f 7741/9126 8122/9363 8123/9366 7817/9127
f 7776/9189 8120/8829 8121/8832 7838/9190
f 7783/9205 8118/8711 8119/8744 7845/9206
f 7845/9206 8119/8744 8117/8718 7734/9115
f 7790/9231 8124/8734 8116/8737 7769/9173
f 7748/9142 8114/8730 8115/8733 7824/9143
f 7734/9115 8117/8718 8125/8700 7810/9116
f 8040/9335 8127/8712 8126/8708 7972/9240
f 7972/9240 8126/8708 8118/8711 7783/9205
f 7810/9116 8125/8700 8128/8703 7755/9251
f 7851/9219 8144/9443 8161/9444 8048/9337
f 7958/9297 8158/9445 8160/9446 8023/9218
f 8048/9337 8161/9444 8159/9447 7985/9238
f 7830/9171 8148/9448 8158/9445 7958/9297
f 7925/9156 8156/9449 8157/9450 7875/9261
f 7742/9123 7875/9159 8157/9451 8146/9452
f 7763/9155 8153/9453 8156/9449 7925/9156
f 7816/9124 8145/9454 8140/9455 7791/9229
f 7809/9113 8152/9456 8142/9457 7756/9250
f 7802/9097 8154/9458 8138/9459 7777/9186
f 7844/9203 8150/9460 8151/9461 7735/9112
f 7837/9187 8155/9462 8153/9453 7763/9155
f 7985/9238 8159/9447 8139/9463 7784/9202
f 7791/9229 8140/9455 8141/9464 7770/9170
f 8023/9218 8160/9446 8144/9443 7851/9219
f 7784/9202 8139/9463 8150/9460 7844/9203
f 7777/9186 8138/9459 8155/9462 7837/9187
f 7770/9170 8141/9464 8148/9448 7830/9171
f 7823/9140 8147/9465 8149/9466 7728/9096
f 7756/9150 8142/9467 8143/9468 7749/9139
f 7749/9139 8143/9468 8147/9465 7823/9140
f 7742/9123 8146/9452 8145/9454 7816/9124
f 7735/9112 8151/9461 8152/9456 7809/9113
f 7728/9096 8149/9466 8154/9458 7802/9097
f 8085/9419 8182/9469 8231/9470 8092/8713
f 8182/9469 8181/9471 8232/9472 8231/9470
f 8181/9471 8180/9399 8233/9417 8232/9472
f 8111/9435 8222/9473 8228/9474 8106/9427
f 8222/9473 8223/9475 8229/9476 8228/9474
f 8223/9475 8224/9416 8230/9396 8229/9476
f 8092/8713 8231/9470 8225/9477 8112/8709
f 8231/9470 8232/9472 8226/9478 8225/9477
f 8232/9472 8233/9417 8227/9391 8226/9478
f 8104/9441 8215/9479 8222/9473 8111/9435
f 8215/9479 8214/9480 8223/9475 8222/9473
f 8214/9480 8213/9400 8224/9416 8223/9475
f 8108/9432 8218/9481 8221/9410 8109/9413
f 8218/9481 8217/9482 8220/9483 8221/9410
f 8217/9482 8216/9409 8219/9414 8220/9483
f 8107/9289 8070/9438 8165/9407 8219/9414
f 8219/9414 8165/9407 8166/9484 8220/9483
f 8220/9483 8166/9484 8167/9411 8221/9410
f 8086/9431 8200/9485 8218/9481 8108/9432
f 8200/9485 8199/9486 8217/9482 8218/9481
f 8199/9486 8198/9390 8216/9409 8217/9482
f 8079/9439 8188/9487 8206/9488 8080/9422
f 8188/9487 8187/9489 8205/9490 8206/9488
f 8187/9489 8186/9404 8204/9381 8205/9490
f 8069/8719 8164/9491 8203/9492 8071/8701
f 8164/9491 8163/9493 8202/9494 8203/9492
f 8163/9493 8162/9388 8201/9379 8202/9494
f 8066/9364 8167/9411 8170/9495 8067/9365
f 8167/9411 8166/9484 8169/9496 8170/9495
f 8166/9484 8165/9407 8168/9375 8169/9496
f 8074/8731 8173/9497 8176/9498 8076/8732
f 8173/9497 8172/9499 8175/9500 8176/9498
f 8172/9499 8171/9406 8174/9401 8175/9500
f 8078/9429 8179/9501 8173/9497 8074/8731
f 8179/9501 8178/9502 8172/9499 8173/9497
f 8178/9502 8177/9405 8171/9406 8172/9499
f 8076/8732 8176/9498 8188/9487 8079/9439
f 8176/9498 8175/9500 8187/9489 8188/9487
f 8175/9500 8174/9401 8186/9404 8187/9489
f 8082/8736 8209/9503 8215/9479 8104/9441
f 8209/9503 8208/9504 8214/9480 8215/9479
f 8208/9504 8207/9395 8213/9400 8214/9480
f 8081/8830 8194/9505 8212/9506 8087/8831
f 8194/9505 8193/9507 8211/9508 8212/9506
f 8193/9507 8192/9384 8210/9389 8211/9508
f 8101/8710 8197/9509 8185/9510 8089/8745
f 8197/9509 8196/9511 8184/9512 8185/9510
f 8196/9511 8195/9394 8183/9385 8184/9512
f 8106/9427 8228/9474 8182/9469 8085/9419
f 8228/9474 8229/9476 8181/9471 8182/9469
f 8229/9476 8230/9396 8180/9399 8181/9471
f 8083/8735 8191/9513 8209/9503 8082/8736
f 8191/9513 8190/9514 8208/9504 8209/9503
f 8190/9514 8189/9378 8207/9395 8208/9504
f 8112/8709 8225/9477 8197/9509 8101/8710
f 8225/9477 8226/9478 8196/9511 8197/9509
f 8226/9478 8227/9391 8195/9394 8196/9511
f 8087/8831 8212/9506 8200/9485 8086/9431
f 8212/9506 8211/9508 8199/9486 8200/9485
f 8211/9508 8210/9389 8198/9390 8199/9486
f 8089/8745 8185/9510 8164/9491 8069/8719
f 8185/9510 8184/9512 8163/9493 8164/9491
f 8184/9512 8183/9385 8162/9388 8163/9493
f 8080/9422 8206/9488 8194/9505 8081/8830
f 8206/9488 8205/9490 8193/9507 8194/9505
f 8205/9490 8204/9381 8192/9384 8193/9507
f 8071/8701 8203/9492 8179/9515 8078/8702
f 8203/9492 8202/9494 8178/9516 8179/9515
f 8202/9494 8201/9379 8177/9380 8178/9516
f 8067/9365 8170/9495 8191/9513 8083/8735
f 8170/9495 8169/9496 8190/9514 8191/9513
f 8169/9496 8168/9375 8189/9378 8190/9514
f 7970/9370 8316/9517 8320/9518 8038/8461
f 8316/9517 8317/9372 8321/8432 8320/9518
f 7276/8462 8284/9519 8318/9520 8031/9330
f 8284/9519 8285/8435 8319/9332 8318/9520
f 7258/8559 8306/9521 8316/9517 7970/9370
f 8306/9521 8307/8506 8317/9372 8316/9517
f 8031/9330 8318/9520 8314/9522 7934/8469
f 8318/9520 8319/9332 8315/8436 8314/9522
f 7879/9523 8311/9524 8313/9525 7880/9526
f 8311/9524 8310/9069 8312/9294 8313/9525
f 7271/9527 8293/9528 8311/9524 7879/9523
f 8293/9528 8292/8403 8310/9069 8311/9524
f 7903/9005 7249/8517 8286/9529 8312/9530
f 8312/9530 8286/9529 8287/8478 8313/9011
f 7285/8472 8283/9531 8291/9532 7345/8475
f 8283/9531 8282/8441 8290/8442 8291/9532
f 7268/9533 8295/9534 8299/9535 7337/9536
f 8295/9534 8294/8397 8298/8400 8299/9535
f 7860/8425 8248/9537 8281/9538 7275/8426
f 8248/9537 8249/8556 8280/8503 8281/9538
f 7275/8426 8281/9538 8306/9521 7258/8559
f 8281/9538 8280/8503 8307/8506 8306/9521
f 7249/8517 7288/8476 8301/9539 8286/9529
f 8286/9529 8301/9539 8300/8445 8287/8478
f 7854/8558 7309/8555 8309/9540 8251/9541
f 8251/9541 8309/9540 8308/8382 8250/8456
f 7345/8475 8291/9532 8301/9539 7288/8476
f 8291/9532 8290/8442 8300/8445 8301/9539
f 7282/8470 8289/9542 8283/9531 7285/8472
f 8289/9542 8288/8439 8282/8441 8283/9531
f 7934/8469 8314/9522 8289/9542 7282/8470
f 8314/9522 8315/8436 8288/8439 8289/9542
f 8038/8461 8320/9518 8284/9519 7276/8462
f 8320/9518 8321/8432 8285/8435 8284/9519
f 7337/9536 8299/9535 8293/9528 7271/9527
f 8299/9535 8298/8400 8292/8403 8293/9528
f 7265/9543 8297/9544 8295/9534 7268/9533
f 8297/9544 8296/8391 8294/8397 8295/9534
f 7262/8387 8305/8386 8297/9544 7265/9543
f 8305/8386 8304/8388 8296/8391 8297/9544
f 7252/8537 7260/8389 8304/8388 8302/9545
f 8302/9545 8304/8388 8305/8386 8303/8383
f 7309/8555 7252/8537 8302/9545 8309/9540
f 8309/9540 8302/9545 8303/8383 8308/8382
f 6983/8229 7051/7322 8278/9546 8274/9547
f 8274/9547 8278/9546 8279/7291 8275/8230
f 6298/7321 7044/8189 8276/9548 8238/9549
f 8238/9549 8276/9548 8277/8191 8239/7292
f 6280/7419 6983/8229 8274/9547 8264/9550
f 8264/9550 8274/9547 8275/8230 8265/7363
f 7044/8189 6947/7330 8272/9551 8276/9548
f 8276/9548 8272/9551 8273/7295 8277/8191
f 6892/9552 6893/9553 8271/9554 8269/9555
f 8269/9555 8271/9554 8270/8153 8268/7928
f 6293/9556 6892/9552 8269/9555 8247/9557
f 8247/9557 8269/9555 8268/7928 8246/7260
f 6916/7865 8270/9558 8240/9559 6271/7376
f 8270/9558 8271/7870 8241/7337 8240/9559
f 6307/7332 6367/7336 8245/9560 8237/9561
f 8237/9561 8245/9560 8244/7301 8236/7299
f 6290/9562 6359/9563 8257/9564 8253/9565
f 8253/9565 8257/9564 8256/7259 8252/7255
f 7860/7286 6297/7285 8235/9566 8248/9567
f 8248/9567 8235/9566 8234/7362 8249/7415
f 6297/7285 6280/7419 8264/9550 8235/9566
f 8235/9566 8264/9550 8265/7363 8234/7362
f 6271/7376 8240/9559 8259/9568 6310/7335
f 8240/9559 8241/7337 8258/7302 8259/9568
f 7854/7417 8251/9569 8267/9570 6331/7414
f 8251/9569 8250/7315 8266/7241 8267/9570
f 6367/7336 6310/7335 8259/9568 8245/9560
f 8245/9560 8259/9568 8258/7302 8244/7301
f 6304/7329 6307/7332 8237/9561 8243/9571
f 8243/9571 8237/9561 8236/7299 8242/7296
f 6947/7330 6304/7329 8243/9571 8272/9551
f 8272/9551 8243/9571 8242/7296 8273/7295
f 7051/7322 6298/7321 8238/9549 8278/9546
f 8278/9546 8238/9549 8239/7292 8279/7291
f 6359/9563 6293/9556 8247/9557 8257/9564
f 8257/9564 8247/9557 8246/7260 8256/7259
f 6287/9572 6290/9562 8253/9565 8255/9573
f 8255/9573 8253/9565 8252/7255 8254/7248
f 6284/7245 6287/9572 8255/9573 8263/7246
f 8263/7246 8255/9573 8254/7248 8262/7247
f 6274/7396 8260/9574 8262/7247 6282/7250
f 8260/9574 8261/7244 8263/7246 8262/7247
f 6331/7414 8267/9570 8260/9574 6274/7396
f 8267/9570 8266/7241 8261/7244 8260/9574
f 8360/9575 8361/9576 8336/9577 8335/9578
f 8355/9579 8354/9580 8331/9581 8332/9582
f 8361/9583 8359/9584 8337/9585 8336/9586
f 8354/9580 8353/9587 8330/9588 8331/9581
f 8359/9584 8345/9589 8327/9590 8337/9585
f 8353/9587 8344/9591 8329/9592 8330/9588
f 8351/9593 8355/9579 8332/9582 8322/9594
f 8344/9591 8357/9595 8333/9596 8329/9592
f 8357/9595 8356/9597 8334/9598 8333/9596
f 8342/9599 8360/9575 8335/9578 8341/9600
f 8346/9601 8351/9593 8322/9594 8328/9602
f 8358/9603 8343/9604 8340/9605 8338/9606
f 8343/9604 8342/9599 8341/9600 8340/9605
f 8365/9607 8339/9608 8352/9609 8364/9610
f 8363/9611 8325/9612 8350/9613 8362/9614
f 8369/9615 8323/9616 8347/9617 8368/9618
f 8326/9619 8327/9590 8345/9589 8349/9620
f 8338/9606 8334/9598 8356/9597 8358/9603
f 8325/9612 8326/9619 8349/9620 8350/9613
f 8367/9621 8324/9622 8348/9623 8366/9624
f 8339/9608 8363/9611 8362/9614 8352/9609
f 8324/9622 8365/9607 8364/9610 8348/9623
f 8323/9616 8367/9621 8366/9624 8347/9617
f 8328/9602 8369/9615 8368/9618 8346/9601
f 8408/9625 8383/9626 8384/9627 8409/9628
f 8403/9629 8380/9630 8379/9631 8402/9632
f 8409/9633 8384/9634 8385/9635 8407/9636
f 8402/9632 8379/9631 8378/9637 8401/9638
f 8407/9636 8385/9635 8375/9639 8393/9640
f 8401/9638 8378/9637 8377/9641 8392/9642
f 8399/9643 8370/9644 8380/9630 8403/9629
f 8392/9642 8377/9641 8381/9645 8405/9646
f 8405/9646 8381/9645 8382/9647 8404/9648
f 8390/9649 8389/9650 8383/9626 8408/9625
f 8394/9651 8376/9652 8370/9644 8399/9643
f 8406/9653 8386/9654 8388/9655 8391/9656
f 8391/9656 8388/9655 8389/9650 8390/9649
f 8413/9657 8412/9658 8400/9659 8387/9660
f 8411/9661 8410/9662 8398/9663 8373/9664
f 8417/9665 8416/9666 8395/9667 8371/9668
f 8374/9669 8397/9670 8393/9640 8375/9639
f 8386/9654 8406/9653 8404/9648 8382/9647
f 8373/9664 8398/9663 8397/9670 8374/9669
f 8415/9671 8414/9672 8396/9673 8372/9674
f 8387/9660 8400/9659 8410/9662 8411/9661
f 8372/9674 8396/9673 8412/9658 8413/9657
f 8371/9668 8395/9667 8414/9672 8415/9671
f 8376/9652 8394/9651 8416/9666 8417/9665
f 8357/9595 8344/9591 8420/9675 8433/9676
f 8345/9589 8359/9584 8435/9677 8421/9678
f 8359/9584 8361/9583 8437/9679 8435/9677
f 8361/9576 8360/9575 8436/9680 8437/9681
f 8353/9587 8354/9580 8430/9682 8429/9683
f 8349/9620 8345/9589 8421/9678 8425/9684
f 8347/9617 8366/9624 8440/9685 8423/9686
f 8352/9609 8362/9614 8438/9687 8428/9688
f 8354/9580 8355/9579 8431/9689 8430/9682
f 8351/9593 8346/9601 8422/9690 8427/9691
f 8360/9575 8342/9599 8418/9692 8436/9680
f 8358/9603 8356/9597 8432/9693 8434/9694
f 8368/9618 8347/9617 8423/9686 8441/9695
f 8356/9597 8357/9595 8433/9676 8432/9693
f 8362/9614 8350/9613 8426/9696 8438/9687
f 8366/9624 8348/9623 8424/9697 8440/9685
f 8350/9613 8349/9620 8425/9684 8426/9696
f 8342/9599 8343/9604 8419/9698 8418/9692
f 8343/9604 8358/9603 8434/9694 8419/9698
f 8355/9579 8351/9593 8427/9691 8431/9689
f 8346/9601 8368/9618 8441/9695 8422/9690
f 8348/9623 8364/9610 8439/9699 8424/9697
f 8344/9591 8353/9587 8429/9683 8420/9675
f 8364/9610 8352/9609 8428/9688 8439/9699
f 8422/9690 8441/9695 8465/9700 8446/9701
f 8440/9685 8424/9697 8448/9702 8464/9703
f 8421/9678 8435/9677 8459/9704 8445/9705
f 8425/9684 8421/9678 8445/9705 8449/9706
f 8431/9689 8427/9691 8451/9707 8455/9708
f 8432/9693 8433/9676 8457/9709 8456/9710
f 8427/9691 8422/9690 8446/9701 8451/9707
f 8439/9699 8428/9688 8452/9711 8463/9712
f 8429/9683 8430/9682 8454/9713 8453/9714
f 8418/9692 8419/9698 8443/9715 8442/9716
f 8435/9677 8437/9679 8461/9717 8459/9704
f 8430/9682 8431/9689 8455/9708 8454/9713
f 8420/9675 8429/9683 8453/9714 8444/9718
f 8428/9688 8438/9687 8462/9719 8452/9711
f 8438/9687 8426/9696 8450/9720 8462/9719
f 8441/9695 8423/9686 8447/9721 8465/9700
f 8426/9696 8425/9684 8449/9706 8450/9720
f 8424/9697 8439/9699 8463/9712 8448/9702
f 8436/9680 8418/9692 8442/9716 8460/9722
f 8437/9681 8436/9680 8460/9722 8461/9723
f 8423/9686 8440/9685 8464/9703 8447/9721
f 8434/9694 8432/9693 8456/9710 8458/9724
f 8419/9698 8434/9694 8458/9724 8443/9715
f 8433/9676 8420/9675 8444/9718 8457/9709
f 8402/9632 8401/9638 8477/9725 8478/9726
f 8393/9640 8397/9670 8473/9727 8469/9728
f 8414/9672 8395/9667 8471/9729 8488/9730
f 8410/9662 8400/9659 8476/9731 8486/9732
f 8403/9629 8402/9632 8478/9726 8479/9733
f 8394/9651 8399/9643 8475/9734 8470/9735
f 8390/9649 8408/9625 8484/9736 8466/9737
f 8404/9648 8406/9653 8482/9738 8480/9739
f 8395/9667 8416/9666 8489/9740 8471/9729
f 8405/9646 8404/9648 8480/9739 8481/9741
f 8398/9663 8410/9662 8486/9732 8474/9742
f 8396/9673 8414/9672 8488/9730 8472/9743
f 8397/9670 8398/9663 8474/9742 8473/9727
f 8391/9656 8390/9649 8466/9737 8467/9744
f 8406/9653 8391/9656 8467/9744 8482/9738
f 8399/9643 8403/9629 8479/9733 8475/9734
f 8416/9666 8394/9651 8470/9735 8489/9740
f 8412/9658 8396/9673 8472/9743 8487/9745
f 8401/9638 8392/9642 8468/9746 8477/9725
f 8400/9659 8412/9658 8487/9745 8476/9731
f 8392/9642 8405/9646 8481/9741 8468/9746
f 8407/9636 8393/9640 8469/9728 8483/9747
f 8409/9633 8407/9636 8483/9747 8485/9748
f 8408/9625 8409/9628 8485/9749 8484/9736
f 8472/9743 8488/9730 8512/9750 8496/9751
f 8483/9747 8469/9728 8493/9752 8507/9753
f 8469/9728 8473/9727 8497/9754 8493/9752
f 8475/9734 8479/9733 8503/9755 8499/9756
f 8481/9741 8480/9739 8504/9757 8505/9758
f 8470/9735 8475/9734 8499/9756 8494/9759
f 8476/9731 8487/9745 8511/9760 8500/9761
f 8478/9726 8477/9725 8501/9762 8502/9763
f 8467/9744 8466/9737 8490/9764 8491/9765
f 8485/9748 8483/9747 8507/9753 8509/9766
f 8479/9733 8478/9726 8502/9763 8503/9755
f 8477/9725 8468/9746 8492/9767 8501/9762
f 8486/9732 8476/9731 8500/9761 8510/9768
f 8474/9742 8486/9732 8510/9768 8498/9769
f 8471/9729 8489/9740 8513/9770 8495/9771
f 8473/9727 8474/9742 8498/9769 8497/9754
f 8487/9745 8472/9743 8496/9751 8511/9760
f 8466/9737 8484/9736 8508/9772 8490/9764
f 8484/9736 8485/9749 8509/9773 8508/9772
f 8488/9730 8471/9729 8495/9771 8512/9750
f 8480/9739 8482/9738 8506/9774 8504/9757
f 8482/9738 8467/9744 8491/9765 8506/9774
f 8468/9746 8481/9741 8505/9758 8492/9767
f 8489/9740 8470/9735 8494/9759 8513/9770
f 8523/9775 8522/9776 8521/9777 8516/9778
f 8525/9779 8524/9780 8519/9781 8520/9782
f 8524/9780 8523/9775 8516/9778 8519/9781
f 8522/9776 8526/9783 8518/9784 8521/9777
f 8526/9783 8527/9785 8517/9786 8518/9784
f 8527/9785 8525/9779 8520/9782 8517/9786
f 3355/9787 8514/9788 8525/9789 8527/9790
f 3356/2362 3355/9787 8527/9790 8526/9791
f 8515/2363 3356/2362 8526/9791 8522/9792
f 3363/1983 3348/1982 8523/9793 8524/9794
f 8514/4171 3363/1983 8524/9794 8525/9795
f 3348/1982 8515/2363 8522/9792 8523/9793